Datetime,Month,Average Fish Weight (g),Survival Rate (%),Disease Occurrence (Cases),Temperature (°C),Dissolved Oxygen (mg/L),pH,Turbidity (NTU),Month_Num,month_x,Oxygenation Interventions,Corrective Interventions,Average Temperature (°C),High Temperature (°C),Low Temperature (°C),Precipitation (inches),month_y,day,hour,oxigeno_scaled,ph,turbidez,Oxygenation Automatic,Corrective Measures,Thermal Risk Index,Low Oxygen Alert,Health Status
2024-01-01 00:00:00,January,275.82,95.27,2,27.47,6.34,7.98,3.3,1,1,0,0,29.1,33.9,24.1,0.51,1,1,0,8.355272597,0.3878984174,0.02050501722,Yes,No,Normal,Safe,Stable
2024-01-01 01:00:00,January,275.82,95.27,2,27.47,6.34,7.98,3.3,1,1,0,0,29.1,33.9,24.1,0.51,1,1,1,8.256396757,0.3439496398,0.1085607109,No,No,Normal,Safe,Stable
2024-01-01 02:00:00,January,275.82,95.27,2,27.47,6.34,7.98,3.3,1,1,1,0,29.1,33.9,24.1,0.51,1,1,2,8.511549168,0.3652846677,0.4104567232,Yes,No,Normal,Safe,Stable
2024-01-01 03:00:00,January,275.82,95.27,2,27.47,6.34,7.98,3.3,1,1,0,0,29.1,33.9,24.1,0.51,1,1,3,8.362300878,0.1896012895,0.8912168987,No,No,Normal,Safe,Stable
2024-01-01 04:00:00,January,275.82,95.27,2,27.47,6.34,7.98,3.3,1,1,0,0,29.1,33.9,24.1,0.51,1,1,4,8.003349944,0.3187749757,0.9366141691,Yes,No,Normal,Safe,Stable
2024-01-01 05:00:00,January,275.82,95.27,2,27.47,6.34,7.98,3.3,1,1,0,0,29.1,33.9,24.1,0.51,1,1,5,8.1188623,0.4086808225,0.01686536218,No,No,Normal,Safe,Stable
2024-01-01 06:00:00,January,275.82,95.27,2,27.47,6.34,7.98,3.3,1,1,0,0,29.1,33.9,24.1,0.51,1,1.052631579,4.736842105,8.1268231,0.4080534545,0.01603988501,Yes,No,Normal,Safe,Stable
2024-01-01 07:00:00,January,275.82,95.27,2,27.47,6.34,7.98,3.3,1,1,0,0,29.1,33.9,24.1,0.51,1,1.105263158,4.473684211,8.134783899,0.4074260866,0.01521440785,No,No,Normal,Safe,Stable
2024-01-01 08:00:00,January,275.82,95.27,2,27.47,6.34,7.98,3.3,1,1,0,0,29.1,33.9,24.1,0.51,1,1.157894737,4.210526316,8.142744698,0.4067987187,0.01438893068,Yes,No,Normal,Safe,Stable
2024-01-01 09:00:00,January,275.82,95.27,2,27.47,6.34,7.98,3.3,1,1,1,0,29.1,33.9,24.1,0.51,1,1.210526316,3.947368421,8.150705498,0.4061713508,0.01356345351,No,No,Normal,Safe,Stable
2024-01-01 10:00:00,January,275.82,95.27,2,27.47,6.34,7.98,3.3,1,1,1,0,29.1,33.9,24.1,0.51,1,1.263157895,3.684210526,8.158666297,0.4055439828,0.01273797634,Yes,No,Normal,Safe,Stable
2024-01-01 11:00:00,January,275.82,95.27,2,27.47,6.34,7.98,3.3,1,1,0,0,29.1,33.9,24.1,0.51,1,1.315789474,3.421052632,8.166627096,0.4049166149,0.01191249917,No,No,Normal,Safe,Stable
2024-01-01 12:00:00,January,275.82,95.27,2,27.47,6.34,7.98,3.3,1,1,1,0,29.1,33.9,24.1,0.51,1,1.368421053,3.157894737,8.174587896,0.404289247,0.011087022,Yes,No,Normal,Safe,Stable
2024-01-01 13:00:00,January,275.82,95.27,2,27.47,6.34,7.98,3.3,1,1,0,0,29.1,33.9,24.1,0.51,1,1.421052632,2.894736842,8.182548695,0.4036618791,0.01026154483,No,No,Normal,Safe,Stable
2024-01-01 14:00:00,January,275.82,95.27,2,27.47,6.34,7.98,3.3,1,1,0,0,29.1,33.9,24.1,0.51,1,1.473684211,2.631578947,8.190509494,0.4030345111,0.009436067661,Yes,No,Normal,Safe,Stable
2024-01-01 15:00:00,January,275.82,95.27,2,27.47,6.34,7.98,3.3,1,1,1,0,29.1,33.9,24.1,0.51,1,1.526315789,2.368421053,8.198470294,0.4024071432,0.008610590492,No,No,Normal,Safe,Stable
2024-01-01 16:00:00,January,275.82,95.27,2,27.47,6.34,7.98,3.3,1,1,0,0,29.1,33.9,24.1,0.51,1,1.578947368,2.105263158,8.206431093,0.4017797753,0.007785113323,Yes,No,Normal,Safe,Stable
2024-01-01 17:00:00,January,275.82,95.27,2,27.47,6.34,7.98,3.3,1,1,0,0,29.1,33.9,24.1,0.51,1,1.631578947,1.842105263,8.214391892,0.4011524074,0.006959636154,No,No,Normal,Safe,Stable
2024-01-01 18:00:00,January,275.82,95.27,2,27.47,6.34,7.98,3.3,1,1,1,1,29.1,33.9,24.1,0.51,1,1.684210526,1.578947368,8.222352692,0.4005250395,0.006134158985,Yes,No,Normal,Safe,Stable
2024-01-01 19:00:00,January,275.82,95.27,2,27.47,6.34,7.98,3.3,1,1,0,0,29.1,33.9,24.1,0.51,1,1.736842105,1.315789474,8.230313491,0.3998976715,0.005308681816,No,No,Normal,Safe,Stable
2024-01-01 20:00:00,January,275.82,95.27,2,27.47,6.34,7.98,3.3,1,1,0,0,29.1,33.9,24.1,0.51,1,1.789473684,1.052631579,8.23827429,0.3992703036,0.004483204647,Yes,No,Normal,Safe,Stable
2024-01-01 21:00:00,January,275.82,95.27,2,27.47,6.34,7.98,3.3,1,1,0,0,29.1,33.9,24.1,0.51,1,1.842105263,0.7894736842,8.24623509,0.3986429357,0.003657727478,No,No,Normal,Safe,Stable
2024-01-01 22:00:00,January,275.82,95.27,2,27.47,6.34,7.98,3.3,1,1,0,0,29.1,33.9,24.1,0.51,1,1.894736842,0.5263157895,8.254195889,0.3980155678,0.002832250309,Yes,No,Normal,Safe,Stable
2024-01-01 23:00:00,January,275.82,95.27,2,27.47,6.34,7.98,3.3,1,1,0,0,29.1,33.9,24.1,0.51,1,1.947368421,0.2631578947,8.262156688,0.3973881998,0.002006773139,No,No,Normal,Safe,Stable
2024-01-02 00:00:00,January,275.82,95.27,2,27.47,6.34,7.98,3.3,1,1,0,0,29.1,33.9,24.1,0.51,1,2,0,8.270117488,0.3967608319,0.00118129597,Yes,No,Normal,Safe,Stable
2024-01-02 01:00:00,January,275.82,95.27,2,27.47,6.34,7.98,3.3,1,1,1,1,29.1,33.9,24.1,0.51,1,2,1,8.303002618,0.34164158,0.1097108512,No,No,Normal,Safe,Stable
2024-01-02 02:00:00,January,275.82,95.27,2,27.47,6.34,7.98,3.3,1,1,0,0,29.1,33.9,24.1,0.51,1,2,2,8.114214626,0.9822944391,0.04626465934,Yes,No,Normal,Safe,Stable
2024-01-02 03:00:00,January,275.82,95.27,2,27.47,6.34,7.98,3.3,1,1,1,0,29.1,33.9,24.1,0.51,1,2,3,8.187491775,0.1698006128,0.8637055815,No,No,Normal,Safe,Stable
2024-01-02 04:00:00,January,275.82,95.27,2,27.47,6.34,7.98,3.3,1,1,0,0,29.1,33.9,24.1,0.51,1,2,4,8.213356912,0.3273383799,0.8897142275,Yes,No,Normal,Safe,Stable
2024-01-02 05:00:00,January,275.82,95.27,2,27.47,6.34,7.98,3.3,1,1,1,0,29.1,33.9,24.1,0.51,1,2,5,8.059883108,0.9901612749,0.00587115833,No,No,Normal,Safe,Stable
2024-01-02 06:00:00,January,275.82,95.27,2,27.47,6.34,7.98,3.3,1,1,0,0,29.1,33.9,24.1,0.51,1,2.052631579,4.736842105,8.04986271,0.9586653983,0.006436928892,Yes,No,Normal,Safe,Stable
2024-01-02 07:00:00,January,275.82,95.27,2,27.47,6.34,7.98,3.3,1,1,1,1,29.1,33.9,24.1,0.51,1,2.105263158,4.473684211,8.039842313,0.9271695217,0.007002699455,No,No,Normal,Safe,Stable
2024-01-02 08:00:00,January,275.82,95.27,2,27.47,6.34,7.98,3.3,1,1,1,0,29.1,33.9,24.1,0.51,1,2.157894737,4.210526316,8.029821915,0.8956736451,0.007568470018,Yes,No,Normal,Safe,Stable
2024-01-02 09:00:00,January,275.82,95.27,2,27.47,6.34,7.98,3.3,1,1,0,0,29.1,33.9,24.1,0.51,1,2.210526316,3.947368421,8.019801518,0.8641777685,0.00813424058,No,No,Normal,Safe,Stable
2024-01-02 10:00:00,January,275.82,95.27,2,27.47,6.34,7.98,3.3,1,1,0,0,29.1,33.9,24.1,0.51,1,2.263157895,3.684210526,8.00978112,0.8326818918,0.008700011143,Yes,No,Normal,Safe,Stable
2024-01-02 11:00:00,January,275.82,95.27,2,27.47,6.34,7.98,3.3,1,1,0,1,29.1,33.9,24.1,0.51,1,2.315789474,3.421052632,7.999760723,0.8011860152,0.009265781706,No,No,Normal,Safe,Stable
2024-01-02 12:00:00,January,275.82,95.27,2,27.47,6.34,7.98,3.3,1,1,0,0,29.1,33.9,24.1,0.51,1,2.368421053,3.157894737,7.989740325,0.7696901386,0.009831552269,Yes,No,Normal,Safe,Stable
2024-01-02 13:00:00,January,275.82,95.27,2,27.47,6.34,7.98,3.3,1,1,0,0,29.1,33.9,24.1,0.51,1,2.421052632,2.894736842,7.979719928,0.738194262,0.01039732283,No,No,Normal,Safe,Stable
2024-01-02 14:00:00,January,275.82,95.27,2,27.47,6.34,7.98,3.3,1,1,1,0,29.1,33.9,24.1,0.51,1,2.473684211,2.631578947,7.96969953,0.7066983854,0.01096309339,Yes,No,Normal,Safe,Stable
2024-01-02 15:00:00,January,275.82,95.27,2,27.47,6.34,7.98,3.3,1,1,0,1,29.1,33.9,24.1,0.51,1,2.526315789,2.368421053,7.959679133,0.6752025087,0.01152886396,No,No,Normal,Safe,Stable
2024-01-02 16:00:00,January,275.82,95.27,2,27.47,6.34,7.98,3.3,1,1,0,0,29.1,33.9,24.1,0.51,1,2.578947368,2.105263158,7.949658735,0.6437066321,0.01209463452,Yes,No,Normal,Safe,Stable
2024-01-02 17:00:00,January,275.82,95.27,2,27.47,6.34,7.98,3.3,1,1,0,0,29.1,33.9,24.1,0.51,1,2.631578947,1.842105263,7.939638338,0.6122107555,0.01266040508,No,No,Normal,Safe,Stable
2024-01-02 18:00:00,January,275.82,95.27,2,27.47,6.34,7.98,3.3,1,1,0,0,29.1,33.9,24.1,0.51,1,2.684210526,1.578947368,7.92961794,0.5807148789,0.01322617564,Yes,No,Normal,Safe,Stable
2024-01-02 19:00:00,January,275.82,95.27,2,27.47,6.34,7.98,3.3,1,1,0,0,29.1,33.9,24.1,0.51,1,2.736842105,1.315789474,7.919597543,0.5492190023,0.01379194621,No,No,Normal,Safe,Stable
2024-01-02 20:00:00,January,275.82,95.27,2,27.47,6.34,7.98,3.3,1,1,1,0,29.1,33.9,24.1,0.51,1,2.789473684,1.052631579,7.909577145,0.5177231257,0.01435771677,Yes,No,Normal,Safe,Stable
2024-01-02 21:00:00,January,275.82,95.27,2,27.47,6.34,7.98,3.3,1,1,0,1,29.1,33.9,24.1,0.51,1,2.842105263,0.7894736842,7.899556748,0.486227249,0.01492348733,No,No,Normal,Safe,Stable
2024-01-02 22:00:00,January,275.82,95.27,2,27.47,6.34,7.98,3.3,1,1,1,0,29.1,33.9,24.1,0.51,1,2.894736842,0.5263157895,7.88953635,0.4547313724,0.0154892579,Yes,No,Normal,Safe,Stable
2024-01-02 23:00:00,January,275.82,95.27,2,27.47,6.34,7.98,3.3,1,1,1,0,29.1,33.9,24.1,0.51,1,2.947368421,0.2631578947,7.879515953,0.4232354958,0.01605502846,No,No,Normal,Safe,Stable
2024-01-03 00:00:00,January,275.82,95.27,2,27.47,6.34,7.98,3.3,1,1,0,1,29.1,33.9,24.1,0.51,1,3,0,7.869495556,0.3917396192,0.01662079902,Yes,No,Normal,Safe,Stable
2024-01-03 01:00:00,January,275.82,95.27,2,27.47,6.34,7.98,3.3,1,1,0,0,29.1,33.9,24.1,0.51,1,3,1,8.193421109,0.3245286089,0.1202890514,No,No,Normal,Safe,Stable
2024-01-03 02:00:00,January,275.82,95.27,2,27.47,6.34,7.98,3.3,1,1,0,0,29.1,33.9,24.1,0.51,1,3,2,8.054784318,0.3324472862,0.4305834153,Yes,No,Normal,Safe,Stable
2024-01-03 03:00:00,January,275.82,95.27,2,27.47,6.34,7.98,3.3,1,1,0,0,29.1,33.9,24.1,0.51,1,3,3,8.373725178,0.2626304528,1.012809636,No,No,Normal,Safe,Stable
2024-01-03 04:00:00,January,275.82,95.27,2,27.47,6.34,7.98,3.3,1,1,0,0,29.1,33.9,24.1,0.51,1,3,4,7.972557869,0.327818302,0.9799686938,Yes,No,Normal,Safe,Stable
2024-01-03 05:00:00,January,275.82,95.27,2,27.47,6.34,7.98,3.3,1,1,0,0,29.1,33.9,24.1,0.51,1,3,5,7.96921326,0.4003854262,-0.02922677269,No,No,Normal,Safe,Stable
2024-01-03 06:00:00,January,275.82,95.27,2,27.47,6.34,7.98,3.3,1,1,0,0,29.1,33.9,24.1,0.51,1,3.052631579,4.736842105,7.969569362,0.4002701419,-0.02484578155,Yes,No,Normal,Safe,Stable
2024-01-03 07:00:00,January,275.82,95.27,2,27.47,6.34,7.98,3.3,1,1,0,1,29.1,33.9,24.1,0.51,1,3.105263158,4.473684211,7.969925464,0.4001548576,-0.02046479042,No,No,Normal,Safe,Stable
2024-01-03 08:00:00,January,275.82,95.27,2,27.47,6.34,7.98,3.3,1,1,0,0,29.1,33.9,24.1,0.51,1,3.157894737,4.210526316,7.970281565,0.4000395733,-0.01608379928,Yes,No,Normal,Safe,Stable
2024-01-03 09:00:00,January,275.82,95.27,2,27.47,6.34,7.98,3.3,1,1,0,1,29.1,33.9,24.1,0.51,1,3.210526316,3.947368421,7.970637667,0.399924289,-0.01170280815,No,No,Normal,Safe,Stable
2024-01-03 10:00:00,January,275.82,95.27,2,27.47,6.34,7.98,3.3,1,1,0,0,29.1,33.9,24.1,0.51,1,3.263157895,3.684210526,7.970993769,0.3998090047,-0.007321817016,Yes,No,Normal,Safe,Stable
2024-01-03 11:00:00,January,275.82,95.27,2,27.47,6.34,7.98,3.3,1,1,0,0,29.1,33.9,24.1,0.51,1,3.315789474,3.421052632,7.971349871,0.3996937204,-0.002940825882,No,No,Normal,Safe,Stable
2024-01-03 12:00:00,January,275.82,95.27,2,27.47,6.34,7.98,3.3,1,1,0,0,29.1,33.9,24.1,0.51,1,3.368421053,3.157894737,7.971705972,0.3995784361,0.001440165252,Yes,No,Normal,Safe,Stable
2024-01-03 13:00:00,January,275.82,95.27,2,27.47,6.34,7.98,3.3,1,1,0,0,29.1,33.9,24.1,0.51,1,3.421052632,2.894736842,7.972062074,0.3994631518,0.005821156387,No,No,Normal,Safe,Stable
2024-01-03 14:00:00,January,275.82,95.27,2,27.47,6.34,7.98,3.3,1,1,0,0,29.1,33.9,24.1,0.51,1,3.473684211,2.631578947,7.972418176,0.3993478675,0.01020214752,Yes,No,Normal,Safe,Stable
2024-01-03 15:00:00,January,275.82,95.27,2,27.47,6.34,7.98,3.3,1,1,0,0,29.1,33.9,24.1,0.51,1,3.526315789,2.368421053,7.972774278,0.3992325832,0.01458313866,No,No,Normal,Safe,Stable
2024-01-03 16:00:00,January,275.82,95.27,2,27.47,6.34,7.98,3.3,1,1,0,0,29.1,33.9,24.1,0.51,1,3.578947368,2.105263158,7.973130379,0.3991172989,0.01896412979,Yes,No,Normal,Safe,Stable
2024-01-03 17:00:00,January,275.82,95.27,2,27.47,6.34,7.98,3.3,1,1,0,0,29.1,33.9,24.1,0.51,1,3.631578947,1.842105263,7.973486481,0.3990020145,0.02334512092,No,No,Normal,Safe,Stable
2024-01-03 18:00:00,January,275.82,95.27,2,27.47,6.34,7.98,3.3,1,1,0,0,29.1,33.9,24.1,0.51,1,3.684210526,1.578947368,7.973842583,0.3988867302,0.02772611206,Yes,No,Normal,Safe,Stable
2024-01-03 19:00:00,January,275.82,95.27,2,27.47,6.34,7.98,3.3,1,1,0,0,29.1,33.9,24.1,0.51,1,3.736842105,1.315789474,7.974198685,0.3987714459,0.03210710319,No,No,Normal,Safe,Stable
2024-01-03 20:00:00,January,275.82,95.27,2,27.47,6.34,7.98,3.3,1,1,0,0,29.1,33.9,24.1,0.51,1,3.789473684,1.052631579,7.974554786,0.3986561616,0.03648809433,Yes,No,Normal,Safe,Stable
2024-01-03 21:00:00,January,275.82,95.27,2,27.47,6.34,7.98,3.3,1,1,0,0,29.1,33.9,24.1,0.51,1,3.842105263,0.7894736842,7.974910888,0.3985408773,0.04086908546,No,No,Normal,Safe,Stable
2024-01-03 22:00:00,January,275.82,95.27,2,27.47,6.34,7.98,3.3,1,1,0,0,29.1,33.9,24.1,0.51,1,3.894736842,0.5263157895,7.97526699,0.398425593,0.04525007659,Yes,No,Normal,Safe,Stable
2024-01-03 23:00:00,January,275.82,95.27,2,27.47,6.34,7.98,3.3,1,1,0,0,29.1,33.9,24.1,0.51,1,3.947368421,0.2631578947,7.975623092,0.3983103087,0.04963106773,No,No,Normal,Safe,Stable
2024-01-04 00:00:00,January,275.82,95.27,2,27.47,6.34,7.98,3.3,1,1,0,1,29.1,33.9,24.1,0.51,1,4,0,7.975979193,0.3981950244,0.05401205886,Yes,No,Normal,Safe,Stable
2024-01-04 01:00:00,January,275.82,95.27,2,27.47,6.34,7.98,3.3,1,1,0,0,29.1,33.9,24.1,0.51,1,4,1,8.496571055,0.3155531255,0.1437024429,No,No,Normal,Safe,Stable
2024-01-04 02:00:00,January,275.82,95.27,2,27.47,6.34,7.98,3.3,1,1,0,0,29.1,33.9,24.1,0.51,1,4,2,7.921412339,0.9712019467,-0.01546241132,Yes,No,Normal,Safe,Stable
2024-01-04 03:00:00,January,275.82,95.27,2,27.47,6.34,7.98,3.3,1,1,0,1,29.1,33.9,24.1,0.51,1,4,3,7.895169844,0.2431833415,0.8959751951,No,No,Normal,Safe,Stable
2024-01-04 04:00:00,January,275.82,95.27,2,27.47,6.34,7.98,3.3,1,1,0,0,29.1,33.9,24.1,0.51,1,4,4,7.86994796,0.9504365474,-0.02349525614,Yes,No,Normal,Safe,Stable
2024-01-04 05:00:00,January,275.82,95.27,2,27.47,6.34,7.98,3.3,1,1,1,0,29.1,33.9,24.1,0.51,1,4,5,8.267003439,0.3725620316,0.02603566431,No,No,Normal,Safe,Stable
2024-01-04 06:00:00,January,275.82,95.27,2,27.47,6.34,7.98,3.3,1,1,0,0,29.1,33.9,24.1,0.51,1,4.052631579,4.736842105,8.280366233,0.3729598638,0.02688240024,Yes,No,Normal,Safe,Stable
2024-01-04 07:00:00,January,275.82,95.27,2,27.47,6.34,7.98,3.3,1,1,0,0,29.1,33.9,24.1,0.51,1,4.105263158,4.473684211,8.293729027,0.373357696,0.02772913617,No,No,Normal,Safe,Stable
2024-01-04 08:00:00,January,275.82,95.27,2,27.47,6.34,7.98,3.3,1,1,0,0,29.1,33.9,24.1,0.51,1,4.157894737,4.210526316,8.307091822,0.3737555282,0.0285758721,Yes,No,Normal,Safe,Stable
2024-01-04 09:00:00,January,275.82,95.27,2,27.47,6.34,7.98,3.3,1,1,0,0,29.1,33.9,24.1,0.51,1,4.210526316,3.947368421,8.320454616,0.3741533604,0.02942260803,No,No,Normal,Safe,Stable
2024-01-04 10:00:00,January,275.82,95.27,2,27.47,6.34,7.98,3.3,1,1,0,0,29.1,33.9,24.1,0.51,1,4.263157895,3.684210526,8.33381741,0.3745511925,0.03026934396,Yes,No,Normal,Safe,Stable
2024-01-04 11:00:00,January,275.82,95.27,2,27.47,6.34,7.98,3.3,1,1,0,0,29.1,33.9,24.1,0.51,1,4.315789474,3.421052632,8.347180204,0.3749490247,0.03111607989,No,No,Normal,Safe,Stable
2024-01-04 12:00:00,January,275.82,95.27,2,27.47,6.34,7.98,3.3,1,1,0,0,29.1,33.9,24.1,0.51,1,4.368421053,3.157894737,8.360542999,0.3753468569,0.03196281582,Yes,No,Normal,Safe,Stable
2024-01-04 13:00:00,January,275.82,95.27,2,27.47,6.34,7.98,3.3,1,1,0,0,29.1,33.9,24.1,0.51,1,4.421052632,2.894736842,8.373905793,0.3757446891,0.03280955175,No,No,Normal,Safe,Stable
2024-01-04 14:00:00,January,275.82,95.27,2,27.47,6.34,7.98,3.3,1,1,0,0,29.1,33.9,24.1,0.51,1,4.473684211,2.631578947,8.387268587,0.3761425213,0.03365628768,Yes,No,Normal,Safe,Stable
2024-01-04 15:00:00,January,275.82,95.27,2,27.47,6.34,7.98,3.3,1,1,0,0,29.1,33.9,24.1,0.51,1,4.526315789,2.368421053,8.400631381,0.3765403534,0.03450302361,No,No,Normal,Safe,Stable
2024-01-04 16:00:00,January,275.82,95.27,2,27.47,6.34,7.98,3.3,1,1,0,0,29.1,33.9,24.1,0.51,1,4.578947368,2.105263158,8.413994176,0.3769381856,0.03534975954,Yes,No,Normal,Safe,Stable
2024-01-04 17:00:00,January,275.82,95.27,2,27.47,6.34,7.98,3.3,1,1,1,0,29.1,33.9,24.1,0.51,1,4.631578947,1.842105263,8.42735697,0.3773360178,0.03619649547,No,No,Normal,Safe,Stable
2024-01-04 18:00:00,January,275.82,95.27,2,27.47,6.34,7.98,3.3,1,1,0,0,29.1,33.9,24.1,0.51,1,4.684210526,1.578947368,8.440719764,0.37773385,0.0370432314,Yes,No,Normal,Safe,Stable
2024-01-04 19:00:00,January,275.82,95.27,2,27.47,6.34,7.98,3.3,1,1,0,0,29.1,33.9,24.1,0.51,1,4.736842105,1.315789474,8.454082558,0.3781316822,0.03788996733,No,No,Normal,Safe,Stable
2024-01-04 20:00:00,January,275.82,95.27,2,27.47,6.34,7.98,3.3,1,1,1,1,29.1,33.9,24.1,0.51,1,4.789473684,1.052631579,8.467445352,0.3785295143,0.03873670326,Yes,No,Normal,Safe,Stable
2024-01-04 21:00:00,January,275.82,95.27,2,27.47,6.34,7.98,3.3,1,1,1,0,29.1,33.9,24.1,0.51,1,4.842105263,0.7894736842,8.480808147,0.3789273465,0.03958343919,No,No,Normal,Safe,Stable
2024-01-04 22:00:00,January,275.82,95.27,2,27.47,6.34,7.98,3.3,1,1,0,0,29.1,33.9,24.1,0.51,1,4.894736842,0.5263157895,8.494170941,0.3793251787,0.04043017512,Yes,No,Normal,Safe,Stable
2024-01-04 23:00:00,January,275.82,95.27,2,27.47,6.34,7.98,3.3,1,1,0,0,29.1,33.9,24.1,0.51,1,4.947368421,0.2631578947,8.507533735,0.3797230109,0.04127691105,No,No,Normal,Safe,Stable
2024-01-05 00:00:00,January,275.82,95.27,2,27.47,6.34,7.98,3.3,1,1,0,0,29.1,33.9,24.1,0.51,1,5,0,8.520896529,0.3801208431,0.04212364698,Yes,No,Normal,Safe,Stable
2024-01-05 01:00:00,January,275.82,95.27,2,27.47,6.34,7.98,3.3,1,1,0,0,29.1,33.9,24.1,0.51,1,5,1,8.053973886,0.2990320658,0.1154672187,No,No,Normal,Safe,Stable
2024-01-05 02:00:00,January,275.82,95.27,2,27.47,6.34,7.98,3.3,1,1,0,0,29.1,33.9,24.1,0.51,1,5,2,7.676124332,0.9067701066,0.006865466101,Yes,No,Normal,Safe,Stable
2024-01-05 03:00:00,January,275.82,95.27,2,27.47,6.34,7.98,3.3,1,1,1,0,29.1,33.9,24.1,0.51,1,5,3,8.11733496,0.263340837,0.8108619392,No,No,Normal,Safe,Stable
2024-01-05 04:00:00,January,275.82,95.27,2,27.47,6.34,7.98,3.3,1,1,1,0,29.1,33.9,24.1,0.51,1,5,4,8.063669555,0.2303701429,0.9817036581,Yes,No,Normal,Safe,Stable
2024-01-05 05:00:00,January,275.82,95.27,2,27.47,6.34,7.98,3.3,1,1,0,1,29.1,33.9,24.1,0.51,1,5,5,8.395035225,0.4101723312,0.04482575593,No,No,Normal,Safe,Stable
2024-01-05 06:00:00,January,275.82,95.27,2,27.47,6.34,7.98,3.3,1,1,0,0,29.1,33.9,24.1,0.51,1,5.052631579,4.736842105,8.38039387,0.4090462154,0.04384812076,Yes,No,Normal,Safe,Stable
2024-01-05 07:00:00,January,275.82,95.27,2,27.47,6.34,7.98,3.3,1,1,0,0,29.1,33.9,24.1,0.51,1,5.105263158,4.473684211,8.365752514,0.4079200997,0.04287048559,No,No,Normal,Safe,Stable
2024-01-05 08:00:00,January,275.82,95.27,2,27.47,6.34,7.98,3.3,1,1,0,0,29.1,33.9,24.1,0.51,1,5.157894737,4.210526316,8.351111159,0.4067939839,0.04189285041,Yes,No,Normal,Safe,Stable
2024-01-05 09:00:00,January,275.82,95.27,2,27.47,6.34,7.98,3.3,1,1,0,0,29.1,33.9,24.1,0.51,1,5.210526316,3.947368421,8.336469804,0.4056678682,0.04091521524,No,No,Normal,Safe,Stable
2024-01-05 10:00:00,January,275.82,95.27,2,27.47,6.34,7.98,3.3,1,1,0,0,29.1,33.9,24.1,0.51,1,5.263157895,3.684210526,8.321828448,0.4045417524,0.03993758007,Yes,No,Normal,Safe,Stable
2024-01-05 11:00:00,January,275.82,95.27,2,27.47,6.34,7.98,3.3,1,1,1,0,29.1,33.9,24.1,0.51,1,5.315789474,3.421052632,8.307187093,0.4034156367,0.03895994489,No,No,Normal,Safe,Stable
2024-01-05 12:00:00,January,275.82,95.27,2,27.47,6.34,7.98,3.3,1,1,0,0,29.1,33.9,24.1,0.51,1,5.368421053,3.157894737,8.292545738,0.4022895209,0.03798230972,Yes,No,Normal,Safe,Stable
2024-01-05 13:00:00,January,275.82,95.27,2,27.47,6.34,7.98,3.3,1,1,1,0,29.1,33.9,24.1,0.51,1,5.421052632,2.894736842,8.277904382,0.4011634052,0.03700467455,No,No,Normal,Safe,Stable
2024-01-05 14:00:00,January,275.82,95.27,2,27.47,6.34,7.98,3.3,1,1,0,1,29.1,33.9,24.1,0.51,1,5.473684211,2.631578947,8.263263027,0.4000372894,0.03602703937,Yes,No,Normal,Safe,Stable
2024-01-05 15:00:00,January,275.82,95.27,2,27.47,6.34,7.98,3.3,1,1,0,0,29.1,33.9,24.1,0.51,1,5.526315789,2.368421053,8.248621672,0.3989111737,0.0350494042,No,No,Normal,Safe,Stable
2024-01-05 16:00:00,January,275.82,95.27,2,27.47,6.34,7.98,3.3,1,1,0,1,29.1,33.9,24.1,0.51,1,5.578947368,2.105263158,8.233980317,0.3977850579,0.03407176903,Yes,No,Normal,Safe,Stable
2024-01-05 17:00:00,January,275.82,95.27,2,27.47,6.34,7.98,3.3,1,1,0,0,29.1,33.9,24.1,0.51,1,5.631578947,1.842105263,8.219338961,0.3966589422,0.03309413385,No,No,Normal,Safe,Stable
2024-01-05 18:00:00,January,275.82,95.27,2,27.47,6.34,7.98,3.3,1,1,0,0,29.1,33.9,24.1,0.51,1,5.684210526,1.578947368,8.204697606,0.3955328264,0.03211649868,Yes,No,Normal,Safe,Stable
2024-01-05 19:00:00,January,275.82,95.27,2,27.47,6.34,7.98,3.3,1,1,0,0,29.1,33.9,24.1,0.51,1,5.736842105,1.315789474,8.190056251,0.3944067107,0.03113886351,No,No,Normal,Safe,Stable
2024-01-05 20:00:00,January,275.82,95.27,2,27.47,6.34,7.98,3.3,1,1,1,0,29.1,33.9,24.1,0.51,1,5.789473684,1.052631579,8.175414895,0.3932805949,0.03016122833,Yes,No,Normal,Safe,Stable
2024-01-05 21:00:00,January,275.82,95.27,2,27.47,6.34,7.98,3.3,1,1,0,0,29.1,33.9,24.1,0.51,1,5.842105263,0.7894736842,8.16077354,0.3921544792,0.02918359316,No,No,Normal,Safe,Stable
2024-01-05 22:00:00,January,275.82,95.27,2,27.47,6.34,7.98,3.3,1,1,0,0,29.1,33.9,24.1,0.51,1,5.894736842,0.5263157895,8.146132185,0.3910283634,0.02820595799,Yes,No,Normal,Safe,Stable
2024-01-05 23:00:00,January,275.82,95.27,2,27.47,6.34,7.98,3.3,1,1,0,0,29.1,33.9,24.1,0.51,1,5.947368421,0.2631578947,8.13149083,0.3899022477,0.02722832281,No,No,Normal,Safe,Stable
2024-01-06 00:00:00,January,275.82,95.27,2,27.47,6.34,7.98,3.3,1,1,1,0,29.1,33.9,24.1,0.51,1,6,0,8.116849474,0.3887761319,0.02625068764,Yes,No,Normal,Safe,Stable
2024-01-06 01:00:00,January,275.82,95.27,2,27.47,6.34,7.98,3.3,1,1,0,0,29.1,33.9,24.1,0.51,1,6,1,8.341965477,0.3693409969,0.108491323,No,No,Normal,Safe,Stable
2024-01-06 02:00:00,January,275.82,95.27,2,27.47,6.34,7.98,3.3,1,1,0,0,29.1,33.9,24.1,0.51,1,6,2,7.899817711,0.9749188697,-0.01164023685,Yes,No,Normal,Safe,Stable
2024-01-06 03:00:00,January,275.82,95.27,2,27.47,6.34,7.98,3.3,1,1,0,0,29.1,33.9,24.1,0.51,1,6,3,8.163357846,0.4319333655,0.06084995487,No,No,Normal,Safe,Stable
2024-01-06 04:00:00,January,275.82,95.27,2,27.47,6.34,7.98,3.3,1,1,1,0,29.1,33.9,24.1,0.51,1,6,4,8.013552675,0.9499329946,0.01973363708,Yes,No,Normal,Safe,Stable
2024-01-06 05:00:00,January,275.82,95.27,2,27.47,6.34,7.98,3.3,1,1,0,0,29.1,33.9,24.1,0.51,1,6,5,8.23628062,0.3730873048,0.02851089087,No,No,Normal,Safe,Stable
2024-01-06 06:00:00,January,275.82,95.27,2,27.47,6.34,7.98,3.3,1,1,0,1,29.1,33.9,24.1,0.51,1,6.052631579,4.736842105,8.225605433,0.4056582826,0.02578192054,Yes,No,Normal,Safe,Stable
2024-01-06 07:00:00,January,275.82,95.27,2,27.47,6.34,7.98,3.3,1,1,0,0,29.1,33.9,24.1,0.51,1,6.105263158,4.473684211,8.214930246,0.4382292605,0.02305295021,No,No,Normal,Safe,Stable
2024-01-06 08:00:00,January,275.82,95.27,2,27.47,6.34,7.98,3.3,1,1,1,0,29.1,33.9,24.1,0.51,1,6.157894737,4.210526316,8.204255059,0.4708002383,0.02032397989,Yes,No,Normal,Safe,Stable
2024-01-06 09:00:00,January,275.82,95.27,2,27.47,6.34,7.98,3.3,1,1,0,0,29.1,33.9,24.1,0.51,1,6.210526316,3.947368421,8.193579872,0.5033712161,0.01759500956,No,No,Normal,Safe,Stable
2024-01-06 10:00:00,January,275.82,95.27,2,27.47,6.34,7.98,3.3,1,1,0,1,29.1,33.9,24.1,0.51,1,6.263157895,3.684210526,8.182904685,0.5359421939,0.01486603923,Yes,No,Normal,Safe,Stable
2024-01-06 11:00:00,January,275.82,95.27,2,27.47,6.34,7.98,3.3,1,1,0,0,29.1,33.9,24.1,0.51,1,6.315789474,3.421052632,8.172229498,0.5685131718,0.0121370689,No,No,Normal,Safe,Stable
2024-01-06 12:00:00,January,275.82,95.27,2,27.47,6.34,7.98,3.3,1,1,0,0,29.1,33.9,24.1,0.51,1,6.368421053,3.157894737,8.161554311,0.6010841496,0.009408098576,Yes,No,Normal,Safe,Stable
2024-01-06 13:00:00,January,275.82,95.27,2,27.47,6.34,7.98,3.3,1,1,0,0,29.1,33.9,24.1,0.51,1,6.421052632,2.894736842,8.150879124,0.6336551274,0.006679128248,No,No,Normal,Safe,Stable
2024-01-06 14:00:00,January,275.82,95.27,2,27.47,6.34,7.98,3.3,1,1,0,0,29.1,33.9,24.1,0.51,1,6.473684211,2.631578947,8.140203938,0.6662261052,0.003950157921,Yes,No,Normal,Safe,Stable
2024-01-06 15:00:00,January,275.82,95.27,2,27.47,6.34,7.98,3.3,1,1,1,0,29.1,33.9,24.1,0.51,1,6.526315789,2.368421053,8.129528751,0.6987970831,0.001221187593,No,No,Normal,Safe,Stable
2024-01-06 16:00:00,January,275.82,95.27,2,27.47,6.34,7.98,3.3,1,1,0,0,29.1,33.9,24.1,0.51,1,6.578947368,2.105263158,8.118853564,0.7313680609,-0.001507782735,Yes,No,Normal,Safe,Stable
2024-01-06 17:00:00,January,275.82,95.27,2,27.47,6.34,7.98,3.3,1,1,0,0,29.1,33.9,24.1,0.51,1,6.631578947,1.842105263,8.108178377,0.7639390387,-0.004236753063,No,No,Normal,Safe,Stable
2024-01-06 18:00:00,January,275.82,95.27,2,27.47,6.34,7.98,3.3,1,1,0,0,29.1,33.9,24.1,0.51,1,6.684210526,1.578947368,8.09750319,0.7965100165,-0.00696572339,Yes,No,Normal,Safe,Stable
2024-01-06 19:00:00,January,275.82,95.27,2,27.47,6.34,7.98,3.3,1,1,0,0,29.1,33.9,24.1,0.51,1,6.736842105,1.315789474,8.086828003,0.8290809943,-0.009694693718,No,No,Normal,Safe,Stable
2024-01-06 20:00:00,January,275.82,95.27,2,27.47,6.34,7.98,3.3,1,1,0,0,29.1,33.9,24.1,0.51,1,6.789473684,1.052631579,8.076152816,0.8616519722,-0.01242366405,Yes,No,Normal,Safe,Stable
2024-01-06 21:00:00,January,275.82,95.27,2,27.47,6.34,7.98,3.3,1,1,0,0,29.1,33.9,24.1,0.51,1,6.842105263,0.7894736842,8.065477629,0.89422295,-0.01515263437,No,No,Normal,Safe,Stable
2024-01-06 22:00:00,January,275.82,95.27,2,27.47,6.34,7.98,3.3,1,1,0,1,29.1,33.9,24.1,0.51,1,6.894736842,0.5263157895,8.054802443,0.9267939278,-0.0178816047,Yes,No,Normal,Safe,Stable
2024-01-06 23:00:00,January,275.82,95.27,2,27.47,6.34,7.98,3.3,1,1,0,0,29.1,33.9,24.1,0.51,1,6.947368421,0.2631578947,8.044127256,0.9593649056,-0.02061057503,No,No,Normal,Safe,Stable
2024-01-07 00:00:00,January,275.82,95.27,2,27.47,6.34,7.98,3.3,1,1,0,0,29.1,33.9,24.1,0.51,1,7,0,8.033452069,0.9919358835,-0.02333954536,Yes,No,Normal,Safe,Stable
2024-01-07 01:00:00,January,275.82,95.27,2,27.47,6.34,7.98,3.3,1,1,1,0,29.1,33.9,24.1,0.51,1,7,1,7.954908078,0.3279783118,0.1079668582,No,No,Normal,Safe,Stable
2024-01-07 02:00:00,January,275.82,95.27,2,27.47,6.34,7.98,3.3,1,1,1,0,29.1,33.9,24.1,0.51,1,7,2,8.050854807,0.9477336707,0.01662486304,Yes,No,Normal,Safe,Stable
2024-01-07 03:00:00,January,275.82,95.27,2,27.47,6.34,7.98,3.3,1,1,0,0,29.1,33.9,24.1,0.51,1,7,3,8.592279146,0.2396172974,0.8855938617,No,No,Normal,Safe,Stable
2024-01-07 04:00:00,January,275.82,95.27,2,27.47,6.34,7.98,3.3,1,1,1,0,29.1,33.9,24.1,0.51,1,7,4,7.957444678,0.9661142307,0.01373397616,Yes,No,Normal,Safe,Stable
2024-01-07 05:00:00,January,275.82,95.27,2,27.47,6.34,7.98,3.3,1,1,0,0,29.1,33.9,24.1,0.51,1,7,5,8.209043817,0.4016389524,-0.007359601619,No,No,Normal,Safe,Stable
2024-01-07 06:00:00,January,275.82,95.27,2,27.47,6.34,7.98,3.3,1,1,0,0,29.1,33.9,24.1,0.51,1,7.052631579,4.736842105,8.213185386,0.4011303881,-0.00679722385,Yes,No,Normal,Safe,Stable
2024-01-07 07:00:00,January,275.82,95.27,2,27.47,6.34,7.98,3.3,1,1,0,0,29.1,33.9,24.1,0.51,1,7.105263158,4.473684211,8.217326956,0.4006218238,-0.006234846081,No,No,Normal,Safe,Stable
2024-01-07 08:00:00,January,275.82,95.27,2,27.47,6.34,7.98,3.3,1,1,0,0,29.1,33.9,24.1,0.51,1,7.157894737,4.210526316,8.221468525,0.4001132596,-0.005672468313,Yes,No,Normal,Safe,Stable
2024-01-07 09:00:00,January,275.82,95.27,2,27.47,6.34,7.98,3.3,1,1,0,0,29.1,33.9,24.1,0.51,1,7.210526316,3.947368421,8.225610095,0.3996046953,-0.005110090544,No,No,Normal,Safe,Stable
2024-01-07 10:00:00,January,275.82,95.27,2,27.47,6.34,7.98,3.3,1,1,0,0,29.1,33.9,24.1,0.51,1,7.263157895,3.684210526,8.229751665,0.399096131,-0.004547712775,Yes,No,Normal,Safe,Stable
2024-01-07 11:00:00,January,275.82,95.27,2,27.47,6.34,7.98,3.3,1,1,1,0,29.1,33.9,24.1,0.51,1,7.315789474,3.421052632,8.233893234,0.3985875667,-0.003985335007,No,No,Normal,Safe,Stable
2024-01-07 12:00:00,January,275.82,95.27,2,27.47,6.34,7.98,3.3,1,1,0,1,29.1,33.9,24.1,0.51,1,7.368421053,3.157894737,8.238034804,0.3980790024,-0.003422957238,Yes,No,Normal,Safe,Stable
2024-01-07 13:00:00,January,275.82,95.27,2,27.47,6.34,7.98,3.3,1,1,0,1,29.1,33.9,24.1,0.51,1,7.421052632,2.894736842,8.242176374,0.3975704382,-0.002860579469,No,No,Normal,Safe,Stable
2024-01-07 14:00:00,January,275.82,95.27,2,27.47,6.34,7.98,3.3,1,1,0,1,29.1,33.9,24.1,0.51,1,7.473684211,2.631578947,8.246317943,0.3970618739,-0.002298201701,Yes,No,Normal,Safe,Stable
2024-01-07 15:00:00,January,275.82,95.27,2,27.47,6.34,7.98,3.3,1,1,0,0,29.1,33.9,24.1,0.51,1,7.526315789,2.368421053,8.250459513,0.3965533096,-0.001735823932,No,No,Normal,Safe,Stable
2024-01-07 16:00:00,January,275.82,95.27,2,27.47,6.34,7.98,3.3,1,1,0,1,29.1,33.9,24.1,0.51,1,7.578947368,2.105263158,8.254601082,0.3960447453,-0.001173446164,Yes,No,Normal,Safe,Stable
2024-01-07 17:00:00,January,275.82,95.27,2,27.47,6.34,7.98,3.3,1,1,0,0,29.1,33.9,24.1,0.51,1,7.631578947,1.842105263,8.258742652,0.395536181,-0.0006110683949,No,No,Normal,Safe,Stable
2024-01-07 18:00:00,January,275.82,95.27,2,27.47,6.34,7.98,3.3,1,1,1,0,29.1,33.9,24.1,0.51,1,7.684210526,1.578947368,8.262884222,0.3950276167,-0.00004869062628,Yes,No,Normal,Safe,Stable
2024-01-07 19:00:00,January,275.82,95.27,2,27.47,6.34,7.98,3.3,1,1,1,1,29.1,33.9,24.1,0.51,1,7.736842105,1.315789474,8.267025791,0.3945190525,0.0005136871424,No,No,Normal,Safe,Stable
2024-01-07 20:00:00,January,275.82,95.27,2,27.47,6.34,7.98,3.3,1,1,1,0,29.1,33.9,24.1,0.51,1,7.789473684,1.052631579,8.271167361,0.3940104882,0.001076064911,Yes,No,Normal,Safe,Stable
2024-01-07 21:00:00,January,275.82,95.27,2,27.47,6.34,7.98,3.3,1,1,0,0,29.1,33.9,24.1,0.51,1,7.842105263,0.7894736842,8.275308931,0.3935019239,0.00163844268,No,No,Normal,Safe,Stable
2024-01-07 22:00:00,January,275.82,95.27,2,27.47,6.34,7.98,3.3,1,1,0,0,29.1,33.9,24.1,0.51,1,7.894736842,0.5263157895,8.2794505,0.3929933596,0.002200820448,Yes,No,Normal,Safe,Stable
2024-01-07 23:00:00,January,275.82,95.27,2,27.47,6.34,7.98,3.3,1,1,0,0,29.1,33.9,24.1,0.51,1,7.947368421,0.2631578947,8.28359207,0.3924847953,0.002763198217,No,No,Normal,Safe,Stable
2024-01-08 00:00:00,January,275.82,95.27,2,27.47,6.34,7.98,3.3,1,1,0,0,29.1,33.9,24.1,0.51,1,8,0,8.287733639,0.3919762311,0.003325575986,Yes,No,Normal,Safe,Stable
2024-01-08 01:00:00,January,275.82,95.27,2,27.47,6.34,7.98,3.3,1,1,1,0,29.1,33.9,24.1,0.51,1,8,1,8.290172028,0.3612537078,0.1127158209,No,No,Normal,Safe,Stable
2024-01-08 02:00:00,January,275.82,95.27,2,27.47,6.34,7.98,3.3,1,1,1,0,29.1,33.9,24.1,0.51,1,8,2,8.197103234,0.3480109678,0.4385366333,Yes,No,Normal,Safe,Stable
2024-01-08 03:00:00,January,275.82,95.27,2,27.47,6.34,7.98,3.3,1,1,1,0,29.1,33.9,24.1,0.51,1,8,3,8.444161887,0.2586851568,0.9334913305,No,No,Normal,Safe,Stable
2024-01-08 04:00:00,January,275.82,95.27,2,27.47,6.34,7.98,3.3,1,1,0,0,29.1,33.9,24.1,0.51,1,8,4,8.031720932,0.2923916683,0.8615705685,Yes,No,Normal,Safe,Stable
2024-01-08 05:00:00,January,275.82,95.27,2,27.47,6.34,7.98,3.3,1,1,0,0,29.1,33.9,24.1,0.51,1,8,5,8.701934381,0.3940725151,-0.02190735919,No,No,Normal,Safe,Stable
2024-01-08 06:00:00,January,275.82,95.27,2,27.47,6.34,7.98,3.3,1,1,0,0,29.1,33.9,24.1,0.51,1,8.052631579,4.736842105,8.66923343,0.3941825208,-0.01944398028,Yes,No,Normal,Safe,Stable
2024-01-08 07:00:00,January,275.82,95.27,2,27.47,6.34,7.98,3.3,1,1,1,0,29.1,33.9,24.1,0.51,1,8.105263158,4.473684211,8.636532478,0.3942925265,-0.01698060137,No,No,Normal,Safe,Stable
2024-01-08 08:00:00,January,275.82,95.27,2,27.47,6.34,7.98,3.3,1,1,0,0,29.1,33.9,24.1,0.51,1,8.157894737,4.210526316,8.603831527,0.3944025321,-0.01451722245,Yes,No,Normal,Safe,Stable
2024-01-08 09:00:00,January,275.82,95.27,2,27.47,6.34,7.98,3.3,1,1,0,0,29.1,33.9,24.1,0.51,1,8.210526316,3.947368421,8.571130575,0.3945125378,-0.01205384354,No,No,Normal,Safe,Stable
2024-01-08 10:00:00,January,275.82,95.27,2,27.47,6.34,7.98,3.3,1,1,0,0,29.1,33.9,24.1,0.51,1,8.263157895,3.684210526,8.538429623,0.3946225435,-0.009590464632,Yes,No,Normal,Safe,Stable
2024-01-08 11:00:00,January,275.82,95.27,2,27.47,6.34,7.98,3.3,1,1,0,0,29.1,33.9,24.1,0.51,1,8.315789474,3.421052632,8.505728672,0.3947325492,-0.007127085721,No,No,Normal,Safe,Stable
2024-01-08 12:00:00,January,275.82,95.27,2,27.47,6.34,7.98,3.3,1,1,1,0,29.1,33.9,24.1,0.51,1,8.368421053,3.157894737,8.47302772,0.3948425548,-0.00466370681,Yes,No,Normal,Safe,Stable
2024-01-08 13:00:00,January,275.82,95.27,2,27.47,6.34,7.98,3.3,1,1,0,1,29.1,33.9,24.1,0.51,1,8.421052632,2.894736842,8.440326769,0.3949525605,-0.002200327899,No,No,Normal,Safe,Stable
2024-01-08 14:00:00,January,275.82,95.27,2,27.47,6.34,7.98,3.3,1,1,0,0,29.1,33.9,24.1,0.51,1,8.473684211,2.631578947,8.407625817,0.3950625662,0.0002630510124,Yes,No,Normal,Safe,Stable
2024-01-08 15:00:00,January,275.82,95.27,2,27.47,6.34,7.98,3.3,1,1,1,0,29.1,33.9,24.1,0.51,1,8.526315789,2.368421053,8.374924866,0.3951725718,0.002726429924,No,No,Normal,Safe,Stable
2024-01-08 16:00:00,January,275.82,95.27,2,27.47,6.34,7.98,3.3,1,1,0,0,29.1,33.9,24.1,0.51,1,8.578947368,2.105263158,8.342223914,0.3952825775,0.005189808835,Yes,No,Normal,Safe,Stable
2024-01-08 17:00:00,January,275.82,95.27,2,27.47,6.34,7.98,3.3,1,1,0,0,29.1,33.9,24.1,0.51,1,8.631578947,1.842105263,8.309522963,0.3953925832,0.007653187746,No,No,Normal,Safe,Stable
2024-01-08 18:00:00,January,275.82,95.27,2,27.47,6.34,7.98,3.3,1,1,0,0,29.1,33.9,24.1,0.51,1,8.684210526,1.578947368,8.276822011,0.3955025889,0.01011656666,Yes,No,Normal,Safe,Stable
2024-01-08 19:00:00,January,275.82,95.27,2,27.47,6.34,7.98,3.3,1,1,0,0,29.1,33.9,24.1,0.51,1,8.736842105,1.315789474,8.24412106,0.3956125945,0.01257994557,No,No,Normal,Safe,Stable
2024-01-08 20:00:00,January,275.82,95.27,2,27.47,6.34,7.98,3.3,1,1,0,0,29.1,33.9,24.1,0.51,1,8.789473684,1.052631579,8.211420108,0.3957226002,0.01504332448,Yes,No,Normal,Safe,Stable
2024-01-08 21:00:00,January,275.82,95.27,2,27.47,6.34,7.98,3.3,1,1,0,0,29.1,33.9,24.1,0.51,1,8.842105263,0.7894736842,8.178719157,0.3958326059,0.01750670339,No,No,Normal,Safe,Stable
2024-01-08 22:00:00,January,275.82,95.27,2,27.47,6.34,7.98,3.3,1,1,0,0,29.1,33.9,24.1,0.51,1,8.894736842,0.5263157895,8.146018205,0.3959426116,0.0199700823,Yes,No,Normal,Safe,Stable
2024-01-08 23:00:00,January,275.82,95.27,2,27.47,6.34,7.98,3.3,1,1,0,0,29.1,33.9,24.1,0.51,1,8.947368421,0.2631578947,8.113317254,0.3960526172,0.02243346121,No,No,Normal,Safe,Stable
2024-01-09 00:00:00,January,275.82,95.27,2,27.47,6.34,7.98,3.3,1,1,1,0,29.1,33.9,24.1,0.51,1,9,0,8.080616302,0.3961626229,0.02489684012,Yes,No,Normal,Safe,Stable
2024-01-09 01:00:00,January,275.82,95.27,2,27.47,6.34,7.98,3.3,1,1,0,1,29.1,33.9,24.1,0.51,1,9,1,8.493223124,0.3386923983,0.1064382617,No,No,Normal,Safe,Stable
2024-01-09 02:00:00,January,275.82,95.27,2,27.47,6.34,7.98,3.3,1,1,0,0,29.1,33.9,24.1,0.51,1,9,2,8.697575901,0.3045675545,0.4487463351,Yes,No,Normal,Safe,Stable
2024-01-09 03:00:00,January,275.82,95.27,2,27.47,6.34,7.98,3.3,1,1,1,0,29.1,33.9,24.1,0.51,1,9,3,8.26896913,0.2960052938,0.8868463332,No,No,Normal,Safe,Stable
2024-01-09 04:00:00,January,275.82,95.27,2,27.47,6.34,7.98,3.3,1,1,0,0,29.1,33.9,24.1,0.51,1,9,4,8.031214289,0.9429559284,0.003096179855,Yes,No,Normal,Safe,Stable
2024-01-09 05:00:00,January,275.82,95.27,2,27.47,6.34,7.98,3.3,1,1,1,0,29.1,33.9,24.1,0.51,1,9,5,8.022725963,0.3880098962,-0.02263830147,No,No,Normal,Safe,Stable
2024-01-09 06:00:00,January,275.82,95.27,2,27.47,6.34,7.98,3.3,1,1,0,0,29.1,33.9,24.1,0.51,1,9.052631579,4.736842105,8.028638005,0.3881503162,-0.02140919518,Yes,No,Normal,Safe,Stable
2024-01-09 07:00:00,January,275.82,95.27,2,27.47,6.34,7.98,3.3,1,1,0,0,29.1,33.9,24.1,0.51,1,9.105263158,4.473684211,8.034550047,0.3882907363,-0.02018008888,No,No,Normal,Safe,Stable
2024-01-09 08:00:00,January,275.82,95.27,2,27.47,6.34,7.98,3.3,1,1,0,0,29.1,33.9,24.1,0.51,1,9.157894737,4.210526316,8.040462089,0.3884311564,-0.01895098259,Yes,No,Normal,Safe,Stable
2024-01-09 09:00:00,January,275.82,95.27,2,27.47,6.34,7.98,3.3,1,1,0,0,29.1,33.9,24.1,0.51,1,9.210526316,3.947368421,8.046374131,0.3885715764,-0.01772187629,No,No,Normal,Safe,Stable
2024-01-09 10:00:00,January,275.82,95.27,2,27.47,6.34,7.98,3.3,1,1,1,0,29.1,33.9,24.1,0.51,1,9.263157895,3.684210526,8.052286172,0.3887119965,-0.01649277,Yes,No,Normal,Safe,Stable
2024-01-09 11:00:00,January,275.82,95.27,2,27.47,6.34,7.98,3.3,1,1,0,0,29.1,33.9,24.1,0.51,1,9.315789474,3.421052632,8.058198214,0.3888524165,-0.0152636637,No,No,Normal,Safe,Stable
2024-01-09 12:00:00,January,275.82,95.27,2,27.47,6.34,7.98,3.3,1,1,1,0,29.1,33.9,24.1,0.51,1,9.368421053,3.157894737,8.064110256,0.3889928366,-0.01403455741,Yes,No,Normal,Safe,Stable
2024-01-09 13:00:00,January,275.82,95.27,2,27.47,6.34,7.98,3.3,1,1,0,0,29.1,33.9,24.1,0.51,1,9.421052632,2.894736842,8.070022298,0.3891332567,-0.01280545111,No,No,Normal,Safe,Stable
2024-01-09 14:00:00,January,275.82,95.27,2,27.47,6.34,7.98,3.3,1,1,0,0,29.1,33.9,24.1,0.51,1,9.473684211,2.631578947,8.07593434,0.3892736767,-0.01157634481,Yes,No,Normal,Safe,Stable
2024-01-09 15:00:00,January,275.82,95.27,2,27.47,6.34,7.98,3.3,1,1,1,0,29.1,33.9,24.1,0.51,1,9.526315789,2.368421053,8.081846381,0.3894140968,-0.01034723852,No,No,Normal,Safe,Stable
2024-01-09 16:00:00,January,275.82,95.27,2,27.47,6.34,7.98,3.3,1,1,0,0,29.1,33.9,24.1,0.51,1,9.578947368,2.105263158,8.087758423,0.3895545168,-0.009118132224,Yes,No,Normal,Safe,Stable
2024-01-09 17:00:00,January,275.82,95.27,2,27.47,6.34,7.98,3.3,1,1,0,1,29.1,33.9,24.1,0.51,1,9.631578947,1.842105263,8.093670465,0.3896949369,-0.007889025929,No,No,Normal,Safe,Stable
2024-01-09 18:00:00,January,275.82,95.27,2,27.47,6.34,7.98,3.3,1,1,0,0,29.1,33.9,24.1,0.51,1,9.684210526,1.578947368,8.099582507,0.389835357,-0.006659919633,Yes,No,Normal,Safe,Stable
2024-01-09 19:00:00,January,275.82,95.27,2,27.47,6.34,7.98,3.3,1,1,1,0,29.1,33.9,24.1,0.51,1,9.736842105,1.315789474,8.105494548,0.389975777,-0.005430813338,No,No,Normal,Safe,Stable
2024-01-09 20:00:00,January,275.82,95.27,2,27.47,6.34,7.98,3.3,1,1,0,0,29.1,33.9,24.1,0.51,1,9.789473684,1.052631579,8.11140659,0.3901161971,-0.004201707042,Yes,No,Normal,Safe,Stable
2024-01-09 21:00:00,January,275.82,95.27,2,27.47,6.34,7.98,3.3,1,1,0,0,29.1,33.9,24.1,0.51,1,9.842105263,0.7894736842,8.117318632,0.3902566171,-0.002972600747,No,No,Normal,Safe,Stable
2024-01-09 22:00:00,January,275.82,95.27,2,27.47,6.34,7.98,3.3,1,1,0,0,29.1,33.9,24.1,0.51,1,9.894736842,0.5263157895,8.123230674,0.3903970372,-0.001743494452,Yes,No,Normal,Safe,Stable
2024-01-09 23:00:00,January,275.82,95.27,2,27.47,6.34,7.98,3.3,1,1,0,0,29.1,33.9,24.1,0.51,1,9.947368421,0.2631578947,8.129142716,0.3905374572,-0.0005143881563,No,No,Normal,Safe,Stable
2024-01-10 00:00:00,January,275.82,95.27,2,27.47,6.34,7.98,3.3,1,1,0,0,29.1,33.9,24.1,0.51,1,10,0,8.135054757,0.3906778773,0.0007147181391,Yes,No,Normal,Safe,Stable
2024-01-10 01:00:00,January,275.82,95.27,2,27.47,6.34,7.98,3.3,1,1,1,0,29.1,33.9,24.1,0.51,1,10,1,8.069123331,0.966218557,0.00007378214864,No,No,Normal,Safe,Stable
2024-01-10 02:00:00,January,275.82,95.27,2,27.47,6.34,7.98,3.3,1,1,0,0,29.1,33.9,24.1,0.51,1,10,2,7.893322242,0.9943878442,0.01659751704,Yes,No,Normal,Safe,Stable
2024-01-10 03:00:00,January,275.82,95.27,2,27.47,6.34,7.98,3.3,1,1,0,0,29.1,33.9,24.1,0.51,1,10,3,8.202667459,0.2708053667,0.9354130516,No,No,Normal,Safe,Stable
2024-01-10 04:00:00,January,275.82,95.27,2,27.47,6.34,7.98,3.3,1,1,0,0,29.1,33.9,24.1,0.51,1,10,4,8.110273269,0.2764640862,0.8218609133,Yes,No,Normal,Safe,Stable
2024-01-10 05:00:00,January,275.82,95.27,2,27.47,6.34,7.98,3.3,1,1,1,0,29.1,33.9,24.1,0.51,1,10,5,8.675425455,0.3460500062,-0.006605302569,No,No,Normal,Safe,Stable
2024-01-10 06:00:00,January,275.82,95.27,2,27.47,6.34,7.98,3.3,1,1,0,0,29.1,33.9,24.1,0.51,1,10.05263158,4.736842105,8.646219754,0.3487124715,-0.003394338288,Yes,No,Normal,Safe,Stable
2024-01-10 07:00:00,January,275.82,95.27,2,27.47,6.34,7.98,3.3,1,1,0,0,29.1,33.9,24.1,0.51,1,10.10526316,4.473684211,8.617014053,0.3513749368,-0.0001833740083,No,No,Normal,Safe,Stable
2024-01-10 08:00:00,January,275.82,95.27,2,27.47,6.34,7.98,3.3,1,1,0,1,29.1,33.9,24.1,0.51,1,10.15789474,4.210526316,8.587808351,0.3540374021,0.003027590272,Yes,No,Normal,Safe,Stable
2024-01-10 09:00:00,January,275.82,95.27,2,27.47,6.34,7.98,3.3,1,1,1,0,29.1,33.9,24.1,0.51,1,10.21052632,3.947368421,8.55860265,0.3566998675,0.006238554552,No,No,Normal,Safe,Stable
2024-01-10 10:00:00,January,275.82,95.27,2,27.47,6.34,7.98,3.3,1,1,0,0,29.1,33.9,24.1,0.51,1,10.26315789,3.684210526,8.529396949,0.3593623328,0.009449518832,Yes,No,Normal,Safe,Stable
2024-01-10 11:00:00,January,275.82,95.27,2,27.47,6.34,7.98,3.3,1,1,1,0,29.1,33.9,24.1,0.51,1,10.31578947,3.421052632,8.500191248,0.3620247981,0.01266048311,No,No,Normal,Safe,Stable
2024-01-10 12:00:00,January,275.82,95.27,2,27.47,6.34,7.98,3.3,1,1,0,0,29.1,33.9,24.1,0.51,1,10.36842105,3.157894737,8.470985547,0.3646872634,0.01587144739,Yes,No,Normal,Safe,Stable
2024-01-10 13:00:00,January,275.82,95.27,2,27.47,6.34,7.98,3.3,1,1,0,0,29.1,33.9,24.1,0.51,1,10.42105263,2.894736842,8.441779845,0.3673497287,0.01908241167,No,No,Normal,Safe,Stable
2024-01-10 14:00:00,January,275.82,95.27,2,27.47,6.34,7.98,3.3,1,1,0,0,29.1,33.9,24.1,0.51,1,10.47368421,2.631578947,8.412574144,0.3700121941,0.02229337595,Yes,No,Normal,Safe,Stable
2024-01-10 15:00:00,January,275.82,95.27,2,27.47,6.34,7.98,3.3,1,1,0,0,29.1,33.9,24.1,0.51,1,10.52631579,2.368421053,8.383368443,0.3726746594,0.02550434023,No,No,Normal,Safe,Stable
2024-01-10 16:00:00,January,275.82,95.27,2,27.47,6.34,7.98,3.3,1,1,1,0,29.1,33.9,24.1,0.51,1,10.57894737,2.105263158,8.354162742,0.3753371247,0.02871530451,Yes,No,Normal,Safe,Stable
2024-01-10 17:00:00,January,275.82,95.27,2,27.47,6.34,7.98,3.3,1,1,0,0,29.1,33.9,24.1,0.51,1,10.63157895,1.842105263,8.32495704,0.37799959,0.03192626879,No,No,Normal,Safe,Stable
2024-01-10 18:00:00,January,275.82,95.27,2,27.47,6.34,7.98,3.3,1,1,0,0,29.1,33.9,24.1,0.51,1,10.68421053,1.578947368,8.295751339,0.3806620553,0.03513723307,Yes,No,Normal,Safe,Stable
2024-01-10 19:00:00,January,275.82,95.27,2,27.47,6.34,7.98,3.3,1,1,1,0,29.1,33.9,24.1,0.51,1,10.73684211,1.315789474,8.266545638,0.3833245207,0.03834819735,No,No,Normal,Safe,Stable
2024-01-10 20:00:00,January,275.82,95.27,2,27.47,6.34,7.98,3.3,1,1,0,0,29.1,33.9,24.1,0.51,1,10.78947368,1.052631579,8.237339937,0.385986986,0.04155916163,Yes,No,Normal,Safe,Stable
2024-01-10 21:00:00,January,275.82,95.27,2,27.47,6.34,7.98,3.3,1,1,0,0,29.1,33.9,24.1,0.51,1,10.84210526,0.7894736842,8.208134236,0.3886494513,0.04477012591,No,No,Normal,Safe,Stable
2024-01-10 22:00:00,January,275.82,95.27,2,27.47,6.34,7.98,3.3,1,1,0,0,29.1,33.9,24.1,0.51,1,10.89473684,0.5263157895,8.178928534,0.3913119166,0.0479810902,Yes,No,Normal,Safe,Stable
2024-01-10 23:00:00,January,275.82,95.27,2,27.47,6.34,7.98,3.3,1,1,0,0,29.1,33.9,24.1,0.51,1,10.94736842,0.2631578947,8.149722833,0.393974382,0.05119205448,No,No,Normal,Safe,Stable
2024-01-11 00:00:00,January,275.82,95.27,2,27.47,6.34,7.98,3.3,1,1,0,0,29.1,33.9,24.1,0.51,1,11,0,8.120517132,0.3966368473,0.05440301876,Yes,No,Normal,Safe,Stable
2024-01-11 01:00:00,January,275.82,95.27,2,27.47,6.34,7.98,3.3,1,1,0,0,29.1,33.9,24.1,0.51,1,11,1,8.359706552,0.3197703855,0.1209163019,No,No,Normal,Safe,Stable
2024-01-11 02:00:00,January,275.82,95.27,2,27.47,6.34,7.98,3.3,1,1,0,0,29.1,33.9,24.1,0.51,1,11,2,8.195204083,0.3011511477,0.4578476357,Yes,No,Normal,Safe,Stable
2024-01-11 03:00:00,January,275.82,95.27,2,27.47,6.34,7.98,3.3,1,1,0,0,29.1,33.9,24.1,0.51,1,11,3,7.989376456,0.2325542943,0.972442891,No,No,Normal,Safe,Stable
2024-01-11 04:00:00,January,275.82,95.27,2,27.47,6.34,7.98,3.3,1,1,1,0,29.1,33.9,24.1,0.51,1,11,4,8.235472522,0.3143505621,0.9649234521,Yes,No,Normal,Safe,Stable
2024-01-11 05:00:00,January,275.82,95.27,2,27.47,6.34,7.98,3.3,1,1,0,0,29.1,33.9,24.1,0.51,1,11,5,8.113665903,0.3940508908,0.01963691273,No,No,Normal,Safe,Stable
2024-01-11 06:00:00,January,275.82,95.27,2,27.47,6.34,7.98,3.3,1,1,1,0,29.1,33.9,24.1,0.51,1,11.05263158,4.736842105,8.121886707,0.3931629259,0.0191505371,Yes,No,Normal,Safe,Stable
2024-01-11 07:00:00,January,275.82,95.27,2,27.47,6.34,7.98,3.3,1,1,0,1,29.1,33.9,24.1,0.51,1,11.10526316,4.473684211,8.130107512,0.392274961,0.01866416146,No,No,Normal,Safe,Stable
2024-01-11 08:00:00,January,275.82,95.27,2,27.47,6.34,7.98,3.3,1,1,0,0,29.1,33.9,24.1,0.51,1,11.15789474,4.210526316,8.138328316,0.3913869961,0.01817778582,Yes,No,Normal,Safe,Stable
2024-01-11 09:00:00,January,275.82,95.27,2,27.47,6.34,7.98,3.3,1,1,1,0,29.1,33.9,24.1,0.51,1,11.21052632,3.947368421,8.146549121,0.3904990311,0.01769141018,No,No,Normal,Safe,Stable
2024-01-11 10:00:00,January,275.82,95.27,2,27.47,6.34,7.98,3.3,1,1,0,0,29.1,33.9,24.1,0.51,1,11.26315789,3.684210526,8.154769925,0.3896110662,0.01720503455,Yes,No,Normal,Safe,Stable
2024-01-11 11:00:00,January,275.82,95.27,2,27.47,6.34,7.98,3.3,1,1,0,0,29.1,33.9,24.1,0.51,1,11.31578947,3.421052632,8.16299073,0.3887231013,0.01671865891,No,No,Normal,Safe,Stable
2024-01-11 12:00:00,January,275.82,95.27,2,27.47,6.34,7.98,3.3,1,1,0,1,29.1,33.9,24.1,0.51,1,11.36842105,3.157894737,8.171211534,0.3878351364,0.01623228327,Yes,No,Normal,Safe,Stable
2024-01-11 13:00:00,January,275.82,95.27,2,27.47,6.34,7.98,3.3,1,1,0,0,29.1,33.9,24.1,0.51,1,11.42105263,2.894736842,8.179432339,0.3869471715,0.01574590764,No,No,Normal,Safe,Stable
2024-01-11 14:00:00,January,275.82,95.27,2,27.47,6.34,7.98,3.3,1,1,1,0,29.1,33.9,24.1,0.51,1,11.47368421,2.631578947,8.187653143,0.3860592066,0.015259532,Yes,No,Normal,Safe,Stable
2024-01-11 15:00:00,January,275.82,95.27,2,27.47,6.34,7.98,3.3,1,1,0,1,29.1,33.9,24.1,0.51,1,11.52631579,2.368421053,8.195873948,0.3851712417,0.01477315636,No,No,Normal,Safe,Stable
2024-01-11 16:00:00,January,275.82,95.27,2,27.47,6.34,7.98,3.3,1,1,0,0,29.1,33.9,24.1,0.51,1,11.57894737,2.105263158,8.204094752,0.3842832768,0.01428678073,Yes,No,Normal,Safe,Stable
2024-01-11 17:00:00,January,275.82,95.27,2,27.47,6.34,7.98,3.3,1,1,0,0,29.1,33.9,24.1,0.51,1,11.63157895,1.842105263,8.212315557,0.3833953118,0.01380040509,No,No,Normal,Safe,Stable
2024-01-11 18:00:00,January,275.82,95.27,2,27.47,6.34,7.98,3.3,1,1,1,0,29.1,33.9,24.1,0.51,1,11.68421053,1.578947368,8.220536361,0.3825073469,0.01331402945,Yes,No,Normal,Safe,Stable
2024-01-11 19:00:00,January,275.82,95.27,2,27.47,6.34,7.98,3.3,1,1,0,0,29.1,33.9,24.1,0.51,1,11.73684211,1.315789474,8.228757166,0.381619382,0.01282765382,No,No,Normal,Safe,Stable
2024-01-11 20:00:00,January,275.82,95.27,2,27.47,6.34,7.98,3.3,1,1,0,0,29.1,33.9,24.1,0.51,1,11.78947368,1.052631579,8.23697797,0.3807314171,0.01234127818,Yes,No,Normal,Safe,Stable
2024-01-11 21:00:00,January,275.82,95.27,2,27.47,6.34,7.98,3.3,1,1,0,0,29.1,33.9,24.1,0.51,1,11.84210526,0.7894736842,8.245198775,0.3798434522,0.01185490254,No,No,Normal,Safe,Stable
2024-01-11 22:00:00,January,275.82,95.27,2,27.47,6.34,7.98,3.3,1,1,1,0,29.1,33.9,24.1,0.51,1,11.89473684,0.5263157895,8.253419579,0.3789554873,0.0113685269,Yes,No,Normal,Safe,Stable
2024-01-11 23:00:00,January,275.82,95.27,2,27.47,6.34,7.98,3.3,1,1,1,0,29.1,33.9,24.1,0.51,1,11.94736842,0.2631578947,8.261640384,0.3780675224,0.01088215127,No,No,Normal,Safe,Stable
2024-01-12 00:00:00,January,275.82,95.27,2,27.47,6.34,7.98,3.3,1,1,0,0,29.1,33.9,24.1,0.51,1,12,0,8.269861188,0.3771795575,0.01039577563,Yes,No,Normal,Safe,Stable
2024-01-12 01:00:00,January,275.82,95.27,2,27.47,6.34,7.98,3.3,1,1,1,0,29.1,33.9,24.1,0.51,1,12,1,8.158530877,0.3402096522,0.1690931541,No,No,Normal,Safe,Stable
2024-01-12 02:00:00,January,275.82,95.27,2,27.47,6.34,7.98,3.3,1,1,1,0,29.1,33.9,24.1,0.51,1,12,2,7.86451824,0.9645131348,-0.01449917473,Yes,No,Normal,Safe,Stable
2024-01-12 03:00:00,January,275.82,95.27,2,27.47,6.34,7.98,3.3,1,1,1,0,29.1,33.9,24.1,0.51,1,12,3,8.101483759,0.2791479462,0.9462821692,No,No,Normal,Safe,Stable
2024-01-12 04:00:00,January,275.82,95.27,2,27.47,6.34,7.98,3.3,1,1,0,0,29.1,33.9,24.1,0.51,1,12,4,8.16521192,0.3260805639,0.8810620889,Yes,No,Normal,Safe,Stable
2024-01-12 05:00:00,January,275.82,95.27,2,27.47,6.34,7.98,3.3,1,1,0,0,29.1,33.9,24.1,0.51,1,12,5,8.127186048,0.376908951,0.03084712551,No,No,Normal,Safe,Stable
2024-01-12 06:00:00,January,275.82,95.27,2,27.47,6.34,7.98,3.3,1,1,0,0,29.1,33.9,24.1,0.51,1,12.05263158,4.736842105,8.123609265,0.3787239194,0.03001940593,Yes,No,Normal,Safe,Stable
2024-01-12 07:00:00,January,275.82,95.27,2,27.47,6.34,7.98,3.3,1,1,0,0,29.1,33.9,24.1,0.51,1,12.10526316,4.473684211,8.120032483,0.3805388877,0.02919168635,No,No,Normal,Safe,Stable
2024-01-12 08:00:00,January,275.82,95.27,2,27.47,6.34,7.98,3.3,1,1,1,0,29.1,33.9,24.1,0.51,1,12.15789474,4.210526316,8.116455701,0.382353856,0.02836396677,Yes,No,Normal,Safe,Stable
2024-01-12 09:00:00,January,275.82,95.27,2,27.47,6.34,7.98,3.3,1,1,0,0,29.1,33.9,24.1,0.51,1,12.21052632,3.947368421,8.112878919,0.3841688243,0.02753624718,No,No,Normal,Safe,Stable
2024-01-12 10:00:00,January,275.82,95.27,2,27.47,6.34,7.98,3.3,1,1,0,0,29.1,33.9,24.1,0.51,1,12.26315789,3.684210526,8.109302136,0.3859837927,0.0267085276,Yes,No,Normal,Safe,Stable
2024-01-12 11:00:00,January,275.82,95.27,2,27.47,6.34,7.98,3.3,1,1,0,0,29.1,33.9,24.1,0.51,1,12.31578947,3.421052632,8.105725354,0.387798761,0.02588080802,No,No,Normal,Safe,Stable
2024-01-12 12:00:00,January,275.82,95.27,2,27.47,6.34,7.98,3.3,1,1,0,0,29.1,33.9,24.1,0.51,1,12.36842105,3.157894737,8.102148572,0.3896137293,0.02505308844,Yes,No,Normal,Safe,Stable
2024-01-12 13:00:00,January,275.82,95.27,2,27.47,6.34,7.98,3.3,1,1,0,0,29.1,33.9,24.1,0.51,1,12.42105263,2.894736842,8.09857179,0.3914286976,0.02422536885,No,No,Normal,Safe,Stable
2024-01-12 14:00:00,January,275.82,95.27,2,27.47,6.34,7.98,3.3,1,1,0,0,29.1,33.9,24.1,0.51,1,12.47368421,2.631578947,8.094995007,0.393243666,0.02339764927,Yes,No,Normal,Safe,Stable
2024-01-12 15:00:00,January,275.82,95.27,2,27.47,6.34,7.98,3.3,1,1,0,0,29.1,33.9,24.1,0.51,1,12.52631579,2.368421053,8.091418225,0.3950586343,0.02256992969,No,No,Normal,Safe,Stable
2024-01-12 16:00:00,January,275.82,95.27,2,27.47,6.34,7.98,3.3,1,1,1,0,29.1,33.9,24.1,0.51,1,12.57894737,2.105263158,8.087841443,0.3968736026,0.02174221011,Yes,No,Normal,Safe,Stable
2024-01-12 17:00:00,January,275.82,95.27,2,27.47,6.34,7.98,3.3,1,1,0,0,29.1,33.9,24.1,0.51,1,12.63157895,1.842105263,8.084264661,0.3986885709,0.02091449052,No,No,Normal,Safe,Stable
2024-01-12 18:00:00,January,275.82,95.27,2,27.47,6.34,7.98,3.3,1,1,0,0,29.1,33.9,24.1,0.51,1,12.68421053,1.578947368,8.080687879,0.4005035393,0.02008677094,Yes,No,Normal,Safe,Stable
2024-01-12 19:00:00,January,275.82,95.27,2,27.47,6.34,7.98,3.3,1,1,0,0,29.1,33.9,24.1,0.51,1,12.73684211,1.315789474,8.077111096,0.4023185076,0.01925905136,No,No,Normal,Safe,Stable
2024-01-12 20:00:00,January,275.82,95.27,2,27.47,6.34,7.98,3.3,1,1,0,0,29.1,33.9,24.1,0.51,1,12.78947368,1.052631579,8.073534314,0.4041334759,0.01843133178,Yes,No,Normal,Safe,Stable
2024-01-12 21:00:00,January,275.82,95.27,2,27.47,6.34,7.98,3.3,1,1,0,0,29.1,33.9,24.1,0.51,1,12.84210526,0.7894736842,8.069957532,0.4059484442,0.01760361219,No,No,Normal,Safe,Stable
2024-01-12 22:00:00,January,275.82,95.27,2,27.47,6.34,7.98,3.3,1,1,0,0,29.1,33.9,24.1,0.51,1,12.89473684,0.5263157895,8.06638075,0.4077634126,0.01677589261,Yes,No,Normal,Safe,Stable
2024-01-12 23:00:00,January,275.82,95.27,2,27.47,6.34,7.98,3.3,1,1,1,0,29.1,33.9,24.1,0.51,1,12.94736842,0.2631578947,8.062803967,0.4095783809,0.01594817303,No,No,Normal,Safe,Stable
2024-01-13 00:00:00,January,275.82,95.27,2,27.47,6.34,7.98,3.3,1,1,0,0,29.1,33.9,24.1,0.51,1,13,0,8.059227185,0.4113933492,0.01512045345,Yes,No,Normal,Safe,Stable
2024-01-13 01:00:00,January,275.82,95.27,2,27.47,6.34,7.98,3.3,1,1,0,0,29.1,33.9,24.1,0.51,1,13,1,8.191223803,0.3346222039,0.1419401977,No,No,Normal,Safe,Stable
2024-01-13 02:00:00,January,275.82,95.27,2,27.47,6.34,7.98,3.3,1,1,0,0,29.1,33.9,24.1,0.51,1,13,2,8.049371731,0.9649980268,0.02644334005,Yes,No,Normal,Safe,Stable
2024-01-13 03:00:00,January,275.82,95.27,2,27.47,6.34,7.98,3.3,1,1,0,1,29.1,33.9,24.1,0.51,1,13,3,8.436842613,0.2606483379,0.8277900473,No,No,Normal,Safe,Stable
2024-01-13 04:00:00,January,275.82,95.27,2,27.47,6.34,7.98,3.3,1,1,0,0,29.1,33.9,24.1,0.51,1,13,4,8.15979576,0.9461306937,-0.01082027051,Yes,No,Normal,Safe,Stable
2024-01-13 05:00:00,January,275.82,95.27,2,27.47,6.34,7.98,3.3,1,1,0,0,29.1,33.9,24.1,0.51,1,13,5,8.049761183,0.3893409669,0.0346783249,No,No,Normal,Safe,Stable
2024-01-13 06:00:00,January,275.82,95.27,2,27.47,6.34,7.98,3.3,1,1,1,0,29.1,33.9,24.1,0.51,1,13.05263158,4.736842105,8.0600399,0.3896334962,0.03415671218,Yes,No,Normal,Safe,Stable
2024-01-13 07:00:00,January,275.82,95.27,2,27.47,6.34,7.98,3.3,1,1,1,0,29.1,33.9,24.1,0.51,1,13.10526316,4.473684211,8.070318616,0.3899260255,0.03363509946,No,No,Normal,Safe,Stable
2024-01-13 08:00:00,January,275.82,95.27,2,27.47,6.34,7.98,3.3,1,1,0,0,29.1,33.9,24.1,0.51,1,13.15789474,4.210526316,8.080597333,0.3902185548,0.03311348674,Yes,No,Normal,Safe,Stable
2024-01-13 09:00:00,January,275.82,95.27,2,27.47,6.34,7.98,3.3,1,1,1,0,29.1,33.9,24.1,0.51,1,13.21052632,3.947368421,8.09087605,0.3905110841,0.03259187402,No,No,Normal,Safe,Stable
2024-01-13 10:00:00,January,275.82,95.27,2,27.47,6.34,7.98,3.3,1,1,1,0,29.1,33.9,24.1,0.51,1,13.26315789,3.684210526,8.101154766,0.3908036135,0.03207026131,Yes,No,Normal,Safe,Stable
2024-01-13 11:00:00,January,275.82,95.27,2,27.47,6.34,7.98,3.3,1,1,0,0,29.1,33.9,24.1,0.51,1,13.31578947,3.421052632,8.111433483,0.3910961428,0.03154864859,No,No,Normal,Safe,Stable
2024-01-13 12:00:00,January,275.82,95.27,2,27.47,6.34,7.98,3.3,1,1,0,0,29.1,33.9,24.1,0.51,1,13.36842105,3.157894737,8.1217122,0.3913886721,0.03102703587,Yes,No,Normal,Safe,Stable
2024-01-13 13:00:00,January,275.82,95.27,2,27.47,6.34,7.98,3.3,1,1,0,0,29.1,33.9,24.1,0.51,1,13.42105263,2.894736842,8.131990916,0.3916812014,0.03050542315,No,No,Normal,Safe,Stable
2024-01-13 14:00:00,January,275.82,95.27,2,27.47,6.34,7.98,3.3,1,1,1,1,29.1,33.9,24.1,0.51,1,13.47368421,2.631578947,8.142269633,0.3919737308,0.02998381043,Yes,No,Normal,Safe,Stable
2024-01-13 15:00:00,January,275.82,95.27,2,27.47,6.34,7.98,3.3,1,1,0,0,29.1,33.9,24.1,0.51,1,13.52631579,2.368421053,8.15254835,0.3922662601,0.02946219771,No,No,Normal,Safe,Stable
2024-01-13 16:00:00,January,275.82,95.27,2,27.47,6.34,7.98,3.3,1,1,0,0,29.1,33.9,24.1,0.51,1,13.57894737,2.105263158,8.162827066,0.3925587894,0.02894058499,Yes,No,Normal,Safe,Stable
2024-01-13 17:00:00,January,275.82,95.27,2,27.47,6.34,7.98,3.3,1,1,0,0,29.1,33.9,24.1,0.51,1,13.63157895,1.842105263,8.173105783,0.3928513187,0.02841897228,No,No,Normal,Safe,Stable
2024-01-13 18:00:00,January,275.82,95.27,2,27.47,6.34,7.98,3.3,1,1,0,0,29.1,33.9,24.1,0.51,1,13.68421053,1.578947368,8.1833845,0.393143848,0.02789735956,Yes,No,Normal,Safe,Stable
2024-01-13 19:00:00,January,275.82,95.27,2,27.47,6.34,7.98,3.3,1,1,0,0,29.1,33.9,24.1,0.51,1,13.73684211,1.315789474,8.193663216,0.3934363774,0.02737574684,No,No,Normal,Safe,Stable
2024-01-13 20:00:00,January,275.82,95.27,2,27.47,6.34,7.98,3.3,1,1,0,0,29.1,33.9,24.1,0.51,1,13.78947368,1.052631579,8.203941933,0.3937289067,0.02685413412,Yes,No,Normal,Safe,Stable
2024-01-13 21:00:00,January,275.82,95.27,2,27.47,6.34,7.98,3.3,1,1,1,0,29.1,33.9,24.1,0.51,1,13.84210526,0.7894736842,8.21422065,0.394021436,0.0263325214,No,No,Normal,Safe,Stable
2024-01-13 22:00:00,January,275.82,95.27,2,27.47,6.34,7.98,3.3,1,1,1,0,29.1,33.9,24.1,0.51,1,13.89473684,0.5263157895,8.224499367,0.3943139653,0.02581090868,Yes,No,Normal,Safe,Stable
2024-01-13 23:00:00,January,275.82,95.27,2,27.47,6.34,7.98,3.3,1,1,0,0,29.1,33.9,24.1,0.51,1,13.94736842,0.2631578947,8.234778083,0.3946064946,0.02528929596,No,No,Normal,Safe,Stable
2024-01-14 00:00:00,January,275.82,95.27,2,27.47,6.34,7.98,3.3,1,1,0,0,29.1,33.9,24.1,0.51,1,14,0,8.2450568,0.394899024,0.02476768325,Yes,No,Normal,Safe,Stable
2024-01-14 01:00:00,January,275.82,95.27,2,27.47,6.34,7.98,3.3,1,1,0,0,29.1,33.9,24.1,0.51,1,14,1,7.797138405,0.9640360755,-0.02137986071,No,No,Normal,Safe,Stable
2024-01-14 02:00:00,January,275.82,95.27,2,27.47,6.34,7.98,3.3,1,1,0,0,29.1,33.9,24.1,0.51,1,14,2,8.028949943,0.9922624171,-0.02637165969,Yes,No,Normal,Safe,Stable
2024-01-14 03:00:00,January,275.82,95.27,2,27.47,6.34,7.98,3.3,1,1,1,0,29.1,33.9,24.1,0.51,1,14,3,7.988327822,0.9642353767,0.01713514881,No,No,Normal,Safe,Stable
2024-01-14 04:00:00,January,275.82,95.27,2,27.47,6.34,7.98,3.3,1,1,0,0,29.1,33.9,24.1,0.51,1,14,4,8.466929733,0.2069758558,0.9800413836,Yes,No,Normal,Safe,Stable
2024-01-14 05:00:00,January,275.82,95.27,2,27.47,6.34,7.98,3.3,1,1,0,0,29.1,33.9,24.1,0.51,1,14,5,8.264153341,0.3912677654,0.02505306035,No,No,Normal,Safe,Stable
2024-01-14 06:00:00,January,275.82,95.27,2,27.47,6.34,7.98,3.3,1,1,0,0,29.1,33.9,24.1,0.51,1,14.05263158,4.736842105,8.262321928,0.3928271576,0.02328048745,Yes,No,Normal,Safe,Stable
2024-01-14 07:00:00,January,275.82,95.27,2,27.47,6.34,7.98,3.3,1,1,0,0,29.1,33.9,24.1,0.51,1,14.10526316,4.473684211,8.260490515,0.3943865498,0.02150791455,No,No,Normal,Safe,Stable
2024-01-14 08:00:00,January,275.82,95.27,2,27.47,6.34,7.98,3.3,1,1,0,0,29.1,33.9,24.1,0.51,1,14.15789474,4.210526316,8.258659101,0.395945942,0.01973534165,Yes,No,Normal,Safe,Stable
2024-01-14 09:00:00,January,275.82,95.27,2,27.47,6.34,7.98,3.3,1,1,0,1,29.1,33.9,24.1,0.51,1,14.21052632,3.947368421,8.256827688,0.3975053342,0.01796276875,No,No,Normal,Safe,Stable
2024-01-14 10:00:00,January,275.82,95.27,2,27.47,6.34,7.98,3.3,1,1,0,0,29.1,33.9,24.1,0.51,1,14.26315789,3.684210526,8.254996274,0.3990647264,0.01619019585,Yes,No,Normal,Safe,Stable
2024-01-14 11:00:00,January,275.82,95.27,2,27.47,6.34,7.98,3.3,1,1,0,0,29.1,33.9,24.1,0.51,1,14.31578947,3.421052632,8.253164861,0.4006241186,0.01441762295,No,No,Normal,Safe,Stable
2024-01-14 12:00:00,January,275.82,95.27,2,27.47,6.34,7.98,3.3,1,1,0,0,29.1,33.9,24.1,0.51,1,14.36842105,3.157894737,8.251333448,0.4021835108,0.01264505005,Yes,No,Normal,Safe,Stable
2024-01-14 13:00:00,January,275.82,95.27,2,27.47,6.34,7.98,3.3,1,1,0,1,29.1,33.9,24.1,0.51,1,14.42105263,2.894736842,8.249502034,0.403742903,0.01087247715,No,No,Normal,Safe,Stable
2024-01-14 14:00:00,January,275.82,95.27,2,27.47,6.34,7.98,3.3,1,1,0,1,29.1,33.9,24.1,0.51,1,14.47368421,2.631578947,8.247670621,0.4053022952,0.009099904247,Yes,No,Normal,Safe,Stable
2024-01-14 15:00:00,January,275.82,95.27,2,27.47,6.34,7.98,3.3,1,1,0,1,29.1,33.9,24.1,0.51,1,14.52631579,2.368421053,8.245839207,0.4068616874,0.007327331346,No,No,Normal,Safe,Stable
2024-01-14 16:00:00,January,275.82,95.27,2,27.47,6.34,7.98,3.3,1,1,0,0,29.1,33.9,24.1,0.51,1,14.57894737,2.105263158,8.244007794,0.4084210796,0.005554758445,Yes,No,Normal,Safe,Stable
2024-01-14 17:00:00,January,275.82,95.27,2,27.47,6.34,7.98,3.3,1,1,0,0,29.1,33.9,24.1,0.51,1,14.63157895,1.842105263,8.242176381,0.4099804718,0.003782185545,No,No,Normal,Safe,Stable
2024-01-14 18:00:00,January,275.82,95.27,2,27.47,6.34,7.98,3.3,1,1,0,1,29.1,33.9,24.1,0.51,1,14.68421053,1.578947368,8.240344967,0.4115398641,0.002009612644,Yes,No,Normal,Safe,Stable
2024-01-14 19:00:00,January,275.82,95.27,2,27.47,6.34,7.98,3.3,1,1,0,1,29.1,33.9,24.1,0.51,1,14.73684211,1.315789474,8.238513554,0.4130992563,0.0002370397432,No,No,Normal,Safe,Stable
2024-01-14 20:00:00,January,275.82,95.27,2,27.47,6.34,7.98,3.3,1,1,0,0,29.1,33.9,24.1,0.51,1,14.78947368,1.052631579,8.23668214,0.4146586485,-0.001535533158,Yes,No,Normal,Safe,Stable
2024-01-14 21:00:00,January,275.82,95.27,2,27.47,6.34,7.98,3.3,1,1,0,0,29.1,33.9,24.1,0.51,1,14.84210526,0.7894736842,8.234850727,0.4162180407,-0.003308106058,No,No,Normal,Safe,Stable
2024-01-14 22:00:00,January,275.82,95.27,2,27.47,6.34,7.98,3.3,1,1,0,0,29.1,33.9,24.1,0.51,1,14.89473684,0.5263157895,8.233019314,0.4177774329,-0.005080678959,Yes,No,Normal,Safe,Stable
2024-01-14 23:00:00,January,275.82,95.27,2,27.47,6.34,7.98,3.3,1,1,0,0,29.1,33.9,24.1,0.51,1,14.94736842,0.2631578947,8.2311879,0.4193368251,-0.00685325186,No,No,Normal,Safe,Stable
2024-01-15 00:00:00,January,275.82,95.27,2,27.47,6.34,7.98,3.3,1,1,1,0,29.1,33.9,24.1,0.51,1,15,0,8.229356487,0.4208962173,-0.00862582476,Yes,No,Normal,Safe,Stable
2024-01-15 01:00:00,January,275.82,95.27,2,27.47,6.34,7.98,3.3,1,1,1,0,29.1,33.9,24.1,0.51,1,15,1,8.096629596,0.3315797199,0.1480689871,No,No,Normal,Safe,Stable
2024-01-15 02:00:00,January,275.82,95.27,2,27.47,6.34,7.98,3.3,1,1,1,0,29.1,33.9,24.1,0.51,1,15,2,8.158864341,0.9474610891,0.01559433341,Yes,No,Normal,Safe,Stable
2024-01-15 03:00:00,January,275.82,95.27,2,27.47,6.34,7.98,3.3,1,1,0,0,29.1,33.9,24.1,0.51,1,15,3,7.984791728,0.9863173851,-0.0117435044,No,No,Normal,Safe,Stable
2024-01-15 04:00:00,January,275.82,95.27,2,27.47,6.34,7.98,3.3,1,1,0,0,29.1,33.9,24.1,0.51,1,15,4,8.40928603,0.2937460355,0.8525706369,Yes,No,Normal,Safe,Stable
2024-01-15 05:00:00,January,275.82,95.27,2,27.47,6.34,7.98,3.3,1,1,0,0,29.1,33.9,24.1,0.51,1,15,5,8.279614148,0.4038933456,0.02920235722,No,No,Normal,Safe,Stable
2024-01-15 06:00:00,January,275.82,95.27,2,27.47,6.34,7.98,3.3,1,1,0,0,29.1,33.9,24.1,0.51,1,15.05263158,4.736842105,8.27690369,0.4051838353,0.02823710033,Yes,No,Normal,Safe,Stable
2024-01-15 07:00:00,January,275.82,95.27,2,27.47,6.34,7.98,3.3,1,1,1,0,29.1,33.9,24.1,0.51,1,15.10526316,4.473684211,8.274193233,0.4064743249,0.02727184343,No,No,Normal,Safe,Stable
2024-01-15 08:00:00,January,275.82,95.27,2,27.47,6.34,7.98,3.3,1,1,1,0,29.1,33.9,24.1,0.51,1,15.15789474,4.210526316,8.271482776,0.4077648145,0.02630658654,Yes,No,Normal,Safe,Stable
2024-01-15 09:00:00,January,275.82,95.27,2,27.47,6.34,7.98,3.3,1,1,0,0,29.1,33.9,24.1,0.51,1,15.21052632,3.947368421,8.268772319,0.4090553041,0.02534132964,No,No,Normal,Safe,Stable
2024-01-15 10:00:00,January,275.82,95.27,2,27.47,6.34,7.98,3.3,1,1,0,0,29.1,33.9,24.1,0.51,1,15.26315789,3.684210526,8.266061862,0.4103457937,0.02437607275,Yes,No,Normal,Safe,Stable
2024-01-15 11:00:00,January,275.82,95.27,2,27.47,6.34,7.98,3.3,1,1,0,0,29.1,33.9,24.1,0.51,1,15.31578947,3.421052632,8.263351404,0.4116362833,0.02341081585,No,No,Normal,Safe,Stable
2024-01-15 12:00:00,January,275.82,95.27,2,27.47,6.34,7.98,3.3,1,1,0,0,29.1,33.9,24.1,0.51,1,15.36842105,3.157894737,8.260640947,0.4129267729,0.02244555895,Yes,No,Normal,Safe,Stable
2024-01-15 13:00:00,January,275.82,95.27,2,27.47,6.34,7.98,3.3,1,1,0,0,29.1,33.9,24.1,0.51,1,15.42105263,2.894736842,8.25793049,0.4142172626,0.02148030206,No,No,Normal,Safe,Stable
2024-01-15 14:00:00,January,275.82,95.27,2,27.47,6.34,7.98,3.3,1,1,0,0,29.1,33.9,24.1,0.51,1,15.47368421,2.631578947,8.255220033,0.4155077522,0.02051504516,Yes,No,Normal,Safe,Stable
2024-01-15 15:00:00,January,275.82,95.27,2,27.47,6.34,7.98,3.3,1,1,0,0,29.1,33.9,24.1,0.51,1,15.52631579,2.368421053,8.252509576,0.4167982418,0.01954978827,No,No,Normal,Safe,Stable
2024-01-15 16:00:00,January,275.82,95.27,2,27.47,6.34,7.98,3.3,1,1,0,1,29.1,33.9,24.1,0.51,1,15.57894737,2.105263158,8.249799118,0.4180887314,0.01858453137,Yes,No,Normal,Safe,Stable
2024-01-15 17:00:00,January,275.82,95.27,2,27.47,6.34,7.98,3.3,1,1,0,0,29.1,33.9,24.1,0.51,1,15.63157895,1.842105263,8.247088661,0.419379221,0.01761927448,No,No,Normal,Safe,Stable
2024-01-15 18:00:00,January,275.82,95.27,2,27.47,6.34,7.98,3.3,1,1,0,0,29.1,33.9,24.1,0.51,1,15.68421053,1.578947368,8.244378204,0.4206697106,0.01665401758,Yes,No,Normal,Safe,Stable
2024-01-15 19:00:00,January,275.82,95.27,2,27.47,6.34,7.98,3.3,1,1,1,0,29.1,33.9,24.1,0.51,1,15.73684211,1.315789474,8.241667747,0.4219602003,0.01568876069,No,No,Normal,Safe,Stable
2024-01-15 20:00:00,January,275.82,95.27,2,27.47,6.34,7.98,3.3,1,1,1,0,29.1,33.9,24.1,0.51,1,15.78947368,1.052631579,8.238957289,0.4232506899,0.01472350379,Yes,No,Normal,Safe,Stable
2024-01-15 21:00:00,January,275.82,95.27,2,27.47,6.34,7.98,3.3,1,1,0,0,29.1,33.9,24.1,0.51,1,15.84210526,0.7894736842,8.236246832,0.4245411795,0.0137582469,No,No,Normal,Safe,Stable
2024-01-15 22:00:00,January,275.82,95.27,2,27.47,6.34,7.98,3.3,1,1,0,1,29.1,33.9,24.1,0.51,1,15.89473684,0.5263157895,8.233536375,0.4258316691,0.01279299,Yes,No,Normal,Safe,Stable
2024-01-15 23:00:00,January,275.82,95.27,2,27.47,6.34,7.98,3.3,1,1,0,0,29.1,33.9,24.1,0.51,1,15.94736842,0.2631578947,8.230825918,0.4271221587,0.01182773311,No,No,Normal,Safe,Stable
2024-01-16 00:00:00,January,275.82,95.27,2,27.47,6.34,7.98,3.3,1,1,0,0,29.1,33.9,24.1,0.51,1,16,0,8.228115461,0.4284126483,0.01086247621,Yes,No,Normal,Safe,Stable
2024-01-16 01:00:00,January,275.82,95.27,2,27.47,6.34,7.98,3.3,1,1,0,0,29.1,33.9,24.1,0.51,1,16,1,7.865693783,0.3497286159,0.1004198526,No,No,Normal,Safe,Stable
2024-01-16 02:00:00,January,275.82,95.27,2,27.47,6.34,7.98,3.3,1,1,0,0,29.1,33.9,24.1,0.51,1,16,2,8.507010938,0.3441393807,0.4534227244,Yes,No,Normal,Safe,Stable
2024-01-16 03:00:00,January,275.82,95.27,2,27.47,6.34,7.98,3.3,1,1,0,0,29.1,33.9,24.1,0.51,1,16,3,8.365792832,0.26750943,0.9372414667,No,No,Normal,Safe,Stable
2024-01-16 04:00:00,January,275.82,95.27,2,27.47,6.34,7.98,3.3,1,1,0,1,29.1,33.9,24.1,0.51,1,16,4,8.308606924,0.2673925052,0.8326511171,Yes,No,Normal,Safe,Stable
2024-01-16 05:00:00,January,275.82,95.27,2,27.47,6.34,7.98,3.3,1,1,0,0,29.1,33.9,24.1,0.51,1,16,5,8.32010396,0.4065333244,0.03092572248,No,No,Normal,Safe,Stable
2024-01-16 06:00:00,January,275.82,95.27,2,27.47,6.34,7.98,3.3,1,1,0,1,29.1,33.9,24.1,0.51,1,16.05263158,4.736842105,8.278234846,0.4369278982,0.02935871126,Yes,No,Normal,Safe,Stable
2024-01-16 07:00:00,January,275.82,95.27,2,27.47,6.34,7.98,3.3,1,1,1,0,29.1,33.9,24.1,0.51,1,16.10526316,4.473684211,8.236365732,0.467322472,0.02779170004,No,No,Normal,Safe,Stable
2024-01-16 08:00:00,January,275.82,95.27,2,27.47,6.34,7.98,3.3,1,1,0,0,29.1,33.9,24.1,0.51,1,16.15789474,4.210526316,8.194496617,0.4977170459,0.02622468882,Yes,No,Normal,Safe,Stable
2024-01-16 09:00:00,January,275.82,95.27,2,27.47,6.34,7.98,3.3,1,1,1,0,29.1,33.9,24.1,0.51,1,16.21052632,3.947368421,8.152627503,0.5281116197,0.02465767759,No,No,Normal,Safe,Stable
2024-01-16 10:00:00,January,275.82,95.27,2,27.47,6.34,7.98,3.3,1,1,0,0,29.1,33.9,24.1,0.51,1,16.26315789,3.684210526,8.110758388,0.5585061935,0.02309066637,Yes,No,Normal,Safe,Stable
2024-01-16 11:00:00,January,275.82,95.27,2,27.47,6.34,7.98,3.3,1,1,0,0,29.1,33.9,24.1,0.51,1,16.31578947,3.421052632,8.068889274,0.5889007674,0.02152365515,No,No,Normal,Safe,Stable
2024-01-16 12:00:00,January,275.82,95.27,2,27.47,6.34,7.98,3.3,1,1,0,0,29.1,33.9,24.1,0.51,1,16.36842105,3.157894737,8.027020159,0.6192953412,0.01995664393,Yes,No,Normal,Safe,Stable
2024-01-16 13:00:00,January,275.82,95.27,2,27.47,6.34,7.98,3.3,1,1,0,1,29.1,33.9,24.1,0.51,1,16.42105263,2.894736842,7.985151045,0.649689915,0.01838963271,No,No,Normal,Safe,Stable
2024-01-16 14:00:00,January,275.82,95.27,2,27.47,6.34,7.98,3.3,1,1,0,1,29.1,33.9,24.1,0.51,1,16.47368421,2.631578947,7.94328193,0.6800844889,0.01682262149,Yes,No,Normal,Safe,Stable
2024-01-16 15:00:00,January,275.82,95.27,2,27.47,6.34,7.98,3.3,1,1,0,0,29.1,33.9,24.1,0.51,1,16.52631579,2.368421053,7.901412816,0.7104790627,0.01525561026,No,No,Normal,Safe,Stable
2024-01-16 16:00:00,January,275.82,95.27,2,27.47,6.34,7.98,3.3,1,1,1,1,29.1,33.9,24.1,0.51,1,16.57894737,2.105263158,7.859543701,0.7408736365,0.01368859904,Yes,No,Normal,Safe,Stable
2024-01-16 17:00:00,January,275.82,95.27,2,27.47,6.34,7.98,3.3,1,1,0,1,29.1,33.9,24.1,0.51,1,16.63157895,1.842105263,7.817674587,0.7712682104,0.01212158782,No,No,Normal,Safe,Stable
2024-01-16 18:00:00,January,275.82,95.27,2,27.47,6.34,7.98,3.3,1,1,0,0,29.1,33.9,24.1,0.51,1,16.68421053,1.578947368,7.775805472,0.8016627842,0.0105545766,Yes,No,Normal,Safe,Stable
2024-01-16 19:00:00,January,275.82,95.27,2,27.47,6.34,7.98,3.3,1,1,0,0,29.1,33.9,24.1,0.51,1,16.73684211,1.315789474,7.733936358,0.832057358,0.008987565378,No,No,Normal,Safe,Stable
2024-01-16 20:00:00,January,275.82,95.27,2,27.47,6.34,7.98,3.3,1,1,0,0,29.1,33.9,24.1,0.51,1,16.78947368,1.052631579,7.692067243,0.8624519318,0.007420554156,Yes,No,Normal,Safe,Stable
2024-01-16 21:00:00,January,275.82,95.27,2,27.47,6.34,7.98,3.3,1,1,1,1,29.1,33.9,24.1,0.51,1,16.84210526,0.7894736842,7.650198129,0.8928465057,0.005853542934,No,No,Normal,Safe,Stable
2024-01-16 22:00:00,January,275.82,95.27,2,27.47,6.34,7.98,3.3,1,1,0,0,29.1,33.9,24.1,0.51,1,16.89473684,0.5263157895,7.608329014,0.9232410795,0.004286531713,Yes,No,Normal,Safe,Stable
2024-01-16 23:00:00,January,275.82,95.27,2,27.47,6.34,7.98,3.3,1,1,0,0,29.1,33.9,24.1,0.51,1,16.94736842,0.2631578947,7.5664599,0.9536356533,0.002719520491,No,No,Normal,Safe,Stable
2024-01-17 00:00:00,January,275.82,95.27,2,27.47,6.34,7.98,3.3,1,1,0,0,29.1,33.9,24.1,0.51,1,17,0,7.524590786,0.9840302272,0.001152509269,Yes,No,Normal,Safe,Stable
2024-01-17 01:00:00,January,275.82,95.27,2,27.47,6.34,7.98,3.3,1,1,0,0,29.1,33.9,24.1,0.51,1,17,1,7.968204693,0.9376443517,-0.008761062726,No,No,Normal,Safe,Stable
2024-01-17 02:00:00,January,275.82,95.27,2,27.47,6.34,7.98,3.3,1,1,0,1,29.1,33.9,24.1,0.51,1,17,2,8.03197417,1.011412192,-0.02252673308,Yes,No,Normal,Safe,Stable
2024-01-17 03:00:00,January,275.82,95.27,2,27.47,6.34,7.98,3.3,1,1,0,0,29.1,33.9,24.1,0.51,1,17,3,8.555616967,0.5723179859,0.03237488214,No,No,Normal,Safe,Stable
2024-01-17 04:00:00,January,275.82,95.27,2,27.47,6.34,7.98,3.3,1,1,0,0,29.1,33.9,24.1,0.51,1,17,4,7.659563786,0.9567077088,-0.008766863878,Yes,No,Normal,Safe,Stable
2024-01-17 05:00:00,January,275.82,95.27,2,27.47,6.34,7.98,3.3,1,1,0,0,29.1,33.9,24.1,0.51,1,17,5,8.139870273,0.381525329,0.0001530037957,No,No,Normal,Safe,Stable
2024-01-17 06:00:00,January,275.82,95.27,2,27.47,6.34,7.98,3.3,1,1,0,0,29.1,33.9,24.1,0.51,1,17.05263158,4.736842105,8.110056513,0.4112640945,0.0002384617302,Yes,No,Normal,Safe,Stable
2024-01-17 07:00:00,January,275.82,95.27,2,27.47,6.34,7.98,3.3,1,1,0,1,29.1,33.9,24.1,0.51,1,17.10526316,4.473684211,8.080242754,0.44100286,0.0003239196647,No,No,Normal,Safe,Stable
2024-01-17 08:00:00,January,275.82,95.27,2,27.47,6.34,7.98,3.3,1,1,1,0,29.1,33.9,24.1,0.51,1,17.15789474,4.210526316,8.050428995,0.4707416254,0.0004093775991,Yes,No,Normal,Safe,Stable
2024-01-17 09:00:00,January,275.82,95.27,2,27.47,6.34,7.98,3.3,1,1,1,0,29.1,33.9,24.1,0.51,1,17.21052632,3.947368421,8.020615235,0.5004803909,0.0004948355336,No,No,Normal,Safe,Stable
2024-01-17 10:00:00,January,275.82,95.27,2,27.47,6.34,7.98,3.3,1,1,0,0,29.1,33.9,24.1,0.51,1,17.26315789,3.684210526,7.990801476,0.5302191564,0.000580293468,Yes,No,Normal,Safe,Stable
2024-01-17 11:00:00,January,275.82,95.27,2,27.47,6.34,7.98,3.3,1,1,0,1,29.1,33.9,24.1,0.51,1,17.31578947,3.421052632,7.960987716,0.5599579219,0.0006657514025,No,No,Normal,Safe,Stable
2024-01-17 12:00:00,January,275.82,95.27,2,27.47,6.34,7.98,3.3,1,1,0,0,29.1,33.9,24.1,0.51,1,17.36842105,3.157894737,7.931173957,0.5896966874,0.0007512093369,Yes,No,Normal,Safe,Stable
2024-01-17 13:00:00,January,275.82,95.27,2,27.47,6.34,7.98,3.3,1,1,0,0,29.1,33.9,24.1,0.51,1,17.42105263,2.894736842,7.901360197,0.6194354529,0.0008366672714,No,No,Normal,Safe,Stable
2024-01-17 14:00:00,January,275.82,95.27,2,27.47,6.34,7.98,3.3,1,1,0,0,29.1,33.9,24.1,0.51,1,17.47368421,2.631578947,7.871546438,0.6491742183,0.0009221252058,Yes,No,Normal,Safe,Stable
2024-01-17 15:00:00,January,275.82,95.27,2,27.47,6.34,7.98,3.3,1,1,0,0,29.1,33.9,24.1,0.51,1,17.52631579,2.368421053,7.841732678,0.6789129838,0.00100758314,No,No,Normal,Safe,Stable
2024-01-17 16:00:00,January,275.82,95.27,2,27.47,6.34,7.98,3.3,1,1,0,0,29.1,33.9,24.1,0.51,1,17.57894737,2.105263158,7.811918919,0.7086517493,0.001093041075,Yes,No,Normal,Safe,Stable
2024-01-17 17:00:00,January,275.82,95.27,2,27.47,6.34,7.98,3.3,1,1,0,1,29.1,33.9,24.1,0.51,1,17.63157895,1.842105263,7.782105159,0.7383905148,0.001178499009,No,No,Normal,Safe,Stable
2024-01-17 18:00:00,January,275.82,95.27,2,27.47,6.34,7.98,3.3,1,1,0,0,29.1,33.9,24.1,0.51,1,17.68421053,1.578947368,7.7522914,0.7681292803,0.001263956944,Yes,No,Normal,Safe,Stable
2024-01-17 19:00:00,January,275.82,95.27,2,27.47,6.34,7.98,3.3,1,1,0,0,29.1,33.9,24.1,0.51,1,17.73684211,1.315789474,7.72247764,0.7978680458,0.001349414878,No,No,Normal,Safe,Stable
2024-01-17 20:00:00,January,275.82,95.27,2,27.47,6.34,7.98,3.3,1,1,0,0,29.1,33.9,24.1,0.51,1,17.78947368,1.052631579,7.692663881,0.8276068113,0.001434872813,Yes,No,Normal,Safe,Stable
2024-01-17 21:00:00,January,275.82,95.27,2,27.47,6.34,7.98,3.3,1,1,0,0,29.1,33.9,24.1,0.51,1,17.84210526,0.7894736842,7.662850121,0.8573455767,0.001520330747,No,No,Normal,Safe,Stable
2024-01-17 22:00:00,January,275.82,95.27,2,27.47,6.34,7.98,3.3,1,1,1,0,29.1,33.9,24.1,0.51,1,17.89473684,0.5263157895,7.633036362,0.8870843422,0.001605788681,Yes,No,Normal,Safe,Stable
2024-01-17 23:00:00,January,275.82,95.27,2,27.47,6.34,7.98,3.3,1,1,0,0,29.1,33.9,24.1,0.51,1,17.94736842,0.2631578947,7.603222602,0.9168231077,0.001691246616,No,No,Normal,Safe,Stable
2024-01-18 00:00:00,January,275.82,95.27,2,27.47,6.34,7.98,3.3,1,1,0,0,29.1,33.9,24.1,0.51,1,18,0,7.573408843,0.9465618732,0.00177670455,Yes,No,Normal,Safe,Stable
2024-01-18 01:00:00,January,275.82,95.27,2,27.47,6.34,7.98,3.3,1,1,0,0,29.1,33.9,24.1,0.51,1,18,1,8.265965969,0.3002521745,0.1461129508,No,No,Normal,Safe,Stable
2024-01-18 02:00:00,January,275.82,95.27,2,27.47,6.34,7.98,3.3,1,1,0,0,29.1,33.9,24.1,0.51,1,18,2,7.845797416,0.3393438169,0.4894061942,Yes,No,Normal,Safe,Stable
2024-01-18 03:00:00,January,275.82,95.27,2,27.47,6.34,7.98,3.3,1,1,0,0,29.1,33.9,24.1,0.51,1,18,3,8.3436589,0.3335948319,0.9024700594,No,No,Normal,Safe,Stable
2024-01-18 04:00:00,January,275.82,95.27,2,27.47,6.34,7.98,3.3,1,1,0,0,29.1,33.9,24.1,0.51,1,18,4,8.395878122,0.2737436071,0.9545872687,Yes,No,Normal,Safe,Stable
2024-01-18 05:00:00,January,275.82,95.27,2,27.47,6.34,7.98,3.3,1,1,0,0,29.1,33.9,24.1,0.51,1,18,5,8.293340129,0.4119790898,-0.02147664535,No,No,Normal,Safe,Stable
2024-01-18 06:00:00,January,275.82,95.27,2,27.47,6.34,7.98,3.3,1,1,0,0,29.1,33.9,24.1,0.51,1,18.05263158,4.736842105,8.290184032,0.4110631181,-0.01994512135,Yes,No,Normal,Safe,Stable
2024-01-18 07:00:00,January,275.82,95.27,2,27.47,6.34,7.98,3.3,1,1,0,0,29.1,33.9,24.1,0.51,1,18.10526316,4.473684211,8.287027935,0.4101471465,-0.01841359735,No,No,Normal,Safe,Stable
2024-01-18 08:00:00,January,275.82,95.27,2,27.47,6.34,7.98,3.3,1,1,0,0,29.1,33.9,24.1,0.51,1,18.15789474,4.210526316,8.283871839,0.4092311748,-0.01688207335,Yes,No,Normal,Safe,Stable
2024-01-18 09:00:00,January,275.82,95.27,2,27.47,6.34,7.98,3.3,1,1,0,0,29.1,33.9,24.1,0.51,1,18.21052632,3.947368421,8.280715742,0.4083152031,-0.01535054934,No,No,Normal,Safe,Stable
2024-01-18 10:00:00,January,275.82,95.27,2,27.47,6.34,7.98,3.3,1,1,0,0,29.1,33.9,24.1,0.51,1,18.26315789,3.684210526,8.277559646,0.4073992314,-0.01381902534,Yes,No,Normal,Safe,Stable
2024-01-18 11:00:00,January,275.82,95.27,2,27.47,6.34,7.98,3.3,1,1,0,0,29.1,33.9,24.1,0.51,1,18.31578947,3.421052632,8.274403549,0.4064832597,-0.01228750134,No,No,Normal,Safe,Stable
2024-01-18 12:00:00,January,275.82,95.27,2,27.47,6.34,7.98,3.3,1,1,0,0,29.1,33.9,24.1,0.51,1,18.36842105,3.157894737,8.271247452,0.405567288,-0.01075597734,Yes,No,Normal,Safe,Stable
2024-01-18 13:00:00,January,275.82,95.27,2,27.47,6.34,7.98,3.3,1,1,0,0,29.1,33.9,24.1,0.51,1,18.42105263,2.894736842,8.268091356,0.4046513164,-0.009224453334,No,No,Normal,Safe,Stable
2024-01-18 14:00:00,January,275.82,95.27,2,27.47,6.34,7.98,3.3,1,1,0,0,29.1,33.9,24.1,0.51,1,18.47368421,2.631578947,8.264935259,0.4037353447,-0.007692929331,Yes,No,Normal,Safe,Stable
2024-01-18 15:00:00,January,275.82,95.27,2,27.47,6.34,7.98,3.3,1,1,0,0,29.1,33.9,24.1,0.51,1,18.52631579,2.368421053,8.261779162,0.402819373,-0.006161405329,No,No,Normal,Safe,Stable
2024-01-18 16:00:00,January,275.82,95.27,2,27.47,6.34,7.98,3.3,1,1,0,0,29.1,33.9,24.1,0.51,1,18.57894737,2.105263158,8.258623066,0.4019034013,-0.004629881327,Yes,No,Normal,Safe,Stable
2024-01-18 17:00:00,January,275.82,95.27,2,27.47,6.34,7.98,3.3,1,1,1,0,29.1,33.9,24.1,0.51,1,18.63157895,1.842105263,8.255466969,0.4009874296,-0.003098357324,No,No,Normal,Safe,Stable
2024-01-18 18:00:00,January,275.82,95.27,2,27.47,6.34,7.98,3.3,1,1,1,0,29.1,33.9,24.1,0.51,1,18.68421053,1.578947368,8.252310873,0.4000714579,-0.001566833322,Yes,No,Normal,Safe,Stable
2024-01-18 19:00:00,January,275.82,95.27,2,27.47,6.34,7.98,3.3,1,1,0,1,29.1,33.9,24.1,0.51,1,18.73684211,1.315789474,8.249154776,0.3991554862,-0.00003530931931,No,No,Normal,Safe,Stable
2024-01-18 20:00:00,January,275.82,95.27,2,27.47,6.34,7.98,3.3,1,1,0,0,29.1,33.9,24.1,0.51,1,18.78947368,1.052631579,8.245998679,0.3982395146,0.001496214683,Yes,No,Normal,Safe,Stable
2024-01-18 21:00:00,January,275.82,95.27,2,27.47,6.34,7.98,3.3,1,1,1,0,29.1,33.9,24.1,0.51,1,18.84210526,0.7894736842,8.242842583,0.3973235429,0.003027738685,No,No,Normal,Safe,Stable
2024-01-18 22:00:00,January,275.82,95.27,2,27.47,6.34,7.98,3.3,1,1,0,0,29.1,33.9,24.1,0.51,1,18.89473684,0.5263157895,8.239686486,0.3964075712,0.004559262688,Yes,No,Normal,Safe,Stable
2024-01-18 23:00:00,January,275.82,95.27,2,27.47,6.34,7.98,3.3,1,1,0,0,29.1,33.9,24.1,0.51,1,18.94736842,0.2631578947,8.236530389,0.3954915995,0.00609078669,No,No,Normal,Safe,Stable
2024-01-19 00:00:00,January,275.82,95.27,2,27.47,6.34,7.98,3.3,1,1,0,0,29.1,33.9,24.1,0.51,1,19,0,8.233374293,0.3945756278,0.007622310693,Yes,No,Normal,Safe,Stable
2024-01-19 01:00:00,January,275.82,95.27,2,27.47,6.34,7.98,3.3,1,1,0,0,29.1,33.9,24.1,0.51,1,19,1,8.004594864,0.3158049392,0.1507881626,No,No,Normal,Safe,Stable
2024-01-19 02:00:00,January,275.82,95.27,2,27.47,6.34,7.98,3.3,1,1,1,0,29.1,33.9,24.1,0.51,1,19,2,7.780944425,1.004332447,0.008821380178,Yes,No,Normal,Safe,Stable
2024-01-19 03:00:00,January,275.82,95.27,2,27.47,6.34,7.98,3.3,1,1,0,1,29.1,33.9,24.1,0.51,1,19,3,8.003400449,0.3487836127,0.8213299324,No,No,Normal,Safe,Stable
2024-01-19 04:00:00,January,275.82,95.27,2,27.47,6.34,7.98,3.3,1,1,0,0,29.1,33.9,24.1,0.51,1,19,4,7.87101445,0.9613428429,-0.01366194001,Yes,No,Normal,Safe,Stable
2024-01-19 05:00:00,January,275.82,95.27,2,27.47,6.34,7.98,3.3,1,1,0,0,29.1,33.9,24.1,0.51,1,19,5,8.306481865,0.3786343538,-0.01196379268,No,No,Normal,Safe,Stable
2024-01-19 06:00:00,January,275.82,95.27,2,27.47,6.34,7.98,3.3,1,1,0,0,29.1,33.9,24.1,0.51,1,19.05263158,4.736842105,8.275619127,0.4081108459,-0.01224971169,Yes,No,Normal,Safe,Stable
2024-01-19 07:00:00,January,275.82,95.27,2,27.47,6.34,7.98,3.3,1,1,0,1,29.1,33.9,24.1,0.51,1,19.10526316,4.473684211,8.244756389,0.437587338,-0.0125356307,No,No,Normal,Safe,Stable
2024-01-19 08:00:00,January,275.82,95.27,2,27.47,6.34,7.98,3.3,1,1,0,0,29.1,33.9,24.1,0.51,1,19.15789474,4.210526316,8.213893651,0.4670638302,-0.01282154971,Yes,No,Normal,Safe,Stable
2024-01-19 09:00:00,January,275.82,95.27,2,27.47,6.34,7.98,3.3,1,1,0,0,29.1,33.9,24.1,0.51,1,19.21052632,3.947368421,8.183030912,0.4965403223,-0.01310746872,No,No,Normal,Safe,Stable
2024-01-19 10:00:00,January,275.82,95.27,2,27.47,6.34,7.98,3.3,1,1,0,0,29.1,33.9,24.1,0.51,1,19.26315789,3.684210526,8.152168174,0.5260168144,-0.01339338773,Yes,No,Normal,Safe,Stable
2024-01-19 11:00:00,January,275.82,95.27,2,27.47,6.34,7.98,3.3,1,1,0,0,29.1,33.9,24.1,0.51,1,19.31578947,3.421052632,8.121305436,0.5554933065,-0.01367930674,No,No,Normal,Safe,Stable
2024-01-19 12:00:00,January,275.82,95.27,2,27.47,6.34,7.98,3.3,1,1,1,0,29.1,33.9,24.1,0.51,1,19.36842105,3.157894737,8.090442698,0.5849697986,-0.01396522575,Yes,No,Normal,Safe,Stable
2024-01-19 13:00:00,January,275.82,95.27,2,27.47,6.34,7.98,3.3,1,1,0,0,29.1,33.9,24.1,0.51,1,19.42105263,2.894736842,8.05957996,0.6144462907,-0.01425114476,No,No,Normal,Safe,Stable
2024-01-19 14:00:00,January,275.82,95.27,2,27.47,6.34,7.98,3.3,1,1,1,0,29.1,33.9,24.1,0.51,1,19.47368421,2.631578947,8.028717222,0.6439227828,-0.01453706377,Yes,No,Normal,Safe,Stable
2024-01-19 15:00:00,January,275.82,95.27,2,27.47,6.34,7.98,3.3,1,1,0,0,29.1,33.9,24.1,0.51,1,19.52631579,2.368421053,7.997854484,0.6733992749,-0.01482298278,No,No,Normal,Safe,Stable
2024-01-19 16:00:00,January,275.82,95.27,2,27.47,6.34,7.98,3.3,1,1,0,0,29.1,33.9,24.1,0.51,1,19.57894737,2.105263158,7.966991746,0.702875767,-0.01510890179,Yes,No,Normal,Safe,Stable
2024-01-19 17:00:00,January,275.82,95.27,2,27.47,6.34,7.98,3.3,1,1,0,0,29.1,33.9,24.1,0.51,1,19.63157895,1.842105263,7.936129007,0.7323522591,-0.0153948208,No,No,Normal,Safe,Stable
2024-01-19 18:00:00,January,275.82,95.27,2,27.47,6.34,7.98,3.3,1,1,1,0,29.1,33.9,24.1,0.51,1,19.68421053,1.578947368,7.905266269,0.7618287512,-0.01568073981,Yes,No,Normal,Safe,Stable
2024-01-19 19:00:00,January,275.82,95.27,2,27.47,6.34,7.98,3.3,1,1,0,1,29.1,33.9,24.1,0.51,1,19.73684211,1.315789474,7.874403531,0.7913052433,-0.01596665882,No,No,Normal,Safe,Stable
2024-01-19 20:00:00,January,275.82,95.27,2,27.47,6.34,7.98,3.3,1,1,0,0,29.1,33.9,24.1,0.51,1,19.78947368,1.052631579,7.843540793,0.8207817354,-0.01625257783,Yes,No,Normal,Safe,Stable
2024-01-19 21:00:00,January,275.82,95.27,2,27.47,6.34,7.98,3.3,1,1,1,0,29.1,33.9,24.1,0.51,1,19.84210526,0.7894736842,7.812678055,0.8502582275,-0.01653849684,No,No,Normal,Safe,Stable
2024-01-19 22:00:00,January,275.82,95.27,2,27.47,6.34,7.98,3.3,1,1,0,0,29.1,33.9,24.1,0.51,1,19.89473684,0.5263157895,7.781815317,0.8797347196,-0.01682441585,Yes,No,Normal,Safe,Stable
2024-01-19 23:00:00,January,275.82,95.27,2,27.47,6.34,7.98,3.3,1,1,0,0,29.1,33.9,24.1,0.51,1,19.94736842,0.2631578947,7.750952579,0.9092112117,-0.01711033486,No,No,Normal,Safe,Stable
2024-01-20 00:00:00,January,275.82,95.27,2,27.47,6.34,7.98,3.3,1,1,1,0,29.1,33.9,24.1,0.51,1,20,0,7.72008984,0.9386877038,-0.01739625387,Yes,No,Normal,Safe,Stable
2024-01-20 01:00:00,January,275.82,95.27,2,27.47,6.34,7.98,3.3,1,1,1,1,29.1,33.9,24.1,0.51,1,20,1,7.892162219,0.349972813,0.1062953671,No,No,Normal,Safe,Stable
2024-01-20 02:00:00,January,275.82,95.27,2,27.47,6.34,7.98,3.3,1,1,0,0,29.1,33.9,24.1,0.51,1,20,2,8.075647508,0.9570093404,0.02631008336,Yes,No,Normal,Safe,Stable
2024-01-20 03:00:00,January,275.82,95.27,2,27.47,6.34,7.98,3.3,1,1,0,0,29.1,33.9,24.1,0.51,1,20,3,8.334646301,0.2884314879,0.8361704411,No,No,Normal,Safe,Stable
2024-01-20 04:00:00,January,275.82,95.27,2,27.47,6.34,7.98,3.3,1,1,0,0,29.1,33.9,24.1,0.51,1,20,4,7.797826348,0.9854243291,0.01157630462,Yes,No,Normal,Safe,Stable
2024-01-20 05:00:00,January,275.82,95.27,2,27.47,6.34,7.98,3.3,1,1,0,0,29.1,33.9,24.1,0.51,1,20,5,7.351138958,0.9821310335,-0.00618272218,No,No,Normal,Safe,Stable
2024-01-20 06:00:00,January,275.82,95.27,2,27.47,6.34,7.98,3.3,1,1,0,0,29.1,33.9,24.1,0.51,1,20.05263158,4.736842105,7.404330514,0.9462610384,0.002536009712,Yes,No,Normal,Safe,Stable
2024-01-20 07:00:00,January,275.82,95.27,2,27.47,6.34,7.98,3.3,1,1,0,0,29.1,33.9,24.1,0.51,1,20.10526316,4.473684211,7.457522069,0.9103910433,0.0112547416,No,No,Normal,Safe,Stable
2024-01-20 08:00:00,January,275.82,95.27,2,27.47,6.34,7.98,3.3,1,1,0,0,29.1,33.9,24.1,0.51,1,20.15789474,4.210526316,7.510713625,0.8745210482,0.01997347349,Yes,No,Normal,Safe,Stable
2024-01-20 09:00:00,January,275.82,95.27,2,27.47,6.34,7.98,3.3,1,1,0,0,29.1,33.9,24.1,0.51,1,20.21052632,3.947368421,7.563905181,0.8386510531,0.02869220539,No,No,Normal,Safe,Stable
2024-01-20 10:00:00,January,275.82,95.27,2,27.47,6.34,7.98,3.3,1,1,0,0,29.1,33.9,24.1,0.51,1,20.26315789,3.684210526,7.617096737,0.802781058,0.03741093728,Yes,No,Normal,Safe,Stable
2024-01-20 11:00:00,January,275.82,95.27,2,27.47,6.34,7.98,3.3,1,1,0,0,29.1,33.9,24.1,0.51,1,20.31578947,3.421052632,7.670288293,0.7669110629,0.04612966917,No,No,Normal,Safe,Stable
2024-01-20 12:00:00,January,275.82,95.27,2,27.47,6.34,7.98,3.3,1,1,0,0,29.1,33.9,24.1,0.51,1,20.36842105,3.157894737,7.723479849,0.7310410678,0.05484840106,Yes,No,Normal,Safe,Stable
2024-01-20 13:00:00,January,275.82,95.27,2,27.47,6.34,7.98,3.3,1,1,0,0,29.1,33.9,24.1,0.51,1,20.42105263,2.894736842,7.776671405,0.6951710727,0.06356713295,No,No,Normal,Safe,Stable
2024-01-20 14:00:00,January,275.82,95.27,2,27.47,6.34,7.98,3.3,1,1,0,1,29.1,33.9,24.1,0.51,1,20.47368421,2.631578947,7.829862961,0.6593010776,0.07228586484,Yes,No,Normal,Safe,Stable
2024-01-20 15:00:00,January,275.82,95.27,2,27.47,6.34,7.98,3.3,1,1,0,0,29.1,33.9,24.1,0.51,1,20.52631579,2.368421053,7.883054517,0.6234310825,0.08100459673,No,No,Normal,Safe,Stable
2024-01-20 16:00:00,January,275.82,95.27,2,27.47,6.34,7.98,3.3,1,1,0,0,29.1,33.9,24.1,0.51,1,20.57894737,2.105263158,7.936246072,0.5875610874,0.08972332863,Yes,No,Normal,Safe,Stable
2024-01-20 17:00:00,January,275.82,95.27,2,27.47,6.34,7.98,3.3,1,1,0,0,29.1,33.9,24.1,0.51,1,20.63157895,1.842105263,7.989437628,0.5516910923,0.09844206052,No,No,Normal,Safe,Stable
2024-01-20 18:00:00,January,275.82,95.27,2,27.47,6.34,7.98,3.3,1,1,0,0,29.1,33.9,24.1,0.51,1,20.68421053,1.578947368,8.042629184,0.5158210972,0.1071607924,Yes,No,Normal,Safe,Stable
2024-01-20 19:00:00,January,275.82,95.27,2,27.47,6.34,7.98,3.3,1,1,0,0,29.1,33.9,24.1,0.51,1,20.73684211,1.315789474,8.09582074,0.4799511021,0.1158795243,No,No,Normal,Safe,Stable
2024-01-20 20:00:00,January,275.82,95.27,2,27.47,6.34,7.98,3.3,1,1,0,0,29.1,33.9,24.1,0.51,1,20.78947368,1.052631579,8.149012296,0.444081107,0.1245982562,Yes,No,Normal,Safe,Stable
2024-01-20 21:00:00,January,275.82,95.27,2,27.47,6.34,7.98,3.3,1,1,0,0,29.1,33.9,24.1,0.51,1,20.84210526,0.7894736842,8.202203852,0.4082111119,0.1333169881,No,No,Normal,Safe,Stable
2024-01-20 22:00:00,January,275.82,95.27,2,27.47,6.34,7.98,3.3,1,1,0,0,29.1,33.9,24.1,0.51,1,20.89473684,0.5263157895,8.255395408,0.3723411168,0.14203572,Yes,No,Normal,Safe,Stable
2024-01-20 23:00:00,January,275.82,95.27,2,27.47,6.34,7.98,3.3,1,1,0,0,29.1,33.9,24.1,0.51,1,20.94736842,0.2631578947,8.308586964,0.3364711217,0.1507544519,No,No,Normal,Safe,Stable
2024-01-21 00:00:00,January,275.82,95.27,2,27.47,6.34,7.98,3.3,1,1,0,0,29.1,33.9,24.1,0.51,1,21,0,8.36177852,0.3006011266,0.1594731838,Yes,No,Normal,Safe,Stable
2024-01-21 01:00:00,January,275.82,95.27,2,27.47,6.34,7.98,3.3,1,1,0,0,29.1,33.9,24.1,0.51,1,21,1,8.286647885,0.3238327343,0.1256388995,No,No,Normal,Safe,Stable
2024-01-21 02:00:00,January,275.82,95.27,2,27.47,6.34,7.98,3.3,1,1,0,0,29.1,33.9,24.1,0.51,1,21,2,7.64070337,0.9796785693,-0.03893150612,Yes,No,Normal,Safe,Stable
2024-01-21 03:00:00,January,275.82,95.27,2,27.47,6.34,7.98,3.3,1,1,0,0,29.1,33.9,24.1,0.51,1,21,3,7.932025866,0.5254427386,0.05559364815,No,No,Normal,Safe,Stable
2024-01-21 04:00:00,January,275.82,95.27,2,27.47,6.34,7.98,3.3,1,1,0,0,29.1,33.9,24.1,0.51,1,21,4,8.324376115,0.31157025,0.9495351793,Yes,No,Normal,Safe,Stable
2024-01-21 05:00:00,January,275.82,95.27,2,27.47,6.34,7.98,3.3,1,1,0,0,29.1,33.9,24.1,0.51,1,21,5,8.309830784,0.3754170505,0.01211285526,No,No,Normal,Safe,Stable
2024-01-21 06:00:00,January,275.82,95.27,2,27.47,6.34,7.98,3.3,1,1,0,1,29.1,33.9,24.1,0.51,1,21.05263158,4.736842105,8.2991511,0.3794202713,0.01149177272,Yes,No,Normal,Safe,Stable
2024-01-21 07:00:00,January,275.82,95.27,2,27.47,6.34,7.98,3.3,1,1,0,0,29.1,33.9,24.1,0.51,1,21.10526316,4.473684211,8.288471416,0.3834234921,0.01087069017,No,No,Normal,Safe,Stable
2024-01-21 08:00:00,January,275.82,95.27,2,27.47,6.34,7.98,3.3,1,1,0,0,29.1,33.9,24.1,0.51,1,21.15789474,4.210526316,8.277791732,0.387426713,0.01024960762,Yes,No,Normal,Safe,Stable
2024-01-21 09:00:00,January,275.82,95.27,2,27.47,6.34,7.98,3.3,1,1,0,0,29.1,33.9,24.1,0.51,1,21.21052632,3.947368421,8.267112048,0.3914299338,0.009628525078,No,No,Normal,Safe,Stable
2024-01-21 10:00:00,January,275.82,95.27,2,27.47,6.34,7.98,3.3,1,1,0,0,29.1,33.9,24.1,0.51,1,21.26315789,3.684210526,8.256432365,0.3954331546,0.009007442532,Yes,No,Normal,Safe,Stable
2024-01-21 11:00:00,January,275.82,95.27,2,27.47,6.34,7.98,3.3,1,1,0,0,29.1,33.9,24.1,0.51,1,21.31578947,3.421052632,8.245752681,0.3994363754,0.008386359986,No,No,Normal,Safe,Stable
2024-01-21 12:00:00,January,275.82,95.27,2,27.47,6.34,7.98,3.3,1,1,0,0,29.1,33.9,24.1,0.51,1,21.36842105,3.157894737,8.235072997,0.4034395963,0.00776527744,Yes,No,Normal,Safe,Stable
2024-01-21 13:00:00,January,275.82,95.27,2,27.47,6.34,7.98,3.3,1,1,0,0,29.1,33.9,24.1,0.51,1,21.42105263,2.894736842,8.224393313,0.4074428171,0.007144194894,No,No,Normal,Safe,Stable
2024-01-21 14:00:00,January,275.82,95.27,2,27.47,6.34,7.98,3.3,1,1,0,0,29.1,33.9,24.1,0.51,1,21.47368421,2.631578947,8.213713629,0.4114460379,0.006523112348,Yes,No,Normal,Safe,Stable
2024-01-21 15:00:00,January,275.82,95.27,2,27.47,6.34,7.98,3.3,1,1,1,1,29.1,33.9,24.1,0.51,1,21.52631579,2.368421053,8.203033946,0.4154492588,0.005902029802,No,No,Normal,Safe,Stable
2024-01-21 16:00:00,January,275.82,95.27,2,27.47,6.34,7.98,3.3,1,1,0,0,29.1,33.9,24.1,0.51,1,21.57894737,2.105263158,8.192354262,0.4194524796,0.005280947256,Yes,No,Normal,Safe,Stable
2024-01-21 17:00:00,January,275.82,95.27,2,27.47,6.34,7.98,3.3,1,1,0,1,29.1,33.9,24.1,0.51,1,21.63157895,1.842105263,8.181674578,0.4234557004,0.00465986471,No,No,Normal,Safe,Stable
2024-01-21 18:00:00,January,275.82,95.27,2,27.47,6.34,7.98,3.3,1,1,0,0,29.1,33.9,24.1,0.51,1,21.68421053,1.578947368,8.170994894,0.4274589212,0.004038782164,Yes,No,Normal,Safe,Stable
2024-01-21 19:00:00,January,275.82,95.27,2,27.47,6.34,7.98,3.3,1,1,1,0,29.1,33.9,24.1,0.51,1,21.73684211,1.315789474,8.16031521,0.4314621421,0.003417699618,No,No,Normal,Safe,Stable
2024-01-21 20:00:00,January,275.82,95.27,2,27.47,6.34,7.98,3.3,1,1,0,0,29.1,33.9,24.1,0.51,1,21.78947368,1.052631579,8.149635527,0.4354653629,0.002796617072,Yes,No,Normal,Safe,Stable
2024-01-21 21:00:00,January,275.82,95.27,2,27.47,6.34,7.98,3.3,1,1,0,0,29.1,33.9,24.1,0.51,1,21.84210526,0.7894736842,8.138955843,0.4394685837,0.002175534526,No,No,Normal,Safe,Stable
2024-01-21 22:00:00,January,275.82,95.27,2,27.47,6.34,7.98,3.3,1,1,0,0,29.1,33.9,24.1,0.51,1,21.89473684,0.5263157895,8.128276159,0.4434718046,0.001554451981,Yes,No,Normal,Safe,Stable
2024-01-21 23:00:00,January,275.82,95.27,2,27.47,6.34,7.98,3.3,1,1,0,1,29.1,33.9,24.1,0.51,1,21.94736842,0.2631578947,8.117596475,0.4474750254,0.0009333694346,No,No,Normal,Safe,Stable
2024-01-22 00:00:00,January,275.82,95.27,2,27.47,6.34,7.98,3.3,1,1,0,0,29.1,33.9,24.1,0.51,1,22,0,8.106916792,0.4514782462,0.0003122868887,Yes,No,Normal,Safe,Stable
2024-01-22 01:00:00,January,275.82,95.27,2,27.47,6.34,7.98,3.3,1,1,0,0,29.1,33.9,24.1,0.51,1,22,1,8.119792274,0.3458836774,0.1639752655,No,No,Normal,Safe,Stable
2024-01-22 02:00:00,January,275.82,95.27,2,27.47,6.34,7.98,3.3,1,1,0,0,29.1,33.9,24.1,0.51,1,22,2,8.149390299,0.3584508868,0.485204372,Yes,No,Normal,Safe,Stable
2024-01-22 03:00:00,January,275.82,95.27,2,27.47,6.34,7.98,3.3,1,1,0,0,29.1,33.9,24.1,0.51,1,22,3,7.908874883,0.1809198784,0.8812131811,No,No,Normal,Safe,Stable
2024-01-22 04:00:00,January,275.82,95.27,2,27.47,6.34,7.98,3.3,1,1,0,0,29.1,33.9,24.1,0.51,1,22,4,8.54373812,0.3100488614,0.863989991,Yes,No,Normal,Safe,Stable
2024-01-22 05:00:00,January,275.82,95.27,2,27.47,6.34,7.98,3.3,1,1,0,0,29.1,33.9,24.1,0.51,1,22,5,8.481551353,0.3799137669,-0.02311525634,No,No,Normal,Safe,Stable
2024-01-22 06:00:00,January,275.82,95.27,2,27.47,6.34,7.98,3.3,1,1,1,0,29.1,33.9,24.1,0.51,1,22.05263158,4.736842105,8.466406,0.3803958349,-0.02138957842,Yes,No,Normal,Safe,Stable
2024-01-22 07:00:00,January,275.82,95.27,2,27.47,6.34,7.98,3.3,1,1,1,0,29.1,33.9,24.1,0.51,1,22.10526316,4.473684211,8.451260648,0.3808779029,-0.01966390049,No,No,Normal,Safe,Stable
2024-01-22 08:00:00,January,275.82,95.27,2,27.47,6.34,7.98,3.3,1,1,0,0,29.1,33.9,24.1,0.51,1,22.15789474,4.210526316,8.436115296,0.3813599708,-0.01793822257,Yes,No,Normal,Safe,Stable
2024-01-22 09:00:00,January,275.82,95.27,2,27.47,6.34,7.98,3.3,1,1,1,0,29.1,33.9,24.1,0.51,1,22.21052632,3.947368421,8.420969943,0.3818420388,-0.01621254464,No,No,Normal,Safe,Stable
2024-01-22 10:00:00,January,275.82,95.27,2,27.47,6.34,7.98,3.3,1,1,0,0,29.1,33.9,24.1,0.51,1,22.26315789,3.684210526,8.405824591,0.3823241067,-0.01448686672,Yes,No,Normal,Safe,Stable
2024-01-22 11:00:00,January,275.82,95.27,2,27.47,6.34,7.98,3.3,1,1,0,0,29.1,33.9,24.1,0.51,1,22.31578947,3.421052632,8.390679239,0.3828061747,-0.01276118879,No,No,Normal,Safe,Stable
2024-01-22 12:00:00,January,275.82,95.27,2,27.47,6.34,7.98,3.3,1,1,0,0,29.1,33.9,24.1,0.51,1,22.36842105,3.157894737,8.375533887,0.3832882427,-0.01103551087,Yes,No,Normal,Safe,Stable
2024-01-22 13:00:00,January,275.82,95.27,2,27.47,6.34,7.98,3.3,1,1,0,0,29.1,33.9,24.1,0.51,1,22.42105263,2.894736842,8.360388534,0.3837703106,-0.009309832945,No,No,Normal,Safe,Stable
2024-01-22 14:00:00,January,275.82,95.27,2,27.47,6.34,7.98,3.3,1,1,1,0,29.1,33.9,24.1,0.51,1,22.47368421,2.631578947,8.345243182,0.3842523786,-0.007584155021,Yes,No,Normal,Safe,Stable
2024-01-22 15:00:00,January,275.82,95.27,2,27.47,6.34,7.98,3.3,1,1,0,0,29.1,33.9,24.1,0.51,1,22.52631579,2.368421053,8.33009783,0.3847344465,-0.005858477096,No,No,Normal,Safe,Stable
2024-01-22 16:00:00,January,275.82,95.27,2,27.47,6.34,7.98,3.3,1,1,0,0,29.1,33.9,24.1,0.51,1,22.57894737,2.105263158,8.314952477,0.3852165145,-0.004132799172,Yes,No,Normal,Safe,Stable
2024-01-22 17:00:00,January,275.82,95.27,2,27.47,6.34,7.98,3.3,1,1,0,1,29.1,33.9,24.1,0.51,1,22.63157895,1.842105263,8.299807125,0.3856985825,-0.002407121247,No,No,Normal,Safe,Stable
2024-01-22 18:00:00,January,275.82,95.27,2,27.47,6.34,7.98,3.3,1,1,0,0,29.1,33.9,24.1,0.51,1,22.68421053,1.578947368,8.284661773,0.3861806504,-0.0006814433231,Yes,No,Normal,Safe,Stable
2024-01-22 19:00:00,January,275.82,95.27,2,27.47,6.34,7.98,3.3,1,1,0,0,29.1,33.9,24.1,0.51,1,22.73684211,1.315789474,8.269516421,0.3866627184,0.001044234601,No,No,Normal,Safe,Stable
2024-01-22 20:00:00,January,275.82,95.27,2,27.47,6.34,7.98,3.3,1,1,1,0,29.1,33.9,24.1,0.51,1,22.78947368,1.052631579,8.254371068,0.3871447864,0.002769912526,Yes,No,Normal,Safe,Stable
2024-01-22 21:00:00,January,275.82,95.27,2,27.47,6.34,7.98,3.3,1,1,1,0,29.1,33.9,24.1,0.51,1,22.84210526,0.7894736842,8.239225716,0.3876268543,0.00449559045,No,No,Normal,Safe,Stable
2024-01-22 22:00:00,January,275.82,95.27,2,27.47,6.34,7.98,3.3,1,1,1,0,29.1,33.9,24.1,0.51,1,22.89473684,0.5263157895,8.224080364,0.3881089223,0.006221268374,Yes,No,Normal,Safe,Stable
2024-01-22 23:00:00,January,275.82,95.27,2,27.47,6.34,7.98,3.3,1,1,0,0,29.1,33.9,24.1,0.51,1,22.94736842,0.2631578947,8.208935011,0.3885909902,0.007946946299,No,No,Normal,Safe,Stable
2024-01-23 00:00:00,January,275.82,95.27,2,27.47,6.34,7.98,3.3,1,1,0,0,29.1,33.9,24.1,0.51,1,23,0,8.193789659,0.3890730582,0.009672624223,Yes,No,Normal,Safe,Stable
2024-01-23 01:00:00,January,275.82,95.27,2,27.47,6.34,7.98,3.3,1,1,0,0,29.1,33.9,24.1,0.51,1,23,1,8.23577686,0.3304324715,0.1566156053,No,No,Normal,Safe,Stable
2024-01-23 02:00:00,January,275.82,95.27,2,27.47,6.34,7.98,3.3,1,1,0,0,29.1,33.9,24.1,0.51,1,23,2,8.018731884,0.9877763979,-0.02630217462,Yes,No,Normal,Safe,Stable
2024-01-23 03:00:00,January,275.82,95.27,2,27.47,6.34,7.98,3.3,1,1,1,0,29.1,33.9,24.1,0.51,1,23,3,8.326095208,0.2671096928,0.9678920023,No,No,Normal,Safe,Stable
2024-01-23 04:00:00,January,275.82,95.27,2,27.47,6.34,7.98,3.3,1,1,1,0,29.1,33.9,24.1,0.51,1,23,4,8.315693484,0.3066722294,0.8792442212,Yes,No,Normal,Safe,Stable
2024-01-23 05:00:00,January,275.82,95.27,2,27.47,6.34,7.98,3.3,1,1,1,0,29.1,33.9,24.1,0.51,1,23,5,7.923573888,0.9414173725,0.02269489865,No,No,Normal,Safe,Stable
2024-01-23 06:00:00,January,275.82,95.27,2,27.47,6.34,7.98,3.3,1,1,0,0,29.1,33.9,24.1,0.51,1,23.05263158,4.736842105,7.934484485,0.9437236622,0.02080337631,Yes,No,Normal,Safe,Stable
2024-01-23 07:00:00,January,275.82,95.27,2,27.47,6.34,7.98,3.3,1,1,0,0,29.1,33.9,24.1,0.51,1,23.10526316,4.473684211,7.945395082,0.946029952,0.01891185396,No,No,Normal,Safe,Stable
2024-01-23 08:00:00,January,275.82,95.27,2,27.47,6.34,7.98,3.3,1,1,1,0,29.1,33.9,24.1,0.51,1,23.15789474,4.210526316,7.956305679,0.9483362417,0.01702033162,Yes,No,Normal,Safe,Stable
2024-01-23 09:00:00,January,275.82,95.27,2,27.47,6.34,7.98,3.3,1,1,0,0,29.1,33.9,24.1,0.51,1,23.21052632,3.947368421,7.967216276,0.9506425315,0.01512880928,No,No,Normal,Safe,Stable
2024-01-23 10:00:00,January,275.82,95.27,2,27.47,6.34,7.98,3.3,1,1,1,0,29.1,33.9,24.1,0.51,1,23.26315789,3.684210526,7.978126872,0.9529488212,0.01323728693,Yes,No,Normal,Safe,Stable
2024-01-23 11:00:00,January,275.82,95.27,2,27.47,6.34,7.98,3.3,1,1,0,0,29.1,33.9,24.1,0.51,1,23.31578947,3.421052632,7.989037469,0.955255111,0.01134576459,No,No,Normal,Safe,Stable
2024-01-23 12:00:00,January,275.82,95.27,2,27.47,6.34,7.98,3.3,1,1,0,0,29.1,33.9,24.1,0.51,1,23.36842105,3.157894737,7.999948066,0.9575614007,0.009454242247,Yes,No,Normal,Safe,Stable
2024-01-23 13:00:00,January,275.82,95.27,2,27.47,6.34,7.98,3.3,1,1,0,1,29.1,33.9,24.1,0.51,1,23.42105263,2.894736842,8.010858663,0.9598676905,0.007562719904,No,No,Normal,Safe,Stable
2024-01-23 14:00:00,January,275.82,95.27,2,27.47,6.34,7.98,3.3,1,1,0,1,29.1,33.9,24.1,0.51,1,23.47368421,2.631578947,8.02176926,0.9621739802,0.00567119756,Yes,No,Normal,Safe,Stable
2024-01-23 15:00:00,January,275.82,95.27,2,27.47,6.34,7.98,3.3,1,1,0,0,29.1,33.9,24.1,0.51,1,23.52631579,2.368421053,8.032679857,0.96448027,0.003779675217,No,No,Normal,Safe,Stable
2024-01-23 16:00:00,January,275.82,95.27,2,27.47,6.34,7.98,3.3,1,1,0,0,29.1,33.9,24.1,0.51,1,23.57894737,2.105263158,8.043590454,0.9667865597,0.001888152873,Yes,No,Normal,Safe,Stable
2024-01-23 17:00:00,January,275.82,95.27,2,27.47,6.34,7.98,3.3,1,1,0,0,29.1,33.9,24.1,0.51,1,23.63157895,1.842105263,8.05450105,0.9690928495,-0.000003369470378,No,No,Normal,Safe,Stable
2024-01-23 18:00:00,January,275.82,95.27,2,27.47,6.34,7.98,3.3,1,1,0,1,29.1,33.9,24.1,0.51,1,23.68421053,1.578947368,8.065411647,0.9713991392,-0.001894891814,Yes,No,Normal,Safe,Stable
2024-01-23 19:00:00,January,275.82,95.27,2,27.47,6.34,7.98,3.3,1,1,0,0,29.1,33.9,24.1,0.51,1,23.73684211,1.315789474,8.076322244,0.973705429,-0.003786414157,No,No,Normal,Safe,Stable
2024-01-23 20:00:00,January,275.82,95.27,2,27.47,6.34,7.98,3.3,1,1,0,0,29.1,33.9,24.1,0.51,1,23.78947368,1.052631579,8.087232841,0.9760117187,-0.005677936501,Yes,No,Normal,Safe,Stable
2024-01-23 21:00:00,January,275.82,95.27,2,27.47,6.34,7.98,3.3,1,1,0,0,29.1,33.9,24.1,0.51,1,23.84210526,0.7894736842,8.098143438,0.9783180085,-0.007569458844,No,No,Normal,Safe,Stable
2024-01-23 22:00:00,January,275.82,95.27,2,27.47,6.34,7.98,3.3,1,1,0,0,29.1,33.9,24.1,0.51,1,23.89473684,0.5263157895,8.109054035,0.9806242982,-0.009460981188,Yes,No,Normal,Safe,Stable
2024-01-23 23:00:00,January,275.82,95.27,2,27.47,6.34,7.98,3.3,1,1,0,0,29.1,33.9,24.1,0.51,1,23.94736842,0.2631578947,8.119964632,0.982930588,-0.01135250353,No,No,Normal,Safe,Stable
2024-01-24 00:00:00,January,275.82,95.27,2,27.47,6.34,7.98,3.3,1,1,0,0,29.1,33.9,24.1,0.51,1,24,0,8.130875229,0.9852368777,-0.01324402588,Yes,No,Normal,Safe,Stable
2024-01-24 01:00:00,January,275.82,95.27,2,27.47,6.34,7.98,3.3,1,1,0,0,29.1,33.9,24.1,0.51,1,24,1,8.190253194,0.9363188991,-0.04316408611,No,No,Normal,Safe,Stable
2024-01-24 02:00:00,January,275.82,95.27,2,27.47,6.34,7.98,3.3,1,1,0,0,29.1,33.9,24.1,0.51,1,24,2,8.549281904,0.3374177449,0.4337258169,Yes,No,Normal,Safe,Stable
2024-01-24 03:00:00,January,275.82,95.27,2,27.47,6.34,7.98,3.3,1,1,0,0,29.1,33.9,24.1,0.51,1,24,3,8.198160032,0.9526681713,-0.01912496968,No,No,Normal,Safe,Stable
2024-01-24 04:00:00,January,275.82,95.27,2,27.47,6.34,7.98,3.3,1,1,0,0,29.1,33.9,24.1,0.51,1,24,4,8.31327108,0.3154506222,0.8750934142,Yes,No,Normal,Safe,Stable
2024-01-24 05:00:00,January,275.82,95.27,2,27.47,6.34,7.98,3.3,1,1,0,0,29.1,33.9,24.1,0.51,1,24,5,8.084395067,0.3900460735,-0.02151597522,No,No,Normal,Safe,Stable
2024-01-24 06:00:00,January,275.82,95.27,2,27.47,6.34,7.98,3.3,1,1,0,1,29.1,33.9,24.1,0.51,1,24.05263158,4.736842105,8.077891594,0.4198723942,-0.02055981226,Yes,No,Normal,Safe,Stable
2024-01-24 07:00:00,January,275.82,95.27,2,27.47,6.34,7.98,3.3,1,1,0,0,29.1,33.9,24.1,0.51,1,24.10526316,4.473684211,8.071388122,0.4496987149,-0.0196036493,No,No,Normal,Safe,Stable
2024-01-24 08:00:00,January,275.82,95.27,2,27.47,6.34,7.98,3.3,1,1,0,0,29.1,33.9,24.1,0.51,1,24.15789474,4.210526316,8.064884649,0.4795250356,-0.01864748635,Yes,No,Normal,Safe,Stable
2024-01-24 09:00:00,January,275.82,95.27,2,27.47,6.34,7.98,3.3,1,1,0,0,29.1,33.9,24.1,0.51,1,24.21052632,3.947368421,8.058381176,0.5093513562,-0.01769132339,No,No,Normal,Safe,Stable
2024-01-24 10:00:00,January,275.82,95.27,2,27.47,6.34,7.98,3.3,1,1,0,0,29.1,33.9,24.1,0.51,1,24.26315789,3.684210526,8.051877703,0.5391776769,-0.01673516044,Yes,No,Normal,Safe,Stable
2024-01-24 11:00:00,January,275.82,95.27,2,27.47,6.34,7.98,3.3,1,1,0,0,29.1,33.9,24.1,0.51,1,24.31578947,3.421052632,8.04537423,0.5690039976,-0.01577899748,No,No,Normal,Safe,Stable
2024-01-24 12:00:00,January,275.82,95.27,2,27.47,6.34,7.98,3.3,1,1,0,0,29.1,33.9,24.1,0.51,1,24.36842105,3.157894737,8.038870757,0.5988303183,-0.01482283453,Yes,No,Normal,Safe,Stable
2024-01-24 13:00:00,January,275.82,95.27,2,27.47,6.34,7.98,3.3,1,1,0,0,29.1,33.9,24.1,0.51,1,24.42105263,2.894736842,8.032367285,0.628656639,-0.01386667157,No,No,Normal,Safe,Stable
2024-01-24 14:00:00,January,275.82,95.27,2,27.47,6.34,7.98,3.3,1,1,1,0,29.1,33.9,24.1,0.51,1,24.47368421,2.631578947,8.025863812,0.6584829597,-0.01291050862,Yes,No,Normal,Safe,Stable
2024-01-24 15:00:00,January,275.82,95.27,2,27.47,6.34,7.98,3.3,1,1,0,0,29.1,33.9,24.1,0.51,1,24.52631579,2.368421053,8.019360339,0.6883092804,-0.01195434566,No,No,Normal,Safe,Stable
2024-01-24 16:00:00,January,275.82,95.27,2,27.47,6.34,7.98,3.3,1,1,0,0,29.1,33.9,24.1,0.51,1,24.57894737,2.105263158,8.012856866,0.7181356011,-0.01099818271,Yes,No,Normal,Safe,Stable
2024-01-24 17:00:00,January,275.82,95.27,2,27.47,6.34,7.98,3.3,1,1,0,1,29.1,33.9,24.1,0.51,1,24.63157895,1.842105263,8.006353393,0.7479619218,-0.01004201975,No,No,Normal,Safe,Stable
2024-01-24 18:00:00,January,275.82,95.27,2,27.47,6.34,7.98,3.3,1,1,1,0,29.1,33.9,24.1,0.51,1,24.68421053,1.578947368,7.99984992,0.7777882425,-0.009085856795,Yes,No,Normal,Safe,Stable
2024-01-24 19:00:00,January,275.82,95.27,2,27.47,6.34,7.98,3.3,1,1,0,0,29.1,33.9,24.1,0.51,1,24.73684211,1.315789474,7.993346448,0.8076145632,-0.00812969384,No,No,Normal,Safe,Stable
2024-01-24 20:00:00,January,275.82,95.27,2,27.47,6.34,7.98,3.3,1,1,1,0,29.1,33.9,24.1,0.51,1,24.78947368,1.052631579,7.986842975,0.8374408838,-0.007173530884,Yes,No,Normal,Safe,Stable
2024-01-24 21:00:00,January,275.82,95.27,2,27.47,6.34,7.98,3.3,1,1,0,0,29.1,33.9,24.1,0.51,1,24.84210526,0.7894736842,7.980339502,0.8672672045,-0.006217367929,No,No,Normal,Safe,Stable
2024-01-24 22:00:00,January,275.82,95.27,2,27.47,6.34,7.98,3.3,1,1,0,0,29.1,33.9,24.1,0.51,1,24.89473684,0.5263157895,7.973836029,0.8970935252,-0.005261204973,Yes,No,Normal,Safe,Stable
2024-01-24 23:00:00,January,275.82,95.27,2,27.47,6.34,7.98,3.3,1,1,0,1,29.1,33.9,24.1,0.51,1,24.94736842,0.2631578947,7.967332556,0.9269198459,-0.004305042018,No,No,Normal,Safe,Stable
2024-01-25 00:00:00,January,275.82,95.27,2,27.47,6.34,7.98,3.3,1,1,0,0,29.1,33.9,24.1,0.51,1,25,0,7.960829083,0.9567461666,-0.003348879062,Yes,No,Normal,Safe,Stable
2024-01-25 01:00:00,January,275.82,95.27,2,27.47,6.34,7.98,3.3,1,1,1,0,29.1,33.9,24.1,0.51,1,25,1,7.727760882,0.9872081312,0.003874284939,No,No,Normal,Safe,Stable
2024-01-25 02:00:00,January,275.82,95.27,2,27.47,6.34,7.98,3.3,1,1,1,0,29.1,33.9,24.1,0.51,1,25,2,8.028801557,0.9971341574,0.02783348126,Yes,No,Normal,Safe,Stable
2024-01-25 03:00:00,January,275.82,95.27,2,27.47,6.34,7.98,3.3,1,1,1,1,29.1,33.9,24.1,0.51,1,25,3,8.110606322,0.9511100481,0.02479033019,No,No,Normal,Safe,Stable
2024-01-25 04:00:00,January,275.82,95.27,2,27.47,6.34,7.98,3.3,1,1,0,0,29.1,33.9,24.1,0.51,1,25,4,7.816761414,0.2669005065,0.9712414085,Yes,No,Normal,Safe,Stable
2024-01-25 05:00:00,January,275.82,95.27,2,27.47,6.34,7.98,3.3,1,1,0,0,29.1,33.9,24.1,0.51,1,25,5,7.859957871,0.3788542251,0.009398029611,No,No,Normal,Safe,Stable
2024-01-25 06:00:00,January,275.82,95.27,2,27.47,6.34,7.98,3.3,1,1,0,1,29.1,33.9,24.1,0.51,1,25.05263158,4.736842105,7.871121322,0.4107275129,0.006615700476,Yes,No,Normal,Safe,Stable
2024-01-25 07:00:00,January,275.82,95.27,2,27.47,6.34,7.98,3.3,1,1,1,0,29.1,33.9,24.1,0.51,1,25.10526316,4.473684211,7.882284773,0.4426008007,0.00383337134,No,No,Normal,Safe,Stable
2024-01-25 08:00:00,January,275.82,95.27,2,27.47,6.34,7.98,3.3,1,1,0,0,29.1,33.9,24.1,0.51,1,25.15789474,4.210526316,7.893448223,0.4744740885,0.001051042205,Yes,No,Normal,Safe,Stable
2024-01-25 09:00:00,January,275.82,95.27,2,27.47,6.34,7.98,3.3,1,1,0,0,29.1,33.9,24.1,0.51,1,25.21052632,3.947368421,7.904611674,0.5063473763,-0.00173128693,No,No,Normal,Safe,Stable
2024-01-25 10:00:00,January,275.82,95.27,2,27.47,6.34,7.98,3.3,1,1,0,0,29.1,33.9,24.1,0.51,1,25.26315789,3.684210526,7.915775125,0.5382206641,-0.004513616066,Yes,No,Normal,Safe,Stable
2024-01-25 11:00:00,January,275.82,95.27,2,27.47,6.34,7.98,3.3,1,1,0,0,29.1,33.9,24.1,0.51,1,25.31578947,3.421052632,7.926938576,0.5700939519,-0.007295945201,No,No,Normal,Safe,Stable
2024-01-25 12:00:00,January,275.82,95.27,2,27.47,6.34,7.98,3.3,1,1,1,0,29.1,33.9,24.1,0.51,1,25.36842105,3.157894737,7.938102027,0.6019672398,-0.01007827434,Yes,No,Normal,Safe,Stable
2024-01-25 13:00:00,January,275.82,95.27,2,27.47,6.34,7.98,3.3,1,1,1,0,29.1,33.9,24.1,0.51,1,25.42105263,2.894736842,7.949265478,0.6338405276,-0.01286060347,No,No,Normal,Safe,Stable
2024-01-25 14:00:00,January,275.82,95.27,2,27.47,6.34,7.98,3.3,1,1,0,0,29.1,33.9,24.1,0.51,1,25.47368421,2.631578947,7.960428928,0.6657138154,-0.01564293261,Yes,No,Normal,Safe,Stable
2024-01-25 15:00:00,January,275.82,95.27,2,27.47,6.34,7.98,3.3,1,1,0,0,29.1,33.9,24.1,0.51,1,25.52631579,2.368421053,7.971592379,0.6975871032,-0.01842526174,No,No,Normal,Safe,Stable
2024-01-25 16:00:00,January,275.82,95.27,2,27.47,6.34,7.98,3.3,1,1,0,0,29.1,33.9,24.1,0.51,1,25.57894737,2.105263158,7.98275583,0.729460391,-0.02120759088,Yes,No,Normal,Safe,Stable
2024-01-25 17:00:00,January,275.82,95.27,2,27.47,6.34,7.98,3.3,1,1,1,0,29.1,33.9,24.1,0.51,1,25.63157895,1.842105263,7.993919281,0.7613336788,-0.02398992001,No,No,Normal,Safe,Stable
2024-01-25 18:00:00,January,275.82,95.27,2,27.47,6.34,7.98,3.3,1,1,0,0,29.1,33.9,24.1,0.51,1,25.68421053,1.578947368,8.005082732,0.7932069666,-0.02677224915,Yes,No,Normal,Safe,Stable
2024-01-25 19:00:00,January,275.82,95.27,2,27.47,6.34,7.98,3.3,1,1,0,0,29.1,33.9,24.1,0.51,1,25.73684211,1.315789474,8.016246183,0.8250802544,-0.02955457828,No,No,Normal,Safe,Stable
2024-01-25 20:00:00,January,275.82,95.27,2,27.47,6.34,7.98,3.3,1,1,0,0,29.1,33.9,24.1,0.51,1,25.78947368,1.052631579,8.027409634,0.8569535422,-0.03233690742,Yes,No,Normal,Safe,Stable
2024-01-25 21:00:00,January,275.82,95.27,2,27.47,6.34,7.98,3.3,1,1,0,1,29.1,33.9,24.1,0.51,1,25.84210526,0.7894736842,8.038573084,0.88882683,-0.03511923655,No,No,Normal,Safe,Stable
2024-01-25 22:00:00,January,275.82,95.27,2,27.47,6.34,7.98,3.3,1,1,1,0,29.1,33.9,24.1,0.51,1,25.89473684,0.5263157895,8.049736535,0.9207001178,-0.03790156569,Yes,No,Normal,Safe,Stable
2024-01-25 23:00:00,January,275.82,95.27,2,27.47,6.34,7.98,3.3,1,1,1,1,29.1,33.9,24.1,0.51,1,25.94736842,0.2631578947,8.060899986,0.9525734057,-0.04068389483,No,No,Normal,Safe,Stable
2024-01-26 00:00:00,January,275.82,95.27,2,27.47,6.34,7.98,3.3,1,1,1,0,29.1,33.9,24.1,0.51,1,26,0,8.072063437,0.9844466935,-0.04346622396,Yes,No,Normal,Safe,Stable
2024-01-26 01:00:00,January,275.82,95.27,2,27.47,6.34,7.98,3.3,1,1,0,0,29.1,33.9,24.1,0.51,1,26,1,8.440858629,0.3028824617,0.1043842042,No,No,Normal,Safe,Stable
2024-01-26 02:00:00,January,275.82,95.27,2,27.47,6.34,7.98,3.3,1,1,0,0,29.1,33.9,24.1,0.51,1,26,2,8.140157618,0.9395720753,0.002152832781,Yes,No,Normal,Safe,Stable
2024-01-26 03:00:00,January,275.82,95.27,2,27.47,6.34,7.98,3.3,1,1,0,1,29.1,33.9,24.1,0.51,1,26,3,8.066685485,0.2243490313,0.8584297223,No,No,Normal,Safe,Stable
2024-01-26 04:00:00,January,275.82,95.27,2,27.47,6.34,7.98,3.3,1,1,1,0,29.1,33.9,24.1,0.51,1,26,4,7.836928818,0.9689538858,0.0518873975,Yes,No,Normal,Safe,Stable
2024-01-26 05:00:00,January,275.82,95.27,2,27.47,6.34,7.98,3.3,1,1,0,0,29.1,33.9,24.1,0.51,1,26,5,8.230896314,0.4113927324,0.01957023534,No,No,Normal,Safe,Stable
2024-01-26 06:00:00,January,275.82,95.27,2,27.47,6.34,7.98,3.3,1,1,0,1,29.1,33.9,24.1,0.51,1,26.05263158,4.736842105,8.23601204,0.410032136,0.02075240062,Yes,No,Normal,Safe,Stable
2024-01-26 07:00:00,January,275.82,95.27,2,27.47,6.34,7.98,3.3,1,1,0,1,29.1,33.9,24.1,0.51,1,26.10526316,4.473684211,8.241127767,0.4086715397,0.02193456589,No,No,Normal,Safe,Stable
2024-01-26 08:00:00,January,275.82,95.27,2,27.47,6.34,7.98,3.3,1,1,0,0,29.1,33.9,24.1,0.51,1,26.15789474,4.210526316,8.246243494,0.4073109433,0.02311673117,Yes,No,Normal,Safe,Stable
2024-01-26 09:00:00,January,275.82,95.27,2,27.47,6.34,7.98,3.3,1,1,0,1,29.1,33.9,24.1,0.51,1,26.21052632,3.947368421,8.251359221,0.405950347,0.02429889644,No,No,Normal,Safe,Stable
2024-01-26 10:00:00,January,275.82,95.27,2,27.47,6.34,7.98,3.3,1,1,1,0,29.1,33.9,24.1,0.51,1,26.26315789,3.684210526,8.256474948,0.4045897506,0.02548106172,Yes,No,Normal,Safe,Stable
2024-01-26 11:00:00,January,275.82,95.27,2,27.47,6.34,7.98,3.3,1,1,0,0,29.1,33.9,24.1,0.51,1,26.31578947,3.421052632,8.261590674,0.4032291542,0.026663227,No,No,Normal,Safe,Stable
2024-01-26 12:00:00,January,275.82,95.27,2,27.47,6.34,7.98,3.3,1,1,0,0,29.1,33.9,24.1,0.51,1,26.36842105,3.157894737,8.266706401,0.4018685579,0.02784539227,Yes,No,Normal,Safe,Stable
2024-01-26 13:00:00,January,275.82,95.27,2,27.47,6.34,7.98,3.3,1,1,0,0,29.1,33.9,24.1,0.51,1,26.42105263,2.894736842,8.271822128,0.4005079615,0.02902755755,No,No,Normal,Safe,Stable
2024-01-26 14:00:00,January,275.82,95.27,2,27.47,6.34,7.98,3.3,1,1,0,0,29.1,33.9,24.1,0.51,1,26.47368421,2.631578947,8.276937855,0.3991473652,0.03020972282,Yes,No,Normal,Safe,Stable
2024-01-26 15:00:00,January,275.82,95.27,2,27.47,6.34,7.98,3.3,1,1,0,0,29.1,33.9,24.1,0.51,1,26.52631579,2.368421053,8.282053581,0.3977867688,0.0313918881,No,No,Normal,Safe,Stable
2024-01-26 16:00:00,January,275.82,95.27,2,27.47,6.34,7.98,3.3,1,1,0,0,29.1,33.9,24.1,0.51,1,26.57894737,2.105263158,8.287169308,0.3964261725,0.03257405337,Yes,No,Normal,Safe,Stable
2024-01-26 17:00:00,January,275.82,95.27,2,27.47,6.34,7.98,3.3,1,1,0,0,29.1,33.9,24.1,0.51,1,26.63157895,1.842105263,8.292285035,0.3950655761,0.03375621865,No,No,Normal,Safe,Stable
2024-01-26 18:00:00,January,275.82,95.27,2,27.47,6.34,7.98,3.3,1,1,0,0,29.1,33.9,24.1,0.51,1,26.68421053,1.578947368,8.297400762,0.3937049798,0.03493838393,Yes,No,Normal,Safe,Stable
2024-01-26 19:00:00,January,275.82,95.27,2,27.47,6.34,7.98,3.3,1,1,0,0,29.1,33.9,24.1,0.51,1,26.73684211,1.315789474,8.302516488,0.3923443834,0.0361205492,No,No,Normal,Safe,Stable
2024-01-26 20:00:00,January,275.82,95.27,2,27.47,6.34,7.98,3.3,1,1,0,1,29.1,33.9,24.1,0.51,1,26.78947368,1.052631579,8.307632215,0.390983787,0.03730271448,Yes,No,Normal,Safe,Stable
2024-01-26 21:00:00,January,275.82,95.27,2,27.47,6.34,7.98,3.3,1,1,0,0,29.1,33.9,24.1,0.51,1,26.84210526,0.7894736842,8.312747942,0.3896231907,0.03848487975,No,No,Normal,Safe,Stable
2024-01-26 22:00:00,January,275.82,95.27,2,27.47,6.34,7.98,3.3,1,1,0,0,29.1,33.9,24.1,0.51,1,26.89473684,0.5263157895,8.317863669,0.3882625943,0.03966704503,Yes,No,Normal,Safe,Stable
2024-01-26 23:00:00,January,275.82,95.27,2,27.47,6.34,7.98,3.3,1,1,0,0,29.1,33.9,24.1,0.51,1,26.94736842,0.2631578947,8.322979395,0.386901998,0.0408492103,No,No,Normal,Safe,Stable
2024-01-27 00:00:00,January,275.82,95.27,2,27.47,6.34,7.98,3.3,1,1,0,0,29.1,33.9,24.1,0.51,1,27,0,8.328095122,0.3855414016,0.04203137558,Yes,No,Normal,Safe,Stable
2024-01-27 01:00:00,January,275.82,95.27,2,27.47,6.34,7.98,3.3,1,1,0,0,29.1,33.9,24.1,0.51,1,27,1,8.10044645,0.9313276039,0.04430494376,No,No,Normal,Safe,Stable
2024-01-27 02:00:00,January,275.82,95.27,2,27.47,6.34,7.98,3.3,1,1,0,0,29.1,33.9,24.1,0.51,1,27,2,7.632638643,0.9464728774,0.01779107725,Yes,No,Normal,Safe,Stable
2024-01-27 03:00:00,January,275.82,95.27,2,27.47,6.34,7.98,3.3,1,1,0,0,29.1,33.9,24.1,0.51,1,27,3,8.411680392,0.2134932959,1.001963534,No,No,Normal,Safe,Stable
2024-01-27 04:00:00,January,275.82,95.27,2,27.47,6.34,7.98,3.3,1,1,1,0,29.1,33.9,24.1,0.51,1,27,4,7.589045994,0.305637695,0.8825768692,Yes,No,Normal,Safe,Stable
2024-01-27 05:00:00,January,275.82,95.27,2,27.47,6.34,7.98,3.3,1,1,0,0,29.1,33.9,24.1,0.51,1,27,5,8.420637126,0.3691318431,0.02493094111,No,No,Normal,Safe,Stable
2024-01-27 06:00:00,January,275.82,95.27,2,27.47,6.34,7.98,3.3,1,1,0,0,29.1,33.9,24.1,0.51,1,27.05263158,4.736842105,8.381752074,0.3725004546,0.0230794661,Yes,No,Normal,Safe,Stable
2024-01-27 07:00:00,January,275.82,95.27,2,27.47,6.34,7.98,3.3,1,1,0,0,29.1,33.9,24.1,0.51,1,27.10526316,4.473684211,8.342867022,0.3758690662,0.02122799109,No,No,Normal,Safe,Stable
2024-01-27 08:00:00,January,275.82,95.27,2,27.47,6.34,7.98,3.3,1,1,0,0,29.1,33.9,24.1,0.51,1,27.15789474,4.210526316,8.303981969,0.3792376777,0.01937651609,Yes,No,Normal,Safe,Stable
2024-01-27 09:00:00,January,275.82,95.27,2,27.47,6.34,7.98,3.3,1,1,0,0,29.1,33.9,24.1,0.51,1,27.21052632,3.947368421,8.265096917,0.3826062893,0.01752504108,No,No,Normal,Safe,Stable
2024-01-27 10:00:00,January,275.82,95.27,2,27.47,6.34,7.98,3.3,1,1,0,0,29.1,33.9,24.1,0.51,1,27.26315789,3.684210526,8.226211865,0.3859749008,0.01567356607,Yes,No,Normal,Safe,Stable
2024-01-27 11:00:00,January,275.82,95.27,2,27.47,6.34,7.98,3.3,1,1,0,0,29.1,33.9,24.1,0.51,1,27.31578947,3.421052632,8.187326813,0.3893435123,0.01382209106,No,No,Normal,Safe,Stable
2024-01-27 12:00:00,January,275.82,95.27,2,27.47,6.34,7.98,3.3,1,1,0,0,29.1,33.9,24.1,0.51,1,27.36842105,3.157894737,8.14844176,0.3927121239,0.01197061605,Yes,No,Normal,Safe,Stable
2024-01-27 13:00:00,January,275.82,95.27,2,27.47,6.34,7.98,3.3,1,1,0,0,29.1,33.9,24.1,0.51,1,27.42105263,2.894736842,8.109556708,0.3960807354,0.01011914104,No,No,Normal,Safe,Stable
2024-01-27 14:00:00,January,275.82,95.27,2,27.47,6.34,7.98,3.3,1,1,1,0,29.1,33.9,24.1,0.51,1,27.47368421,2.631578947,8.070671656,0.399449347,0.008267666036,Yes,No,Normal,Safe,Stable
2024-01-27 15:00:00,January,275.82,95.27,2,27.47,6.34,7.98,3.3,1,1,0,1,29.1,33.9,24.1,0.51,1,27.52631579,2.368421053,8.031786604,0.4028179585,0.006416191028,No,No,Normal,Safe,Stable
2024-01-27 16:00:00,January,275.82,95.27,2,27.47,6.34,7.98,3.3,1,1,1,1,29.1,33.9,24.1,0.51,1,27.57894737,2.105263158,7.992901551,0.4061865701,0.004564716019,Yes,No,Normal,Safe,Stable
2024-01-27 17:00:00,January,275.82,95.27,2,27.47,6.34,7.98,3.3,1,1,0,0,29.1,33.9,24.1,0.51,1,27.63157895,1.842105263,7.954016499,0.4095551816,0.002713241011,No,No,Normal,Safe,Stable
2024-01-27 18:00:00,January,275.82,95.27,2,27.47,6.34,7.98,3.3,1,1,1,0,29.1,33.9,24.1,0.51,1,27.68421053,1.578947368,7.915131447,0.4129237932,0.0008617660023,Yes,No,Normal,Safe,Stable
2024-01-27 19:00:00,January,275.82,95.27,2,27.47,6.34,7.98,3.3,1,1,0,0,29.1,33.9,24.1,0.51,1,27.73684211,1.315789474,7.876246395,0.4162924047,-0.0009897090061,No,No,Normal,Safe,Stable
2024-01-27 20:00:00,January,275.82,95.27,2,27.47,6.34,7.98,3.3,1,1,0,0,29.1,33.9,24.1,0.51,1,27.78947368,1.052631579,7.837361342,0.4196610163,-0.002841184014,Yes,No,Normal,Safe,Stable
2024-01-27 21:00:00,January,275.82,95.27,2,27.47,6.34,7.98,3.3,1,1,0,0,29.1,33.9,24.1,0.51,1,27.84210526,0.7894736842,7.79847629,0.4230296278,-0.004692659023,No,No,Normal,Safe,Stable
2024-01-27 22:00:00,January,275.82,95.27,2,27.47,6.34,7.98,3.3,1,1,0,0,29.1,33.9,24.1,0.51,1,27.89473684,0.5263157895,7.759591238,0.4263982393,-0.006544134031,Yes,No,Normal,Safe,Stable
2024-01-27 23:00:00,January,275.82,95.27,2,27.47,6.34,7.98,3.3,1,1,0,0,29.1,33.9,24.1,0.51,1,27.94736842,0.2631578947,7.720706185,0.4297668509,-0.00839560904,No,No,Normal,Safe,Stable
2024-01-28 00:00:00,January,275.82,95.27,2,27.47,6.34,7.98,3.3,1,1,0,1,29.1,33.9,24.1,0.51,1,28,0,7.681821133,0.4331354624,-0.01024708405,Yes,No,Normal,Safe,Stable
2024-01-28 01:00:00,January,275.82,95.27,2,27.47,6.34,7.98,3.3,1,1,0,0,29.1,33.9,24.1,0.51,1,28,1,7.913342904,0.9913116621,0.02184747186,No,No,Normal,Safe,Stable
2024-01-28 02:00:00,January,275.82,95.27,2,27.47,6.34,7.98,3.3,1,1,0,0,29.1,33.9,24.1,0.51,1,28,2,7.994654791,0.9908647836,0.01165890994,Yes,No,Normal,Safe,Stable
2024-01-28 03:00:00,January,275.82,95.27,2,27.47,6.34,7.98,3.3,1,1,0,0,29.1,33.9,24.1,0.51,1,28,3,7.771856981,0.9758528541,0.008267954034,No,No,Normal,Safe,Stable
2024-01-28 04:00:00,January,275.82,95.27,2,27.47,6.34,7.98,3.3,1,1,0,0,29.1,33.9,24.1,0.51,1,28,4,7.903824465,0.2550713558,0.8488773701,Yes,No,Normal,Safe,Stable
2024-01-28 05:00:00,January,275.82,95.27,2,27.47,6.34,7.98,3.3,1,1,1,0,29.1,33.9,24.1,0.51,1,28,5,8.40806997,0.389257516,0.006679489543,No,No,Normal,Safe,Stable
2024-01-28 06:00:00,January,275.8450549,95.2456044,1.989010989,27.45934066,6.341428571,7.972967033,3.294395604,1.010989011,1.010989011,0,0,29.1,33.9,24.1,0.5065934066,1.010989011,27.7032967,4.945054945,8.402501524,0.3892667249,0.006990586116,Yes,No,Normal,Safe,Stable
2024-01-28 07:00:00,January,275.8701099,95.22120879,1.978021978,27.44868132,6.342857143,7.965934066,3.288791209,1.021978022,1.021978022,0,0,29.1,33.9,24.1,0.5031868132,1.021978022,27.40659341,4.89010989,8.396933078,0.3892759339,0.007301682688,No,No,Normal,Safe,Stable
2024-01-28 08:00:00,January,275.8951648,95.19681319,1.967032967,27.43802198,6.344285714,7.958901099,3.283186813,1.032967033,1.032967033,1,0,29.1,33.9,24.1,0.4997802198,1.032967033,27.10989011,4.835164835,8.391364632,0.3892851429,0.007612779261,Yes,No,Normal,Safe,Stable
2024-01-28 09:00:00,January,275.9202198,95.17241758,1.956043956,27.42736264,6.345714286,7.951868132,3.277582418,1.043956044,1.043956044,1,0,29.1,33.9,24.1,0.4963736264,1.043956044,26.81318681,4.78021978,8.385796186,0.3892943518,0.007923875834,No,No,Normal,Safe,Stable
2024-01-28 10:00:00,January,275.9452747,95.14802198,1.945054945,27.4167033,6.347142857,7.944835165,3.271978022,1.054945055,1.054945055,0,0,29.1,33.9,24.1,0.492967033,1.054945055,26.51648352,4.725274725,8.38022774,0.3893035608,0.008234972407,Yes,No,Normal,Safe,Stable
2024-01-28 11:00:00,January,275.9703297,95.12362637,1.934065934,27.40604396,6.348571429,7.937802198,3.266373626,1.065934066,1.065934066,0,0,29.1,33.9,24.1,0.4895604396,1.065934066,26.21978022,4.67032967,8.374659294,0.3893127698,0.00854606898,No,No,Normal,Safe,Stable
2024-01-28 12:00:00,January,275.9953846,95.09923077,1.923076923,27.39538462,6.35,7.930769231,3.260769231,1.076923077,1.076923077,0,0,29.1,33.9,24.1,0.4861538462,1.076923077,25.92307692,4.615384615,8.369090848,0.3893219787,0.008857165553,Yes,No,Normal,Safe,Stable
2024-01-28 13:00:00,January,276.0204396,95.07483516,1.912087912,27.38472527,6.351428571,7.923736264,3.255164835,1.087912088,1.087912088,0,0,29.1,33.9,24.1,0.4827472527,1.087912088,25.62637363,4.56043956,8.363522402,0.3893311877,0.009168262126,No,No,Normal,Safe,Stable
2024-01-28 14:00:00,January,276.0454945,95.05043956,1.901098901,27.37406593,6.352857143,7.916703297,3.24956044,1.098901099,1.098901099,0,0,29.1,33.9,24.1,0.4793406593,1.098901099,25.32967033,4.505494505,8.357953956,0.3893403967,0.009479358699,Yes,No,Normal,Safe,Stable
2024-01-28 15:00:00,January,276.0705495,95.02604396,1.89010989,27.36340659,6.354285714,7.90967033,3.243956044,1.10989011,1.10989011,0,0,29.1,33.9,24.1,0.4759340659,1.10989011,25.03296703,4.450549451,8.35238551,0.3893496056,0.009790455272,No,No,Normal,Safe,Stable
2024-01-28 16:00:00,January,276.0956044,95.00164835,1.879120879,27.35274725,6.355714286,7.902637363,3.238351648,1.120879121,1.120879121,1,0,29.1,33.9,24.1,0.4725274725,1.120879121,24.73626374,4.395604396,8.346817064,0.3893588146,0.01010155184,Yes,No,Normal,Safe,Stable
2024-01-28 17:00:00,January,276.1206593,94.97725275,1.868131868,27.34208791,6.357142857,7.895604396,3.232747253,1.131868132,1.131868132,1,1,29.1,33.9,24.1,0.4691208791,1.131868132,24.43956044,4.340659341,8.341248618,0.3893680236,0.01041264842,No,No,Normal,Safe,Stable
2024-01-28 18:00:00,January,276.1457143,94.95285714,1.857142857,27.33142857,6.358571429,7.888571429,3.227142857,1.142857143,1.142857143,1,0,29.1,33.9,24.1,0.4657142857,1.142857143,24.14285714,4.285714286,8.335680172,0.3893772325,0.01072374499,Yes,No,Normal,Safe,Stable
2024-01-28 19:00:00,January,276.1707692,94.92846154,1.846153846,27.32076923,6.36,7.881538462,3.221538462,1.153846154,1.153846154,0,0,29.1,33.9,24.1,0.4623076923,1.153846154,23.84615385,4.230769231,8.330111727,0.3893864415,0.01103484156,No,No,Normal,Safe,Stable
2024-01-28 20:00:00,January,276.1958242,94.90406593,1.835164835,27.31010989,6.361428571,7.874505495,3.215934066,1.164835165,1.164835165,0,0,29.1,33.9,24.1,0.4589010989,1.164835165,23.54945055,4.175824176,8.324543281,0.3893956505,0.01134593814,Yes,No,Normal,Safe,Stable
2024-01-28 21:00:00,January,276.2208791,94.87967033,1.824175824,27.29945055,6.362857143,7.867472527,3.21032967,1.175824176,1.175824176,0,0,29.1,33.9,24.1,0.4554945055,1.175824176,23.25274725,4.120879121,8.318974835,0.3894048594,0.01165703471,No,No,Normal,Safe,Stable
2024-01-28 22:00:00,January,276.2459341,94.85527473,1.813186813,27.28879121,6.364285714,7.86043956,3.204725275,1.186813187,1.186813187,0,0,29.1,33.9,24.1,0.4520879121,1.186813187,22.95604396,4.065934066,8.313406389,0.3894140684,0.01196813128,Yes,No,Normal,Safe,Stable
2024-01-28 23:00:00,January,276.270989,94.83087912,1.802197802,27.27813187,6.365714286,7.853406593,3.199120879,1.197802198,1.197802198,0,0,29.1,33.9,24.1,0.4486813187,1.197802198,22.65934066,4.010989011,8.307837943,0.3894232773,0.01227922785,No,No,Normal,Safe,Stable
2024-01-29 00:00:00,January,276.296044,94.80648352,1.791208791,27.26747253,6.367142857,7.846373626,3.193516484,1.208791209,1.208791209,0,0,29.1,33.9,24.1,0.4452747253,1.208791209,22.36263736,3.956043956,8.302269497,0.3894324863,0.01259032443,Yes,No,Normal,Safe,Stable
2024-01-29 01:00:00,January,276.3210989,94.78208791,1.78021978,27.25681319,6.368571429,7.839340659,3.187912088,1.21978022,1.21978022,0,0,29.1,33.9,24.1,0.4418681319,1.21978022,22.06593407,3.901098901,8.296701051,0.3894416953,0.012901421,No,No,Normal,Safe,Stable
2024-01-29 02:00:00,January,276.3461538,94.75769231,1.769230769,27.24615385,6.37,7.832307692,3.182307692,1.230769231,1.230769231,0,0,29.1,33.9,24.1,0.4384615385,1.230769231,21.76923077,3.846153846,8.291132605,0.3894509042,0.01321251757,Yes,No,Normal,Safe,Stable
2024-01-29 03:00:00,January,276.3712088,94.7332967,1.758241758,27.23549451,6.371428571,7.825274725,3.176703297,1.241758242,1.241758242,0,0,29.1,33.9,24.1,0.4350549451,1.241758242,21.47252747,3.791208791,8.285564159,0.3894601132,0.01352361415,No,No,Normal,Safe,Stable
2024-01-29 04:00:00,January,276.3962637,94.7089011,1.747252747,27.22483516,6.372857143,7.818241758,3.171098901,1.252747253,1.252747253,0,0,29.1,33.9,24.1,0.4316483516,1.252747253,21.17582418,3.736263736,8.279995713,0.3894693222,0.01383471072,Yes,No,Normal,Safe,Stable
2024-01-29 05:00:00,January,276.4213187,94.68450549,1.736263736,27.21417582,6.374285714,7.811208791,3.165494505,1.263736264,1.263736264,0,0,29.1,33.9,24.1,0.4282417582,1.263736264,20.87912088,3.681318681,8.274427267,0.3894785311,0.01414580729,No,No,Normal,Safe,Stable
2024-01-29 06:00:00,January,276.4463736,94.66010989,1.725274725,27.20351648,6.375714286,7.804175824,3.15989011,1.274725275,1.274725275,1,0,29.1,33.9,24.1,0.4248351648,1.274725275,20.58241758,3.626373626,8.268858821,0.3894877401,0.01445690386,Yes,No,Normal,Safe,Stable
2024-01-29 07:00:00,January,276.4714286,94.63571429,1.714285714,27.19285714,6.377142857,7.797142857,3.154285714,1.285714286,1.285714286,1,0,29.1,33.9,24.1,0.4214285714,1.285714286,20.28571429,3.571428571,8.263290375,0.3894969491,0.01476800044,No,No,Normal,Safe,Stable
2024-01-29 08:00:00,January,276.4964835,94.61131868,1.703296703,27.1821978,6.378571429,7.79010989,3.148681319,1.296703297,1.296703297,1,0,29.1,33.9,24.1,0.418021978,1.296703297,19.98901099,3.516483516,8.257721929,0.389506158,0.01507909701,Yes,No,Normal,Safe,Stable
2024-01-29 09:00:00,January,276.5215385,94.58692308,1.692307692,27.17153846,6.38,7.783076923,3.143076923,1.307692308,1.307692308,0,0,29.1,33.9,24.1,0.4146153846,1.307692308,19.69230769,3.461538462,8.252153483,0.389515367,0.01539019358,No,No,Normal,Safe,Stable
2024-01-29 10:00:00,January,276.5465934,94.56252747,1.681318681,27.16087912,6.381428571,7.776043956,3.137472527,1.318681319,1.318681319,0,0,29.1,33.9,24.1,0.4112087912,1.318681319,19.3956044,3.406593407,8.246585037,0.389524576,0.01570129016,Yes,No,Normal,Safe,Stable
2024-01-29 11:00:00,January,276.5716484,94.53813187,1.67032967,27.15021978,6.382857143,7.769010989,3.131868132,1.32967033,1.32967033,0,0,29.1,33.9,24.1,0.4078021978,1.32967033,19.0989011,3.351648352,8.241016591,0.3895337849,0.01601238673,No,No,Normal,Safe,Stable
2024-01-29 12:00:00,January,276.5967033,94.51373626,1.659340659,27.13956044,6.384285714,7.761978022,3.126263736,1.340659341,1.340659341,0,1,29.1,33.9,24.1,0.4043956044,1.340659341,18.8021978,3.296703297,8.235448145,0.3895429939,0.0163234833,Yes,No,Normal,Safe,Stable
2024-01-29 13:00:00,January,276.6217582,94.48934066,1.648351648,27.1289011,6.385714286,7.754945055,3.120659341,1.351648352,1.351648352,0,0,29.1,33.9,24.1,0.400989011,1.351648352,18.50549451,3.241758242,8.229879699,0.3895522028,0.01663457987,No,No,Normal,Safe,Stable
2024-01-29 14:00:00,January,276.6468132,94.46494505,1.637362637,27.11824176,6.387142857,7.747912088,3.115054945,1.362637363,1.362637363,0,0,29.1,33.9,24.1,0.3975824176,1.362637363,18.20879121,3.186813187,8.224311253,0.3895614118,0.01694567645,Yes,No,Normal,Safe,Stable
2024-01-29 15:00:00,January,276.6718681,94.44054945,1.626373626,27.10758242,6.388571429,7.740879121,3.109450549,1.373626374,1.373626374,0,0,29.1,33.9,24.1,0.3941758242,1.373626374,17.91208791,3.131868132,8.218742807,0.3895706208,0.01725677302,No,No,Normal,Safe,Stable
2024-01-29 16:00:00,January,276.6969231,94.41615385,1.615384615,27.09692308,6.39,7.733846154,3.103846154,1.384615385,1.384615385,0,0,29.1,33.9,24.1,0.3907692308,1.384615385,17.61538462,3.076923077,8.213174361,0.3895798297,0.01756786959,Yes,No,Normal,Safe,Stable
2024-01-29 17:00:00,January,276.721978,94.39175824,1.604395604,27.08626374,6.391428571,7.726813187,3.098241758,1.395604396,1.395604396,0,0,29.1,33.9,24.1,0.3873626374,1.395604396,17.31868132,3.021978022,8.207605915,0.3895890387,0.01787896617,No,No,Normal,Safe,Stable
2024-01-29 18:00:00,January,276.747033,94.36736264,1.593406593,27.0756044,6.392857143,7.71978022,3.092637363,1.406593407,1.406593407,0,0,29.1,33.9,24.1,0.383956044,1.406593407,17.02197802,2.967032967,8.202037469,0.3895982477,0.01819006274,Yes,No,Normal,Safe,Stable
2024-01-29 19:00:00,January,276.7720879,94.34296703,1.582417582,27.06494505,6.394285714,7.712747253,3.087032967,1.417582418,1.417582418,0,0,29.1,33.9,24.1,0.3805494505,1.417582418,16.72527473,2.912087912,8.196469024,0.3896074566,0.01850115931,No,No,Normal,Safe,Stable
2024-01-29 20:00:00,January,276.7971429,94.31857143,1.571428571,27.05428571,6.395714286,7.705714286,3.081428571,1.428571429,1.428571429,0,0,29.1,33.9,24.1,0.3771428571,1.428571429,16.42857143,2.857142857,8.190900578,0.3896166656,0.01881225589,Yes,No,Normal,Safe,Stable
2024-01-29 21:00:00,January,276.8221978,94.29417582,1.56043956,27.04362637,6.397142857,7.698681319,3.075824176,1.43956044,1.43956044,0,1,29.1,33.9,24.1,0.3737362637,1.43956044,16.13186813,2.802197802,8.185332132,0.3896258746,0.01912335246,No,No,Normal,Safe,Stable
2024-01-29 22:00:00,January,276.8472527,94.26978022,1.549450549,27.03296703,6.398571429,7.691648352,3.07021978,1.450549451,1.450549451,0,0,29.1,33.9,24.1,0.3703296703,1.450549451,15.83516484,2.747252747,8.179763686,0.3896350835,0.01943444903,Yes,No,Normal,Safe,Stable
2024-01-29 23:00:00,January,276.8723077,94.24538462,1.538461538,27.02230769,6.4,7.684615385,3.064615385,1.461538462,1.461538462,0,0,29.1,33.9,24.1,0.3669230769,1.461538462,15.53846154,2.692307692,8.17419524,0.3896442925,0.0197455456,No,No,Normal,Safe,Stable
2024-01-30 00:00:00,January,276.8973626,94.22098901,1.527472527,27.01164835,6.401428571,7.677582418,3.059010989,1.472527473,1.472527473,1,0,29.1,33.9,24.1,0.3635164835,1.472527473,15.24175824,2.637362637,8.168626794,0.3896535015,0.02005664218,Yes,No,Normal,Safe,Stable
2024-01-30 01:00:00,January,276.9224176,94.19659341,1.516483516,27.00098901,6.402857143,7.670549451,3.053406593,1.483516484,1.483516484,0,0,29.1,33.9,24.1,0.3601098901,1.483516484,14.94505495,2.582417582,8.163058348,0.3896627104,0.02036773875,No,No,Normal,Safe,Stable
2024-01-30 02:00:00,January,276.9474725,94.1721978,1.505494505,26.99032967,6.404285714,7.663516484,3.047802198,1.494505495,1.494505495,0,0,29.1,33.9,24.1,0.3567032967,1.494505495,14.64835165,2.527472527,8.157489902,0.3896719194,0.02067883532,Yes,No,Normal,Safe,Stable
2024-01-30 03:00:00,January,276.9725275,94.1478022,1.494505495,26.97967033,6.405714286,7.656483516,3.042197802,1.505494505,1.505494505,0,0,29.1,33.9,24.1,0.3532967033,1.505494505,14.35164835,2.472527473,8.151921456,0.3896811283,0.0209899319,No,No,Normal,Safe,Stable
2024-01-30 04:00:00,January,276.9975824,94.12340659,1.483516484,26.96901099,6.407142857,7.649450549,3.036593407,1.516483516,1.516483516,0,0,29.1,33.9,24.1,0.3498901099,1.516483516,14.05494505,2.417582418,8.14635301,0.3896903373,0.02130102847,Yes,No,Normal,Safe,Stable
2024-01-30 05:00:00,January,277.0226374,94.09901099,1.472527473,26.95835165,6.408571429,7.642417582,3.030989011,1.527472527,1.527472527,0,1,29.1,33.9,24.1,0.3464835165,1.527472527,13.75824176,2.362637363,8.140784564,0.3896995463,0.02161212504,No,No,Normal,Safe,Stable
2024-01-30 06:00:00,January,277.0476923,94.07461538,1.461538462,26.94769231,6.41,7.635384615,3.025384615,1.538461538,1.538461538,0,0,29.1,33.9,24.1,0.3430769231,1.538461538,13.46153846,2.307692308,8.135216118,0.3897087552,0.02192322161,Yes,No,Normal,Safe,Stable
2024-01-30 07:00:00,January,277.0727473,94.05021978,1.450549451,26.93703297,6.411428571,7.628351648,3.01978022,1.549450549,1.549450549,0,0,29.1,33.9,24.1,0.3396703297,1.549450549,13.16483516,2.252747253,8.129647672,0.3897179642,0.02223431819,No,No,Normal,Safe,Stable
2024-01-30 08:00:00,January,277.0978022,94.02582418,1.43956044,26.92637363,6.412857143,7.621318681,3.014175824,1.56043956,1.56043956,0,0,29.1,33.9,24.1,0.3362637363,1.56043956,12.86813187,2.197802198,8.124079226,0.3897271732,0.02254541476,Yes,No,Normal,Safe,Stable
2024-01-30 09:00:00,January,277.1228571,94.00142857,1.428571429,26.91571429,6.414285714,7.614285714,3.008571429,1.571428571,1.571428571,0,0,29.1,33.9,24.1,0.3328571429,1.571428571,12.57142857,2.142857143,8.11851078,0.3897363821,0.02285651133,No,No,Normal,Safe,Stable
2024-01-30 10:00:00,January,277.1479121,93.97703297,1.417582418,26.90505495,6.415714286,7.607252747,3.002967033,1.582417582,1.582417582,1,0,29.1,33.9,24.1,0.3294505495,1.582417582,12.27472527,2.087912088,8.112942334,0.3897455911,0.02316760791,Yes,No,Normal,Safe,Stable
2024-01-30 11:00:00,January,277.172967,93.95263736,1.406593407,26.8943956,6.417142857,7.60021978,2.997362637,1.593406593,1.593406593,0,0,29.1,33.9,24.1,0.326043956,1.593406593,11.97802198,2.032967033,8.107373888,0.3897548001,0.02347870448,No,No,Normal,Safe,Stable
2024-01-30 12:00:00,January,277.198022,93.92824176,1.395604396,26.88373626,6.418571429,7.593186813,2.991758242,1.604395604,1.604395604,0,0,29.1,33.9,24.1,0.3226373626,1.604395604,11.68131868,1.978021978,8.101805442,0.389764009,0.02378980105,Yes,No,Normal,Safe,Stable
2024-01-30 13:00:00,January,277.2230769,93.90384615,1.384615385,26.87307692,6.42,7.586153846,2.986153846,1.615384615,1.615384615,0,1,29.1,33.9,24.1,0.3192307692,1.615384615,11.38461538,1.923076923,8.096236996,0.389773218,0.02410089762,No,No,Normal,Safe,Stable
2024-01-30 14:00:00,January,277.2481319,93.87945055,1.373626374,26.86241758,6.421428571,7.579120879,2.980549451,1.626373626,1.626373626,0,0,29.1,33.9,24.1,0.3158241758,1.626373626,11.08791209,1.868131868,8.09066855,0.389782427,0.0244119942,Yes,No,Normal,Safe,Stable
2024-01-30 15:00:00,January,277.2731868,93.85505495,1.362637363,26.85175824,6.422857143,7.572087912,2.974945055,1.637362637,1.637362637,0,0,29.1,33.9,24.1,0.3124175824,1.637362637,10.79120879,1.813186813,8.085100104,0.3897916359,0.02472309077,No,No,Normal,Safe,Stable
2024-01-30 16:00:00,January,277.2982418,93.83065934,1.351648352,26.8410989,6.424285714,7.565054945,2.969340659,1.648351648,1.648351648,0,0,29.1,33.9,24.1,0.309010989,1.648351648,10.49450549,1.758241758,8.079531658,0.3898008449,0.02503418734,Yes,No,Normal,Safe,Stable
2024-01-30 17:00:00,January,277.3232967,93.80626374,1.340659341,26.83043956,6.425714286,7.558021978,2.963736264,1.659340659,1.659340659,0,0,29.1,33.9,24.1,0.3056043956,1.659340659,10.1978022,1.703296703,8.073963212,0.3898100538,0.02534528392,No,No,Normal,Safe,Stable
2024-01-30 18:00:00,January,277.3483516,93.78186813,1.32967033,26.81978022,6.427142857,7.550989011,2.958131868,1.67032967,1.67032967,0,0,29.1,33.9,24.1,0.3021978022,1.67032967,9.901098901,1.648351648,8.068394766,0.3898192628,0.02565638049,Yes,No,Normal,Safe,Stable
2024-01-30 19:00:00,January,277.3734066,93.75747253,1.318681319,26.80912088,6.428571429,7.543956044,2.952527473,1.681318681,1.681318681,0,0,29.1,33.9,24.1,0.2987912088,1.681318681,9.604395604,1.593406593,8.062826321,0.3898284718,0.02596747706,No,No,Normal,Safe,Stable
2024-01-30 20:00:00,January,277.3984615,93.73307692,1.307692308,26.79846154,6.43,7.536923077,2.946923077,1.692307692,1.692307692,0,0,29.1,33.9,24.1,0.2953846154,1.692307692,9.307692308,1.538461538,8.057257875,0.3898376807,0.02627857363,Yes,No,Normal,Safe,Stable
2024-01-30 21:00:00,January,277.4235165,93.70868132,1.296703297,26.7878022,6.431428571,7.52989011,2.941318681,1.703296703,1.703296703,0,0,29.1,33.9,24.1,0.291978022,1.703296703,9.010989011,1.483516484,8.051689429,0.3898468897,0.02658967021,No,No,Normal,Safe,Stable
2024-01-30 22:00:00,January,277.4485714,93.68428571,1.285714286,26.77714286,6.432857143,7.522857143,2.935714286,1.714285714,1.714285714,0,0,29.1,33.9,24.1,0.2885714286,1.714285714,8.714285714,1.428571429,8.046120983,0.3898560987,0.02690076678,Yes,No,Normal,Safe,Stable
2024-01-30 23:00:00,January,277.4736264,93.65989011,1.274725275,26.76648352,6.434285714,7.515824176,2.93010989,1.725274725,1.725274725,0,0,29.1,33.9,24.1,0.2851648352,1.725274725,8.417582418,1.373626374,8.040552537,0.3898653076,0.02721186335,No,No,Normal,Safe,Stable
2024-01-31 00:00:00,January,277.4986813,93.63549451,1.263736264,26.75582418,6.435714286,7.508791209,2.924505495,1.736263736,1.736263736,1,0,29.1,33.9,24.1,0.2817582418,1.736263736,8.120879121,1.318681319,8.034984091,0.3898745166,0.02752295993,Yes,No,Normal,Safe,Stable
2024-01-31 01:00:00,January,277.5237363,93.6110989,1.252747253,26.74516484,6.437142857,7.501758242,2.918901099,1.747252747,1.747252747,0,0,29.1,33.9,24.1,0.2783516484,1.747252747,7.824175824,1.263736264,8.029415645,0.3898837256,0.0278340565,No,No,Normal,Safe,Stable
2024-01-31 02:00:00,January,277.5487912,93.5867033,1.241758242,26.73450549,6.438571429,7.494725275,2.913296703,1.758241758,1.758241758,0,1,29.1,33.9,24.1,0.2749450549,1.758241758,7.527472527,1.208791209,8.023847199,0.3898929345,0.02814515307,Yes,No,Normal,Safe,Stable
2024-01-31 03:00:00,January,277.5738462,93.56230769,1.230769231,26.72384615,6.44,7.487692308,2.907692308,1.769230769,1.769230769,0,0,29.1,33.9,24.1,0.2715384615,1.769230769,7.230769231,1.153846154,8.018278753,0.3899021435,0.02845624964,No,No,Normal,Safe,Stable
2024-01-31 04:00:00,January,277.5989011,93.53791209,1.21978022,26.71318681,6.441428571,7.480659341,2.902087912,1.78021978,1.78021978,0,0,29.1,33.9,24.1,0.2681318681,1.78021978,6.934065934,1.098901099,8.012710307,0.3899113525,0.02876734622,Yes,No,Normal,Safe,Stable
2024-01-31 05:00:00,January,277.623956,93.51351648,1.208791209,26.70252747,6.442857143,7.473626374,2.896483516,1.791208791,1.791208791,0,0,29.1,33.9,24.1,0.2647252747,1.791208791,6.637362637,1.043956044,8.007141861,0.3899205614,0.02907844279,No,No,Normal,Safe,Stable
2024-01-31 06:00:00,January,277.649011,93.48912088,1.197802198,26.69186813,6.444285714,7.466593407,2.890879121,1.802197802,1.802197802,1,0,29.1,33.9,24.1,0.2613186813,1.802197802,6.340659341,0.989010989,8.001573415,0.3899297704,0.02938953936,Yes,No,Normal,Safe,Stable
2024-01-31 07:00:00,January,277.6740659,93.46472527,1.186813187,26.68120879,6.445714286,7.45956044,2.885274725,1.813186813,1.813186813,0,1,29.1,33.9,24.1,0.2579120879,1.813186813,6.043956044,0.9340659341,7.996004969,0.3899389794,0.02970063594,No,No,Normal,Safe,Stable
2024-01-31 08:00:00,January,277.6991209,93.44032967,1.175824176,26.67054945,6.447142857,7.452527473,2.87967033,1.824175824,1.824175824,0,0,29.1,33.9,24.1,0.2545054945,1.824175824,5.747252747,0.8791208791,7.990436523,0.3899481883,0.03001173251,Yes,No,Normal,Safe,Stable
2024-01-31 09:00:00,January,277.7241758,93.41593407,1.164835165,26.65989011,6.448571429,7.445494505,2.874065934,1.835164835,1.835164835,0,0,29.1,33.9,24.1,0.2510989011,1.835164835,5.450549451,0.8241758242,7.984868077,0.3899573973,0.03032282908,No,No,Normal,Safe,Stable
2024-01-31 10:00:00,January,277.7492308,93.39153846,1.153846154,26.64923077,6.45,7.438461538,2.868461538,1.846153846,1.846153846,0,0,29.1,33.9,24.1,0.2476923077,1.846153846,5.153846154,0.7692307692,7.979299631,0.3899666062,0.03063392565,Yes,No,Normal,Safe,Stable
2024-01-31 11:00:00,January,277.7742857,93.36714286,1.142857143,26.63857143,6.451428571,7.431428571,2.862857143,1.857142857,1.857142857,0,0,29.1,33.9,24.1,0.2442857143,1.857142857,4.857142857,0.7142857143,7.973731185,0.3899758152,0.03094502223,No,No,Normal,Safe,Stable
2024-01-31 12:00:00,January,277.7993407,93.34274725,1.131868132,26.62791209,6.452857143,7.424395604,2.857252747,1.868131868,1.868131868,0,1,29.1,33.9,24.1,0.2408791209,1.868131868,4.56043956,0.6593406593,7.968162739,0.3899850242,0.0312561188,Yes,No,Normal,Safe,Stable
2024-01-31 13:00:00,January,277.8243956,93.31835165,1.120879121,26.61725275,6.454285714,7.417362637,2.851648352,1.879120879,1.879120879,0,1,29.1,33.9,24.1,0.2374725275,1.879120879,4.263736264,0.6043956044,7.962594293,0.3899942331,0.03156721537,No,No,Normal,Safe,Stable
2024-01-31 14:00:00,January,277.8494505,93.29395604,1.10989011,26.60659341,6.455714286,7.41032967,2.846043956,1.89010989,1.89010989,0,0,29.1,33.9,24.1,0.2340659341,1.89010989,3.967032967,0.5494505495,7.957025847,0.3900034421,0.03187831195,Yes,No,Normal,Safe,Stable
2024-01-31 15:00:00,January,277.8745055,93.26956044,1.098901099,26.59593407,6.457142857,7.403296703,2.84043956,1.901098901,1.901098901,0,0,29.1,33.9,24.1,0.2306593407,1.901098901,3.67032967,0.4945054945,7.951457401,0.3900126511,0.03218940852,No,No,Normal,Safe,Stable
2024-01-31 16:00:00,January,277.8995604,93.24516484,1.087912088,26.58527473,6.458571429,7.396263736,2.834835165,1.912087912,1.912087912,1,0,29.1,33.9,24.1,0.2272527473,1.912087912,3.373626374,0.4395604396,7.945888955,0.39002186,0.03250050509,Yes,No,Normal,Safe,Stable
2024-01-31 17:00:00,January,277.9246154,93.22076923,1.076923077,26.57461538,6.46,7.389230769,2.829230769,1.923076923,1.923076923,0,0,29.1,33.9,24.1,0.2238461538,1.923076923,3.076923077,0.3846153846,7.940320509,0.390031069,0.03281160166,No,No,Normal,Safe,Stable
2024-01-31 18:00:00,January,277.9496703,93.19637363,1.065934066,26.56395604,6.461428571,7.382197802,2.823626374,1.934065934,1.934065934,0,0,29.1,33.9,24.1,0.2204395604,1.934065934,2.78021978,0.3296703297,7.934752063,0.390040278,0.03312269824,Yes,No,Normal,Safe,Stable
2024-01-31 19:00:00,January,277.9747253,93.17197802,1.054945055,26.5532967,6.462857143,7.375164835,2.818021978,1.945054945,1.945054945,0,0,29.1,33.9,24.1,0.217032967,1.945054945,2.483516484,0.2747252747,7.929183618,0.3900494869,0.03343379481,No,No,Normal,Safe,Stable
2024-01-31 20:00:00,January,277.9997802,93.14758242,1.043956044,26.54263736,6.464285714,7.368131868,2.812417582,1.956043956,1.956043956,1,1,29.1,33.9,24.1,0.2136263736,1.956043956,2.186813187,0.2197802198,7.923615172,0.3900586959,0.03374489138,Yes,No,Normal,Safe,Stable
2024-01-31 21:00:00,January,278.0248352,93.12318681,1.032967033,26.53197802,6.465714286,7.361098901,2.806813187,1.967032967,1.967032967,0,0,29.1,33.9,24.1,0.2102197802,1.967032967,1.89010989,0.1648351648,7.918046726,0.3900679049,0.03405598796,No,No,Normal,Safe,Stable
2024-01-31 22:00:00,January,278.0498901,93.09879121,1.021978022,26.52131868,6.467142857,7.354065934,2.801208791,1.978021978,1.978021978,0,0,29.1,33.9,24.1,0.2068131868,1.978021978,1.593406593,0.1098901099,7.91247828,0.3900771138,0.03436708453,Yes,No,Normal,Safe,Stable
2024-01-31 23:00:00,January,278.0749451,93.0743956,1.010989011,26.51065934,6.468571429,7.347032967,2.795604396,1.989010989,1.989010989,0,0,29.1,33.9,24.1,0.2034065934,1.989010989,1.296703297,0.05494505495,7.906909834,0.3900863228,0.0346781811,No,No,Normal,Safe,Stable
2024-02-01 00:00:00,February,278.1,93.05,1,26.5,6.47,7.34,2.79,2,2,1,0,29.1,33.9,24.1,0.2,2,1,0,7.901341388,0.3900955317,0.03498927767,Yes,No,Normal,Safe,Stable
2024-02-01 01:00:00,February,278.1,93.05,1,26.5,6.47,7.34,2.79,2,2,1,0,29.1,33.9,24.1,0.2,2,1,1,8.416189349,0.3758333291,0.1450769093,No,No,Normal,Safe,Stable
2024-02-01 02:00:00,February,278.1,93.05,1,26.5,6.47,7.34,2.79,2,2,1,0,29.1,33.9,24.1,0.2,2,1,2,7.841009256,0.3144182031,0.4325331877,Yes,No,Normal,Safe,Stable
2024-02-01 03:00:00,February,278.1,93.05,1,26.5,6.47,7.34,2.79,2,2,0,0,29.1,33.9,24.1,0.2,2,1,3,8.253273262,0.9677335844,0.03178380717,No,No,Normal,Safe,Stable
2024-02-01 04:00:00,February,278.1,93.05,1,26.5,6.47,7.34,2.79,2,2,0,0,29.1,33.9,24.1,0.2,2,1,4,7.92328598,1.001951158,-0.002237847883,Yes,No,Normal,Safe,Stable
2024-02-01 05:00:00,February,278.1,93.05,1,26.5,6.47,7.34,2.79,2,2,0,0,29.1,33.9,24.1,0.2,2,1,5,7.795303252,0.3700975808,-0.01615641752,No,No,Normal,Safe,Stable
2024-02-01 06:00:00,February,278.1,93.05,1,26.5,6.47,7.34,2.79,2,2,0,0,29.1,33.9,24.1,0.2,2,1.052631579,4.736842105,7.820385116,0.3701894842,-0.01682249117,Yes,No,Normal,Safe,Stable
2024-02-01 07:00:00,February,278.1,93.05,1,26.5,6.47,7.34,2.79,2,2,0,0,29.1,33.9,24.1,0.2,2,1.105263158,4.473684211,7.845466981,0.3702813876,-0.01748856483,No,No,Normal,Safe,Stable
2024-02-01 08:00:00,February,278.1,93.05,1,26.5,6.47,7.34,2.79,2,2,0,0,29.1,33.9,24.1,0.2,2,1.157894737,4.210526316,7.870548846,0.370373291,-0.01815463849,Yes,No,Normal,Safe,Stable
2024-02-01 09:00:00,February,278.1,93.05,1,26.5,6.47,7.34,2.79,2,2,0,0,29.1,33.9,24.1,0.2,2,1.210526316,3.947368421,7.89563071,0.3704651944,-0.01882071215,No,No,Normal,Safe,Stable
2024-02-01 10:00:00,February,278.1,93.05,1,26.5,6.47,7.34,2.79,2,2,0,0,29.1,33.9,24.1,0.2,2,1.263157895,3.684210526,7.920712575,0.3705570977,-0.01948678581,Yes,No,Normal,Safe,Stable
2024-02-01 11:00:00,February,278.1,93.05,1,26.5,6.47,7.34,2.79,2,2,0,0,29.1,33.9,24.1,0.2,2,1.315789474,3.421052632,7.94579444,0.3706490011,-0.02015285947,No,No,Normal,Safe,Stable
2024-02-01 12:00:00,February,278.1,93.05,1,26.5,6.47,7.34,2.79,2,2,1,0,29.1,33.9,24.1,0.2,2,1.368421053,3.157894737,7.970876304,0.3707409045,-0.02081893312,Yes,No,Normal,Safe,Stable
2024-02-01 13:00:00,February,278.1,93.05,1,26.5,6.47,7.34,2.79,2,2,0,0,29.1,33.9,24.1,0.2,2,1.421052632,2.894736842,7.995958169,0.3708328079,-0.02148500678,No,No,Normal,Safe,Stable
2024-02-01 14:00:00,February,278.1,93.05,1,26.5,6.47,7.34,2.79,2,2,0,1,29.1,33.9,24.1,0.2,2,1.473684211,2.631578947,8.021040034,0.3709247112,-0.02215108044,Yes,No,Normal,Safe,Stable
2024-02-01 15:00:00,February,278.1,93.05,1,26.5,6.47,7.34,2.79,2,2,0,0,29.1,33.9,24.1,0.2,2,1.526315789,2.368421053,8.046121898,0.3710166146,-0.0228171541,No,No,Normal,Safe,Stable
2024-02-01 16:00:00,February,278.1,93.05,1,26.5,6.47,7.34,2.79,2,2,0,0,29.1,33.9,24.1,0.2,2,1.578947368,2.105263158,8.071203763,0.371108518,-0.02348322776,Yes,No,Normal,Safe,Stable
2024-02-01 17:00:00,February,278.1,93.05,1,26.5,6.47,7.34,2.79,2,2,0,1,29.1,33.9,24.1,0.2,2,1.631578947,1.842105263,8.096285628,0.3712004214,-0.02414930142,No,No,Normal,Safe,Stable
2024-02-01 18:00:00,February,278.1,93.05,1,26.5,6.47,7.34,2.79,2,2,0,0,29.1,33.9,24.1,0.2,2,1.684210526,1.578947368,8.121367492,0.3712923247,-0.02481537508,Yes,No,Normal,Safe,Stable
2024-02-01 19:00:00,February,278.1,93.05,1,26.5,6.47,7.34,2.79,2,2,0,0,29.1,33.9,24.1,0.2,2,1.736842105,1.315789474,8.146449357,0.3713842281,-0.02548144873,No,No,Normal,Safe,Stable
2024-02-01 20:00:00,February,278.1,93.05,1,26.5,6.47,7.34,2.79,2,2,1,0,29.1,33.9,24.1,0.2,2,1.789473684,1.052631579,8.171531222,0.3714761315,-0.02614752239,Yes,No,Normal,Safe,Stable
2024-02-01 21:00:00,February,278.1,93.05,1,26.5,6.47,7.34,2.79,2,2,0,0,29.1,33.9,24.1,0.2,2,1.842105263,0.7894736842,8.196613086,0.3715680349,-0.02681359605,No,No,Normal,Safe,Stable
2024-02-01 22:00:00,February,278.1,93.05,1,26.5,6.47,7.34,2.79,2,2,0,0,29.1,33.9,24.1,0.2,2,1.894736842,0.5263157895,8.221694951,0.3716599382,-0.02747966971,Yes,No,Normal,Safe,Stable
2024-02-01 23:00:00,February,278.1,93.05,1,26.5,6.47,7.34,2.79,2,2,1,1,29.1,33.9,24.1,0.2,2,1.947368421,0.2631578947,8.246776816,0.3717518416,-0.02814574337,No,No,Normal,Safe,Stable
2024-02-02 00:00:00,February,278.1,93.05,1,26.5,6.47,7.34,2.79,2,2,0,1,29.1,33.9,24.1,0.2,2,2,0,8.27185868,0.371843745,-0.02881181703,Yes,No,Normal,Safe,Stable
2024-02-02 01:00:00,February,278.1,93.05,1,26.5,6.47,7.34,2.79,2,2,0,0,29.1,33.9,24.1,0.2,2,2,1,8.376187539,0.3382950133,0.1665996428,No,No,Normal,Safe,Stable
2024-02-02 02:00:00,February,278.1,93.05,1,26.5,6.47,7.34,2.79,2,2,1,0,29.1,33.9,24.1,0.2,2,2,2,8.095653444,0.9428565307,0.003923611217,Yes,No,Normal,Safe,Stable
2024-02-02 03:00:00,February,278.1,93.05,1,26.5,6.47,7.34,2.79,2,2,0,0,29.1,33.9,24.1,0.2,2,2,3,8.212555669,0.4555492825,0.03864103836,No,No,Normal,Safe,Stable
2024-02-02 04:00:00,February,278.1,93.05,1,26.5,6.47,7.34,2.79,2,2,1,0,29.1,33.9,24.1,0.2,2,2,4,8.350835282,0.9818070705,0.03110643344,Yes,No,Normal,Safe,Stable
2024-02-02 05:00:00,February,278.1,93.05,1,26.5,6.47,7.34,2.79,2,2,0,0,29.1,33.9,24.1,0.2,2,2,5,7.871840199,0.9424255794,0.02468477091,No,No,Normal,Safe,Stable
2024-02-02 06:00:00,February,278.1,93.05,1,26.5,6.47,7.34,2.79,2,2,0,0,29.1,33.9,24.1,0.2,2,2.052631579,4.736842105,7.87489536,0.91342917,0.02342439122,Yes,No,Normal,Safe,Stable
2024-02-02 07:00:00,February,278.1,93.05,1,26.5,6.47,7.34,2.79,2,2,0,0,29.1,33.9,24.1,0.2,2,2.105263158,4.473684211,7.877950521,0.8844327605,0.02216401153,No,No,Normal,Safe,Stable
2024-02-02 08:00:00,February,278.1,93.05,1,26.5,6.47,7.34,2.79,2,2,1,0,29.1,33.9,24.1,0.2,2,2.157894737,4.210526316,7.881005682,0.8554363511,0.02090363183,Yes,No,Normal,Safe,Stable
2024-02-02 09:00:00,February,278.1,93.05,1,26.5,6.47,7.34,2.79,2,2,0,0,29.1,33.9,24.1,0.2,2,2.210526316,3.947368421,7.884060843,0.8264399416,0.01964325214,No,No,Normal,Safe,Stable
2024-02-02 10:00:00,February,278.1,93.05,1,26.5,6.47,7.34,2.79,2,2,0,1,29.1,33.9,24.1,0.2,2,2.263157895,3.684210526,7.887116004,0.7974435322,0.01838287245,Yes,No,Normal,Safe,Stable
2024-02-02 11:00:00,February,278.1,93.05,1,26.5,6.47,7.34,2.79,2,2,0,0,29.1,33.9,24.1,0.2,2,2.315789474,3.421052632,7.890171165,0.7684471227,0.01712249276,No,No,Normal,Safe,Stable
2024-02-02 12:00:00,February,278.1,93.05,1,26.5,6.47,7.34,2.79,2,2,0,0,29.1,33.9,24.1,0.2,2,2.368421053,3.157894737,7.893226326,0.7394507133,0.01586211307,Yes,No,Normal,Safe,Stable
2024-02-02 13:00:00,February,278.1,93.05,1,26.5,6.47,7.34,2.79,2,2,1,0,29.1,33.9,24.1,0.2,2,2.421052632,2.894736842,7.896281487,0.7104543038,0.01460173338,No,No,Normal,Safe,Stable
2024-02-02 14:00:00,February,278.1,93.05,1,26.5,6.47,7.34,2.79,2,2,0,0,29.1,33.9,24.1,0.2,2,2.473684211,2.631578947,7.899336648,0.6814578944,0.01334135369,Yes,No,Normal,Safe,Stable
2024-02-02 15:00:00,February,278.1,93.05,1,26.5,6.47,7.34,2.79,2,2,0,0,29.1,33.9,24.1,0.2,2,2.526315789,2.368421053,7.902391809,0.6524614849,0.012080974,No,No,Normal,Safe,Stable
2024-02-02 16:00:00,February,278.1,93.05,1,26.5,6.47,7.34,2.79,2,2,0,0,29.1,33.9,24.1,0.2,2,2.578947368,2.105263158,7.90544697,0.6234650754,0.01082059431,Yes,No,Normal,Safe,Stable
2024-02-02 17:00:00,February,278.1,93.05,1,26.5,6.47,7.34,2.79,2,2,0,0,29.1,33.9,24.1,0.2,2,2.631578947,1.842105263,7.908502131,0.594468666,0.009560214616,No,No,Normal,Safe,Stable
2024-02-02 18:00:00,February,278.1,93.05,1,26.5,6.47,7.34,2.79,2,2,0,0,29.1,33.9,24.1,0.2,2,2.684210526,1.578947368,7.911557292,0.5654722565,0.008299834925,Yes,No,Normal,Safe,Stable
2024-02-02 19:00:00,February,278.1,93.05,1,26.5,6.47,7.34,2.79,2,2,0,0,29.1,33.9,24.1,0.2,2,2.736842105,1.315789474,7.914612453,0.5364758471,0.007039455234,No,No,Normal,Safe,Stable
2024-02-02 20:00:00,February,278.1,93.05,1,26.5,6.47,7.34,2.79,2,2,0,0,29.1,33.9,24.1,0.2,2,2.789473684,1.052631579,7.917667614,0.5074794376,0.005779075543,Yes,No,Normal,Safe,Stable
2024-02-02 21:00:00,February,278.1,93.05,1,26.5,6.47,7.34,2.79,2,2,0,0,29.1,33.9,24.1,0.2,2,2.842105263,0.7894736842,7.920722775,0.4784830282,0.004518695852,No,No,Normal,Safe,Stable
2024-02-02 22:00:00,February,278.1,93.05,1,26.5,6.47,7.34,2.79,2,2,0,0,29.1,33.9,24.1,0.2,2,2.894736842,0.5263157895,7.923777937,0.4494866187,0.003258316161,Yes,No,Normal,Safe,Stable
2024-02-02 23:00:00,February,278.1,93.05,1,26.5,6.47,7.34,2.79,2,2,0,0,29.1,33.9,24.1,0.2,2,2.947368421,0.2631578947,7.926833098,0.4204902093,0.00199793647,No,No,Normal,Safe,Stable
2024-02-03 00:00:00,February,278.1,93.05,1,26.5,6.47,7.34,2.79,2,2,0,0,29.1,33.9,24.1,0.2,2,3,0,7.929888259,0.3914937998,0.0007375567788,Yes,No,Normal,Safe,Stable
2024-02-03 01:00:00,February,278.1,93.05,1,26.5,6.47,7.34,2.79,2,2,1,0,29.1,33.9,24.1,0.2,2,3,1,7.934713295,0.3410410967,0.1153361977,No,No,Normal,Safe,Stable
2024-02-03 02:00:00,February,278.1,93.05,1,26.5,6.47,7.34,2.79,2,2,0,0,29.1,33.9,24.1,0.2,2,3,2,8.28164969,0.3309823819,0.4615662097,Yes,No,Normal,Safe,Stable
2024-02-03 03:00:00,February,278.1,93.05,1,26.5,6.47,7.34,2.79,2,2,1,0,29.1,33.9,24.1,0.2,2,3,3,8.632268284,0.191466024,0.886537769,No,No,Normal,Safe,Stable
2024-02-03 04:00:00,February,278.1,93.05,1,26.5,6.47,7.34,2.79,2,2,1,1,29.1,33.9,24.1,0.2,2,3,4,7.802453976,0.9897048334,0.003096736693,Yes,No,Normal,Safe,Stable
2024-02-03 05:00:00,February,278.1,93.05,1,26.5,6.47,7.34,2.79,2,2,0,0,29.1,33.9,24.1,0.2,2,3,5,8.042244263,0.909274208,0.02087350075,No,No,Normal,Safe,Stable
2024-02-03 06:00:00,February,278.1,93.05,1,26.5,6.47,7.34,2.79,2,2,0,0,29.1,33.9,24.1,0.2,2,3.052631579,4.736842105,8.026314557,0.8821087094,0.02033990734,Yes,No,Normal,Safe,Stable
2024-02-03 07:00:00,February,278.1,93.05,1,26.5,6.47,7.34,2.79,2,2,0,0,29.1,33.9,24.1,0.2,2,3.105263158,4.473684211,8.010384851,0.8549432108,0.01980631394,No,No,Normal,Safe,Stable
2024-02-03 08:00:00,February,278.1,93.05,1,26.5,6.47,7.34,2.79,2,2,0,0,29.1,33.9,24.1,0.2,2,3.157894737,4.210526316,7.994455145,0.8277777122,0.01927272053,Yes,No,Normal,Safe,Stable
2024-02-03 09:00:00,February,278.1,93.05,1,26.5,6.47,7.34,2.79,2,2,1,0,29.1,33.9,24.1,0.2,2,3.210526316,3.947368421,7.978525439,0.8006122136,0.01873912713,No,No,Normal,Safe,Stable
2024-02-03 10:00:00,February,278.1,93.05,1,26.5,6.47,7.34,2.79,2,2,0,0,29.1,33.9,24.1,0.2,2,3.263157895,3.684210526,7.962595733,0.773446715,0.01820553372,Yes,No,Normal,Safe,Stable
2024-02-03 11:00:00,February,278.1,93.05,1,26.5,6.47,7.34,2.79,2,2,0,1,29.1,33.9,24.1,0.2,2,3.315789474,3.421052632,7.946666027,0.7462812164,0.01767194032,No,No,Normal,Safe,Stable
2024-02-03 12:00:00,February,278.1,93.05,1,26.5,6.47,7.34,2.79,2,2,0,0,29.1,33.9,24.1,0.2,2,3.368421053,3.157894737,7.930736321,0.7191157178,0.01713834691,Yes,No,Normal,Safe,Stable
2024-02-03 13:00:00,February,278.1,93.05,1,26.5,6.47,7.34,2.79,2,2,0,0,29.1,33.9,24.1,0.2,2,3.421052632,2.894736842,7.914806615,0.6919502192,0.01660475351,No,No,Normal,Safe,Stable
2024-02-03 14:00:00,February,278.1,93.05,1,26.5,6.47,7.34,2.79,2,2,1,1,29.1,33.9,24.1,0.2,2,3.473684211,2.631578947,7.898876909,0.6647847206,0.0160711601,Yes,No,Normal,Safe,Stable
2024-02-03 15:00:00,February,278.1,93.05,1,26.5,6.47,7.34,2.79,2,2,0,0,29.1,33.9,24.1,0.2,2,3.526315789,2.368421053,7.882947202,0.6376192219,0.0155375667,No,No,Normal,Safe,Stable
2024-02-03 16:00:00,February,278.1,93.05,1,26.5,6.47,7.34,2.79,2,2,0,0,29.1,33.9,24.1,0.2,2,3.578947368,2.105263158,7.867017496,0.6104537233,0.01500397329,Yes,No,Normal,Safe,Stable
2024-02-03 17:00:00,February,278.1,93.05,1,26.5,6.47,7.34,2.79,2,2,0,0,29.1,33.9,24.1,0.2,2,3.631578947,1.842105263,7.85108779,0.5832882247,0.01447037989,No,No,Normal,Safe,Stable
2024-02-03 18:00:00,February,278.1,93.05,1,26.5,6.47,7.34,2.79,2,2,1,0,29.1,33.9,24.1,0.2,2,3.684210526,1.578947368,7.835158084,0.5561227261,0.01393678648,Yes,No,Normal,Safe,Stable
2024-02-03 19:00:00,February,278.1,93.05,1,26.5,6.47,7.34,2.79,2,2,0,1,29.1,33.9,24.1,0.2,2,3.736842105,1.315789474,7.819228378,0.5289572275,0.01340319308,No,No,Normal,Safe,Stable
2024-02-03 20:00:00,February,278.1,93.05,1,26.5,6.47,7.34,2.79,2,2,0,0,29.1,33.9,24.1,0.2,2,3.789473684,1.052631579,7.803298672,0.5017917289,0.01286959967,Yes,No,Normal,Safe,Stable
2024-02-03 21:00:00,February,278.1,93.05,1,26.5,6.47,7.34,2.79,2,2,1,0,29.1,33.9,24.1,0.2,2,3.842105263,0.7894736842,7.787368966,0.4746262303,0.01233600627,No,No,Normal,Safe,Stable
2024-02-03 22:00:00,February,278.1,93.05,1,26.5,6.47,7.34,2.79,2,2,0,0,29.1,33.9,24.1,0.2,2,3.894736842,0.5263157895,7.77143926,0.4474607317,0.01180241286,Yes,No,Normal,Safe,Stable
2024-02-03 23:00:00,February,278.1,93.05,1,26.5,6.47,7.34,2.79,2,2,1,0,29.1,33.9,24.1,0.2,2,3.947368421,0.2631578947,7.755509554,0.4202952331,0.01126881946,No,No,Normal,Safe,Stable
2024-02-04 00:00:00,February,278.1,93.05,1,26.5,6.47,7.34,2.79,2,2,1,0,29.1,33.9,24.1,0.2,2,4,0,7.739579848,0.3931297345,0.01073522606,Yes,No,Normal,Safe,Stable
2024-02-04 01:00:00,February,278.1,93.05,1,26.5,6.47,7.34,2.79,2,2,0,0,29.1,33.9,24.1,0.2,2,4,1,8.017274775,0.3681799294,0.09956799682,No,No,Normal,Safe,Stable
2024-02-04 02:00:00,February,278.1,93.05,1,26.5,6.47,7.34,2.79,2,2,1,0,29.1,33.9,24.1,0.2,2,4,2,8.072275744,0.3231209696,0.4662528564,Yes,No,Normal,Safe,Stable
2024-02-04 03:00:00,February,278.1,93.05,1,26.5,6.47,7.34,2.79,2,2,0,0,29.1,33.9,24.1,0.2,2,4,3,7.753592649,0.2899060349,0.992842991,No,No,Normal,Safe,Stable
2024-02-04 04:00:00,February,278.1,93.05,1,26.5,6.47,7.34,2.79,2,2,0,0,29.1,33.9,24.1,0.2,2,4,4,7.744193065,0.9419098848,-0.0002199429499,Yes,No,Normal,Safe,Stable
2024-02-04 05:00:00,February,278.1,93.05,1,26.5,6.47,7.34,2.79,2,2,0,0,29.1,33.9,24.1,0.2,2,4,5,7.831105365,0.3805143756,-0.007383834313,No,No,Normal,Safe,Stable
2024-02-04 06:00:00,February,278.1,93.05,1,26.5,6.47,7.34,2.79,2,2,0,0,29.1,33.9,24.1,0.2,2,4.052631579,4.736842105,7.861228855,0.3832390271,-0.006580181692,Yes,No,Normal,Safe,Stable
2024-02-04 07:00:00,February,278.1,93.05,1,26.5,6.47,7.34,2.79,2,2,0,0,29.1,33.9,24.1,0.2,2,4.105263158,4.473684211,7.891352345,0.3859636787,-0.00577652907,No,No,Normal,Safe,Stable
2024-02-04 08:00:00,February,278.1,93.05,1,26.5,6.47,7.34,2.79,2,2,0,0,29.1,33.9,24.1,0.2,2,4.157894737,4.210526316,7.921475835,0.3886883303,-0.004972876448,Yes,No,Normal,Safe,Stable
2024-02-04 09:00:00,February,278.1,93.05,1,26.5,6.47,7.34,2.79,2,2,0,0,29.1,33.9,24.1,0.2,2,4.210526316,3.947368421,7.951599325,0.3914129818,-0.004169223827,No,No,Normal,Safe,Stable
2024-02-04 10:00:00,February,278.1,93.05,1,26.5,6.47,7.34,2.79,2,2,1,0,29.1,33.9,24.1,0.2,2,4.263157895,3.684210526,7.981722815,0.3941376334,-0.003365571205,Yes,No,Normal,Safe,Stable
2024-02-04 11:00:00,February,278.1,93.05,1,26.5,6.47,7.34,2.79,2,2,0,0,29.1,33.9,24.1,0.2,2,4.315789474,3.421052632,8.011846305,0.396862285,-0.002561918584,No,No,Normal,Safe,Stable
2024-02-04 12:00:00,February,278.1,93.05,1,26.5,6.47,7.34,2.79,2,2,0,0,29.1,33.9,24.1,0.2,2,4.368421053,3.157894737,8.041969795,0.3995869366,-0.001758265962,Yes,No,Normal,Safe,Stable
2024-02-04 13:00:00,February,278.1,93.05,1,26.5,6.47,7.34,2.79,2,2,1,0,29.1,33.9,24.1,0.2,2,4.421052632,2.894736842,8.072093285,0.4023115881,-0.0009546133405,No,No,Normal,Safe,Stable
2024-02-04 14:00:00,February,278.1,93.05,1,26.5,6.47,7.34,2.79,2,2,0,0,29.1,33.9,24.1,0.2,2,4.473684211,2.631578947,8.102216774,0.4050362397,-0.0001509607189,Yes,No,Normal,Safe,Stable
2024-02-04 15:00:00,February,278.1,93.05,1,26.5,6.47,7.34,2.79,2,2,0,0,29.1,33.9,24.1,0.2,2,4.526315789,2.368421053,8.132340264,0.4077608913,0.0006526919027,No,No,Normal,Safe,Stable
2024-02-04 16:00:00,February,278.1,93.05,1,26.5,6.47,7.34,2.79,2,2,0,0,29.1,33.9,24.1,0.2,2,4.578947368,2.105263158,8.162463754,0.4104855428,0.001456344524,Yes,No,Normal,Safe,Stable
2024-02-04 17:00:00,February,278.1,93.05,1,26.5,6.47,7.34,2.79,2,2,0,0,29.1,33.9,24.1,0.2,2,4.631578947,1.842105263,8.192587244,0.4132101944,0.002259997146,No,No,Normal,Safe,Stable
2024-02-04 18:00:00,February,278.1,93.05,1,26.5,6.47,7.34,2.79,2,2,0,0,29.1,33.9,24.1,0.2,2,4.684210526,1.578947368,8.222710734,0.415934846,0.003063649767,Yes,No,Normal,Safe,Stable
2024-02-04 19:00:00,February,278.1,93.05,1,26.5,6.47,7.34,2.79,2,2,0,0,29.1,33.9,24.1,0.2,2,4.736842105,1.315789474,8.252834224,0.4186594976,0.003867302389,No,No,Normal,Safe,Stable
2024-02-04 20:00:00,February,278.1,93.05,1,26.5,6.47,7.34,2.79,2,2,0,0,29.1,33.9,24.1,0.2,2,4.789473684,1.052631579,8.282957714,0.4213841491,0.004670955011,Yes,No,Normal,Safe,Stable
2024-02-04 21:00:00,February,278.1,93.05,1,26.5,6.47,7.34,2.79,2,2,0,0,29.1,33.9,24.1,0.2,2,4.842105263,0.7894736842,8.313081204,0.4241088007,0.005474607632,No,No,Normal,Safe,Stable
2024-02-04 22:00:00,February,278.1,93.05,1,26.5,6.47,7.34,2.79,2,2,0,0,29.1,33.9,24.1,0.2,2,4.894736842,0.5263157895,8.343204694,0.4268334523,0.006278260254,Yes,No,Normal,Safe,Stable
2024-02-04 23:00:00,February,278.1,93.05,1,26.5,6.47,7.34,2.79,2,2,1,0,29.1,33.9,24.1,0.2,2,4.947368421,0.2631578947,8.373328184,0.4295581038,0.007081912875,No,No,Normal,Safe,Stable
2024-02-05 00:00:00,February,278.1,93.05,1,26.5,6.47,7.34,2.79,2,2,1,0,29.1,33.9,24.1,0.2,2,5,0,8.403451674,0.4322827554,0.007885565497,Yes,No,Normal,Safe,Stable
2024-02-05 01:00:00,February,278.1,93.05,1,26.5,6.47,7.34,2.79,2,2,0,1,29.1,33.9,24.1,0.2,2,5,1,8.510316873,0.3582775264,0.4343108114,No,No,Normal,Safe,Stable
2024-02-05 02:00:00,February,278.1,93.05,1,26.5,6.47,7.34,2.79,2,2,0,0,29.1,33.9,24.1,0.2,2,5,2,7.9117101,0.957191373,-0.04687226763,Yes,No,Normal,Safe,Stable
2024-02-05 03:00:00,February,278.1,93.05,1,26.5,6.47,7.34,2.79,2,2,1,0,29.1,33.9,24.1,0.2,2,5,3,8.010169184,0.5337599681,0.01452659863,No,No,Normal,Safe,Stable
2024-02-05 04:00:00,February,278.1,93.05,1,26.5,6.47,7.34,2.79,2,2,1,0,29.1,33.9,24.1,0.2,2,5,4,8.566961224,0.9558974729,-0.03281553736,Yes,No,Normal,Safe,Stable
2024-02-05 05:00:00,February,278.1,93.05,1,26.5,6.47,7.34,2.79,2,2,1,0,29.1,33.9,24.1,0.2,2,5,5,8.20071676,0.351486758,0.04758070627,No,No,Normal,Safe,Stable
2024-02-05 06:00:00,February,278.1,93.05,1,26.5,6.47,7.34,2.79,2,2,0,0,29.1,33.9,24.1,0.2,2,5.052631579,4.736842105,8.198721657,0.3526937498,0.04592429465,Yes,No,Normal,Safe,Stable
2024-02-05 07:00:00,February,278.1,93.05,1,26.5,6.47,7.34,2.79,2,2,1,0,29.1,33.9,24.1,0.2,2,5.105263158,4.473684211,8.196726554,0.3539007416,0.04426788303,No,No,Normal,Safe,Stable
2024-02-05 08:00:00,February,278.1,93.05,1,26.5,6.47,7.34,2.79,2,2,0,1,29.1,33.9,24.1,0.2,2,5.157894737,4.210526316,8.194731451,0.3551077334,0.04261147141,Yes,No,Normal,Safe,Stable
2024-02-05 09:00:00,February,278.1,93.05,1,26.5,6.47,7.34,2.79,2,2,0,0,29.1,33.9,24.1,0.2,2,5.210526316,3.947368421,8.192736348,0.3563147252,0.04095505979,No,No,Normal,Safe,Stable
2024-02-05 10:00:00,February,278.1,93.05,1,26.5,6.47,7.34,2.79,2,2,1,1,29.1,33.9,24.1,0.2,2,5.263157895,3.684210526,8.190741245,0.3575217169,0.03929864817,Yes,No,Normal,Safe,Stable
2024-02-05 11:00:00,February,278.1,93.05,1,26.5,6.47,7.34,2.79,2,2,0,0,29.1,33.9,24.1,0.2,2,5.315789474,3.421052632,8.188746142,0.3587287087,0.03764223655,No,No,Normal,Safe,Stable
2024-02-05 12:00:00,February,278.1,93.05,1,26.5,6.47,7.34,2.79,2,2,0,1,29.1,33.9,24.1,0.2,2,5.368421053,3.157894737,8.186751039,0.3599357005,0.03598582493,Yes,No,Normal,Safe,Stable
2024-02-05 13:00:00,February,278.1,93.05,1,26.5,6.47,7.34,2.79,2,2,0,0,29.1,33.9,24.1,0.2,2,5.421052632,2.894736842,8.184755936,0.3611426923,0.03432941331,No,No,Normal,Safe,Stable
2024-02-05 14:00:00,February,278.1,93.05,1,26.5,6.47,7.34,2.79,2,2,0,0,29.1,33.9,24.1,0.2,2,5.473684211,2.631578947,8.182760833,0.3623496841,0.03267300169,Yes,No,Normal,Safe,Stable
2024-02-05 15:00:00,February,278.1,93.05,1,26.5,6.47,7.34,2.79,2,2,0,0,29.1,33.9,24.1,0.2,2,5.526315789,2.368421053,8.18076573,0.3635566758,0.03101659006,No,No,Normal,Safe,Stable
2024-02-05 16:00:00,February,278.1,93.05,1,26.5,6.47,7.34,2.79,2,2,0,0,29.1,33.9,24.1,0.2,2,5.578947368,2.105263158,8.178770627,0.3647636676,0.02936017844,Yes,No,Normal,Safe,Stable
2024-02-05 17:00:00,February,278.1,93.05,1,26.5,6.47,7.34,2.79,2,2,0,0,29.1,33.9,24.1,0.2,2,5.631578947,1.842105263,8.176775524,0.3659706594,0.02770376682,No,No,Normal,Safe,Stable
2024-02-05 18:00:00,February,278.1,93.05,1,26.5,6.47,7.34,2.79,2,2,0,0,29.1,33.9,24.1,0.2,2,5.684210526,1.578947368,8.174780421,0.3671776512,0.0260473552,Yes,No,Normal,Safe,Stable
2024-02-05 19:00:00,February,278.1,93.05,1,26.5,6.47,7.34,2.79,2,2,0,0,29.1,33.9,24.1,0.2,2,5.736842105,1.315789474,8.172785318,0.368384643,0.02439094358,No,No,Normal,Safe,Stable
2024-02-05 20:00:00,February,278.1,93.05,1,26.5,6.47,7.34,2.79,2,2,0,0,29.1,33.9,24.1,0.2,2,5.789473684,1.052631579,8.170790215,0.3695916348,0.02273453196,Yes,No,Normal,Safe,Stable
2024-02-05 21:00:00,February,278.1,93.05,1,26.5,6.47,7.34,2.79,2,2,0,0,29.1,33.9,24.1,0.2,2,5.842105263,0.7894736842,8.168795112,0.3707986265,0.02107812034,No,No,Normal,Safe,Stable
2024-02-05 22:00:00,February,278.1,93.05,1,26.5,6.47,7.34,2.79,2,2,0,0,29.1,33.9,24.1,0.2,2,5.894736842,0.5263157895,8.166800009,0.3720056183,0.01942170872,Yes,No,Normal,Safe,Stable
2024-02-05 23:00:00,February,278.1,93.05,1,26.5,6.47,7.34,2.79,2,2,0,0,29.1,33.9,24.1,0.2,2,5.947368421,0.2631578947,8.164804906,0.3732126101,0.0177652971,No,No,Normal,Safe,Stable
2024-02-06 00:00:00,February,278.1,93.05,1,26.5,6.47,7.34,2.79,2,2,0,0,29.1,33.9,24.1,0.2,2,6,0,8.162809803,0.3744196019,0.01610888548,Yes,No,Normal,Safe,Stable
2024-02-06 01:00:00,February,278.1,93.05,1,26.5,6.47,7.34,2.79,2,2,1,0,29.1,33.9,24.1,0.2,2,6,1,8.003482766,0.3601170196,0.1367955063,No,No,Normal,Safe,Stable
2024-02-06 02:00:00,February,278.1,93.05,1,26.5,6.47,7.34,2.79,2,2,0,0,29.1,33.9,24.1,0.2,2,6,2,7.929987393,0.9642577414,-0.01087279617,Yes,No,Normal,Safe,Stable
2024-02-06 03:00:00,February,278.1,93.05,1,26.5,6.47,7.34,2.79,2,2,0,0,29.1,33.9,24.1,0.2,2,6,3,8.098025205,0.5001030489,-0.009407594627,No,No,Normal,Safe,Stable
2024-02-06 04:00:00,February,278.1,93.05,1,26.5,6.47,7.34,2.79,2,2,0,0,29.1,33.9,24.1,0.2,2,6,4,8.181188082,0.2940466916,0.9437216324,Yes,No,Normal,Safe,Stable
2024-02-06 05:00:00,February,278.1,93.05,1,26.5,6.47,7.34,2.79,2,2,0,0,29.1,33.9,24.1,0.2,2,6,5,8.35311629,0.3727591851,0.01135845654,No,No,Normal,Safe,Stable
2024-02-06 06:00:00,February,278.1,93.05,1,26.5,6.47,7.34,2.79,2,2,0,0,29.1,33.9,24.1,0.2,2,6.052631579,4.736842105,8.32541886,0.4054362433,0.01157519102,Yes,No,Normal,Safe,Stable
2024-02-06 07:00:00,February,278.1,93.05,1,26.5,6.47,7.34,2.79,2,2,0,0,29.1,33.9,24.1,0.2,2,6.105263158,4.473684211,8.29772143,0.4381133015,0.0117919255,No,No,Normal,Safe,Stable
2024-02-06 08:00:00,February,278.1,93.05,1,26.5,6.47,7.34,2.79,2,2,1,0,29.1,33.9,24.1,0.2,2,6.157894737,4.210526316,8.270023999,0.4707903597,0.01200865998,Yes,No,Normal,Safe,Stable
2024-02-06 09:00:00,February,278.1,93.05,1,26.5,6.47,7.34,2.79,2,2,0,1,29.1,33.9,24.1,0.2,2,6.210526316,3.947368421,8.242326569,0.5034674179,0.01222539446,No,No,Normal,Safe,Stable
2024-02-06 10:00:00,February,278.1,93.05,1,26.5,6.47,7.34,2.79,2,2,1,0,29.1,33.9,24.1,0.2,2,6.263157895,3.684210526,8.214629139,0.5361444761,0.01244212894,Yes,No,Normal,Safe,Stable
2024-02-06 11:00:00,February,278.1,93.05,1,26.5,6.47,7.34,2.79,2,2,0,1,29.1,33.9,24.1,0.2,2,6.315789474,3.421052632,8.186931709,0.5688215343,0.01265886342,No,No,Normal,Safe,Stable
2024-02-06 12:00:00,February,278.1,93.05,1,26.5,6.47,7.34,2.79,2,2,0,0,29.1,33.9,24.1,0.2,2,6.368421053,3.157894737,8.159234279,0.6014985925,0.0128755979,Yes,No,Normal,Safe,Stable
2024-02-06 13:00:00,February,278.1,93.05,1,26.5,6.47,7.34,2.79,2,2,0,0,29.1,33.9,24.1,0.2,2,6.421052632,2.894736842,8.131536849,0.6341756507,0.01309233237,No,No,Normal,Safe,Stable
2024-02-06 14:00:00,February,278.1,93.05,1,26.5,6.47,7.34,2.79,2,2,0,0,29.1,33.9,24.1,0.2,2,6.473684211,2.631578947,8.103839419,0.6668527089,0.01330906685,Yes,No,Normal,Safe,Stable
2024-02-06 15:00:00,February,278.1,93.05,1,26.5,6.47,7.34,2.79,2,2,1,0,29.1,33.9,24.1,0.2,2,6.526315789,2.368421053,8.076141989,0.6995297671,0.01352580133,No,No,Normal,Safe,Stable
2024-02-06 16:00:00,February,278.1,93.05,1,26.5,6.47,7.34,2.79,2,2,0,0,29.1,33.9,24.1,0.2,2,6.578947368,2.105263158,8.048444558,0.7322068253,0.01374253581,Yes,No,Normal,Safe,Stable
2024-02-06 17:00:00,February,278.1,93.05,1,26.5,6.47,7.34,2.79,2,2,0,0,29.1,33.9,24.1,0.2,2,6.631578947,1.842105263,8.020747128,0.7648838835,0.01395927029,No,No,Normal,Safe,Stable
2024-02-06 18:00:00,February,278.1,93.05,1,26.5,6.47,7.34,2.79,2,2,0,0,29.1,33.9,24.1,0.2,2,6.684210526,1.578947368,7.993049698,0.7975609417,0.01417600477,Yes,No,Normal,Safe,Stable
2024-02-06 19:00:00,February,278.1,93.05,1,26.5,6.47,7.34,2.79,2,2,1,1,29.1,33.9,24.1,0.2,2,6.736842105,1.315789474,7.965352268,0.8302379999,0.01439273925,No,No,Normal,Safe,Stable
2024-02-06 20:00:00,February,278.1,93.05,1,26.5,6.47,7.34,2.79,2,2,0,0,29.1,33.9,24.1,0.2,2,6.789473684,1.052631579,7.937654838,0.8629150581,0.01460947373,Yes,No,Normal,Safe,Stable
2024-02-06 21:00:00,February,278.1,93.05,1,26.5,6.47,7.34,2.79,2,2,0,0,29.1,33.9,24.1,0.2,2,6.842105263,0.7894736842,7.909957408,0.8955921163,0.01482620821,No,No,Normal,Safe,Stable
2024-02-06 22:00:00,February,278.1,93.05,1,26.5,6.47,7.34,2.79,2,2,0,0,29.1,33.9,24.1,0.2,2,6.894736842,0.5263157895,7.882259978,0.9282691745,0.01504294268,Yes,No,Normal,Safe,Stable
2024-02-06 23:00:00,February,278.1,93.05,1,26.5,6.47,7.34,2.79,2,2,0,0,29.1,33.9,24.1,0.2,2,6.947368421,0.2631578947,7.854562548,0.9609462327,0.01525967716,No,No,Normal,Safe,Stable
2024-02-07 00:00:00,February,278.1,93.05,1,26.5,6.47,7.34,2.79,2,2,0,0,29.1,33.9,24.1,0.2,2,7,0,7.826865117,0.9936232909,0.01547641164,Yes,No,Normal,Safe,Stable
2024-02-07 01:00:00,February,278.1,93.05,1,26.5,6.47,7.34,2.79,2,2,1,0,29.1,33.9,24.1,0.2,2,7,1,8.188921189,0.3007737513,0.1382357978,No,No,Normal,Safe,Stable
2024-02-07 02:00:00,February,278.1,93.05,1,26.5,6.47,7.34,2.79,2,2,0,0,29.1,33.9,24.1,0.2,2,7,2,7.901137913,1.005927287,0.006117933036,Yes,No,Normal,Safe,Stable
2024-02-07 03:00:00,February,278.1,93.05,1,26.5,6.47,7.34,2.79,2,2,0,0,29.1,33.9,24.1,0.2,2,7,3,8.659086172,0.2713217652,0.9634132266,No,No,Normal,Safe,Stable
2024-02-07 04:00:00,February,278.1,93.05,1,26.5,6.47,7.34,2.79,2,2,1,0,29.1,33.9,24.1,0.2,2,7,4,7.889207772,0.3001656173,0.8317081466,Yes,No,Normal,Safe,Stable
2024-02-07 05:00:00,February,278.1,93.05,1,26.5,6.47,7.34,2.79,2,2,0,0,29.1,33.9,24.1,0.2,2,7,5,8.218216825,0.3518468358,-0.02330045451,No,No,Normal,Safe,Stable
2024-02-07 06:00:00,February,278.1,93.05,1,26.5,6.47,7.34,2.79,2,2,1,0,29.1,33.9,24.1,0.2,2,7.052631579,4.736842105,8.224718635,0.3525343606,-0.02101810125,Yes,No,Normal,Safe,Stable
2024-02-07 07:00:00,February,278.1,93.05,1,26.5,6.47,7.34,2.79,2,2,0,0,29.1,33.9,24.1,0.2,2,7.105263158,4.473684211,8.231220445,0.3532218855,-0.01873574798,No,No,Normal,Safe,Stable
2024-02-07 08:00:00,February,278.1,93.05,1,26.5,6.47,7.34,2.79,2,2,0,0,29.1,33.9,24.1,0.2,2,7.157894737,4.210526316,8.237722256,0.3539094103,-0.01645339471,Yes,No,Normal,Safe,Stable
2024-02-07 09:00:00,February,278.1,93.05,1,26.5,6.47,7.34,2.79,2,2,1,0,29.1,33.9,24.1,0.2,2,7.210526316,3.947368421,8.244224066,0.3545969351,-0.01417104144,No,No,Normal,Safe,Stable
2024-02-07 10:00:00,February,278.1,93.05,1,26.5,6.47,7.34,2.79,2,2,0,0,29.1,33.9,24.1,0.2,2,7.263157895,3.684210526,8.250725876,0.3552844599,-0.01188868818,Yes,No,Normal,Safe,Stable
2024-02-07 11:00:00,February,278.1,93.05,1,26.5,6.47,7.34,2.79,2,2,0,0,29.1,33.9,24.1,0.2,2,7.315789474,3.421052632,8.257227687,0.3559719847,-0.00960633491,No,No,Normal,Safe,Stable
2024-02-07 12:00:00,February,278.1,93.05,1,26.5,6.47,7.34,2.79,2,2,0,0,29.1,33.9,24.1,0.2,2,7.368421053,3.157894737,8.263729497,0.3566595095,-0.007323981642,Yes,No,Normal,Safe,Stable
2024-02-07 13:00:00,February,278.1,93.05,1,26.5,6.47,7.34,2.79,2,2,0,0,29.1,33.9,24.1,0.2,2,7.421052632,2.894736842,8.270231307,0.3573470343,-0.005041628375,No,No,Normal,Safe,Stable
2024-02-07 14:00:00,February,278.1,93.05,1,26.5,6.47,7.34,2.79,2,2,0,0,29.1,33.9,24.1,0.2,2,7.473684211,2.631578947,8.276733118,0.3580345592,-0.002759275108,Yes,No,Normal,Safe,Stable
2024-02-07 15:00:00,February,278.1,93.05,1,26.5,6.47,7.34,2.79,2,2,1,0,29.1,33.9,24.1,0.2,2,7.526315789,2.368421053,8.283234928,0.358722084,-0.0004769218404,No,No,Normal,Safe,Stable
2024-02-07 16:00:00,February,278.1,93.05,1,26.5,6.47,7.34,2.79,2,2,0,0,29.1,33.9,24.1,0.2,2,7.578947368,2.105263158,8.289736738,0.3594096088,0.001805431427,Yes,No,Normal,Safe,Stable
2024-02-07 17:00:00,February,278.1,93.05,1,26.5,6.47,7.34,2.79,2,2,0,0,29.1,33.9,24.1,0.2,2,7.631578947,1.842105263,8.296238549,0.3600971336,0.004087784694,No,No,Normal,Safe,Stable
2024-02-07 18:00:00,February,278.1,93.05,1,26.5,6.47,7.34,2.79,2,2,0,0,29.1,33.9,24.1,0.2,2,7.684210526,1.578947368,8.302740359,0.3607846584,0.006370137962,Yes,No,Normal,Safe,Stable
2024-02-07 19:00:00,February,278.1,93.05,1,26.5,6.47,7.34,2.79,2,2,0,0,29.1,33.9,24.1,0.2,2,7.736842105,1.315789474,8.309242169,0.3614721832,0.008652491229,No,No,Normal,Safe,Stable
2024-02-07 20:00:00,February,278.1,93.05,1,26.5,6.47,7.34,2.79,2,2,0,0,29.1,33.9,24.1,0.2,2,7.789473684,1.052631579,8.31574398,0.362159708,0.0109348445,Yes,No,Normal,Safe,Stable
2024-02-07 21:00:00,February,278.1,93.05,1,26.5,6.47,7.34,2.79,2,2,0,0,29.1,33.9,24.1,0.2,2,7.842105263,0.7894736842,8.32224579,0.3628472328,0.01321719776,No,No,Normal,Safe,Stable
2024-02-07 22:00:00,February,278.1,93.05,1,26.5,6.47,7.34,2.79,2,2,0,0,29.1,33.9,24.1,0.2,2,7.894736842,0.5263157895,8.3287476,0.3635347577,0.01549955103,Yes,No,Normal,Safe,Stable
2024-02-07 23:00:00,February,278.1,93.05,1,26.5,6.47,7.34,2.79,2,2,0,0,29.1,33.9,24.1,0.2,2,7.947368421,0.2631578947,8.335249411,0.3642222825,0.0177819043,No,No,Normal,Safe,Stable
2024-02-08 00:00:00,February,278.1,93.05,1,26.5,6.47,7.34,2.79,2,2,1,0,29.1,33.9,24.1,0.2,2,8,0,8.341751221,0.3649098073,0.02006425757,Yes,No,Normal,Safe,Stable
2024-02-08 01:00:00,February,278.1,93.05,1,26.5,6.47,7.34,2.79,2,2,0,0,29.1,33.9,24.1,0.2,2,8,1,7.877192809,0.9889895571,-0.02442470809,No,No,Normal,Safe,Stable
2024-02-08 02:00:00,February,278.1,93.05,1,26.5,6.47,7.34,2.79,2,2,0,0,29.1,33.9,24.1,0.2,2,8,2,7.959272087,0.9919385337,-0.03010236427,Yes,No,Normal,Safe,Stable
2024-02-08 03:00:00,February,278.1,93.05,1,26.5,6.47,7.34,2.79,2,2,0,0,29.1,33.9,24.1,0.2,2,8,3,8.092131454,1.009762181,0.02275216672,No,No,Normal,Safe,Stable
2024-02-08 04:00:00,February,278.1,93.05,1,26.5,6.47,7.34,2.79,2,2,0,1,29.1,33.9,24.1,0.2,2,8,4,8.100461502,0.3233827979,0.8550746986,Yes,No,Normal,Safe,Stable
2024-02-08 05:00:00,February,278.1,93.05,1,26.5,6.47,7.34,2.79,2,2,0,0,29.1,33.9,24.1,0.2,2,8,5,7.985667738,0.3908971463,-0.006243607524,No,No,Normal,Safe,Stable
2024-02-08 06:00:00,February,278.1,93.05,1,26.5,6.47,7.34,2.79,2,2,1,0,29.1,33.9,24.1,0.2,2,8.052631579,4.736842105,7.993159563,0.3922279044,-0.003854957934,Yes,No,Normal,Safe,Stable
2024-02-08 07:00:00,February,278.1,93.05,1,26.5,6.47,7.34,2.79,2,2,0,0,29.1,33.9,24.1,0.2,2,8.105263158,4.473684211,8.000651389,0.3935586625,-0.001466308344,No,No,Normal,Safe,Stable
2024-02-08 08:00:00,February,278.1,93.05,1,26.5,6.47,7.34,2.79,2,2,0,0,29.1,33.9,24.1,0.2,2,8.157894737,4.210526316,8.008143214,0.3948894206,0.0009223412457,Yes,No,Normal,Safe,Stable
2024-02-08 09:00:00,February,278.1,93.05,1,26.5,6.47,7.34,2.79,2,2,1,0,29.1,33.9,24.1,0.2,2,8.210526316,3.947368421,8.01563504,0.3962201787,0.003310990836,No,No,Normal,Safe,Stable
2024-02-08 10:00:00,February,278.1,93.05,1,26.5,6.47,7.34,2.79,2,2,1,0,29.1,33.9,24.1,0.2,2,8.263157895,3.684210526,8.023126865,0.3975509368,0.005699640425,Yes,No,Normal,Safe,Stable
2024-02-08 11:00:00,February,278.1,93.05,1,26.5,6.47,7.34,2.79,2,2,1,0,29.1,33.9,24.1,0.2,2,8.315789474,3.421052632,8.030618691,0.3988816949,0.008088290015,No,No,Normal,Safe,Stable
2024-02-08 12:00:00,February,278.1,93.05,1,26.5,6.47,7.34,2.79,2,2,0,0,29.1,33.9,24.1,0.2,2,8.368421053,3.157894737,8.038110517,0.400212453,0.0104769396,Yes,No,Normal,Safe,Stable
2024-02-08 13:00:00,February,278.1,93.05,1,26.5,6.47,7.34,2.79,2,2,0,0,29.1,33.9,24.1,0.2,2,8.421052632,2.894736842,8.045602342,0.4015432111,0.01286558919,No,No,Normal,Safe,Stable
2024-02-08 14:00:00,February,278.1,93.05,1,26.5,6.47,7.34,2.79,2,2,1,0,29.1,33.9,24.1,0.2,2,8.473684211,2.631578947,8.053094168,0.4028739691,0.01525423878,Yes,No,Normal,Safe,Stable
2024-02-08 15:00:00,February,278.1,93.05,1,26.5,6.47,7.34,2.79,2,2,0,0,29.1,33.9,24.1,0.2,2,8.526315789,2.368421053,8.060585993,0.4042047272,0.01764288837,No,No,Normal,Safe,Stable
2024-02-08 16:00:00,February,278.1,93.05,1,26.5,6.47,7.34,2.79,2,2,1,0,29.1,33.9,24.1,0.2,2,8.578947368,2.105263158,8.068077819,0.4055354853,0.02003153796,Yes,No,Normal,Safe,Stable
2024-02-08 17:00:00,February,278.1,93.05,1,26.5,6.47,7.34,2.79,2,2,0,0,29.1,33.9,24.1,0.2,2,8.631578947,1.842105263,8.075569644,0.4068662434,0.02242018755,No,No,Normal,Safe,Stable
2024-02-08 18:00:00,February,278.1,93.05,1,26.5,6.47,7.34,2.79,2,2,0,0,29.1,33.9,24.1,0.2,2,8.684210526,1.578947368,8.08306147,0.4081970015,0.02480883714,Yes,No,Normal,Safe,Stable
2024-02-08 19:00:00,February,278.1,93.05,1,26.5,6.47,7.34,2.79,2,2,1,0,29.1,33.9,24.1,0.2,2,8.736842105,1.315789474,8.090553295,0.4095277596,0.02719748673,No,No,Normal,Safe,Stable
2024-02-08 20:00:00,February,278.1,93.05,1,26.5,6.47,7.34,2.79,2,2,1,0,29.1,33.9,24.1,0.2,2,8.789473684,1.052631579,8.098045121,0.4108585177,0.02958613632,Yes,No,Normal,Safe,Stable
2024-02-08 21:00:00,February,278.1,93.05,1,26.5,6.47,7.34,2.79,2,2,0,0,29.1,33.9,24.1,0.2,2,8.842105263,0.7894736842,8.105536946,0.4121892758,0.03197478591,No,No,Normal,Safe,Stable
2024-02-08 22:00:00,February,278.1,93.05,1,26.5,6.47,7.34,2.79,2,2,1,0,29.1,33.9,24.1,0.2,2,8.894736842,0.5263157895,8.113028772,0.4135200339,0.0343634355,Yes,No,Normal,Safe,Stable
2024-02-08 23:00:00,February,278.1,93.05,1,26.5,6.47,7.34,2.79,2,2,0,0,29.1,33.9,24.1,0.2,2,8.947368421,0.2631578947,8.120520597,0.414850792,0.03675208509,No,No,Normal,Safe,Stable
2024-02-09 00:00:00,February,278.1,93.05,1,26.5,6.47,7.34,2.79,2,2,0,0,29.1,33.9,24.1,0.2,2,9,0,8.128012423,0.41618155,0.03914073468,Yes,No,Normal,Safe,Stable
2024-02-09 01:00:00,February,278.1,93.05,1,26.5,6.47,7.34,2.79,2,2,0,0,29.1,33.9,24.1,0.2,2,9,1,8.063256302,0.3741659162,0.120987117,No,No,Normal,Safe,Stable
2024-02-09 02:00:00,February,278.1,93.05,1,26.5,6.47,7.34,2.79,2,2,0,0,29.1,33.9,24.1,0.2,2,9,2,7.896906214,0.967879917,-0.01174933721,Yes,No,Normal,Safe,Stable
2024-02-09 03:00:00,February,278.1,93.05,1,26.5,6.47,7.34,2.79,2,2,0,1,29.1,33.9,24.1,0.2,2,9,3,8.106452688,0.3266399643,0.8624033005,No,No,Normal,Safe,Stable
2024-02-09 04:00:00,February,278.1,93.05,1,26.5,6.47,7.34,2.79,2,2,0,0,29.1,33.9,24.1,0.2,2,9,4,8.280304095,0.9751361829,0.003672932349,Yes,No,Normal,Safe,Stable
2024-02-09 05:00:00,February,278.1,93.05,1,26.5,6.47,7.34,2.79,2,2,1,0,29.1,33.9,24.1,0.2,2,9,5,8.301596046,0.3983040294,0.001642689147,No,No,Normal,Safe,Stable
2024-02-09 06:00:00,February,278.1,93.05,1,26.5,6.47,7.34,2.79,2,2,1,0,29.1,33.9,24.1,0.2,2,9.052631579,4.736842105,8.285128442,0.3986306763,0.002710531408,Yes,No,Normal,Safe,Stable
2024-02-09 07:00:00,February,278.1,93.05,1,26.5,6.47,7.34,2.79,2,2,0,0,29.1,33.9,24.1,0.2,2,9.105263158,4.473684211,8.268660837,0.3989573232,0.00377837367,No,No,Normal,Safe,Stable
2024-02-09 08:00:00,February,278.1,93.05,1,26.5,6.47,7.34,2.79,2,2,0,0,29.1,33.9,24.1,0.2,2,9.157894737,4.210526316,8.252193233,0.39928397,0.004846215932,Yes,No,Normal,Safe,Stable
2024-02-09 09:00:00,February,278.1,93.05,1,26.5,6.47,7.34,2.79,2,2,0,0,29.1,33.9,24.1,0.2,2,9.210526316,3.947368421,8.235725629,0.3996106169,0.005914058193,No,No,Normal,Safe,Stable
2024-02-09 10:00:00,February,278.1,93.05,1,26.5,6.47,7.34,2.79,2,2,0,0,29.1,33.9,24.1,0.2,2,9.263157895,3.684210526,8.219258025,0.3999372637,0.006981900455,Yes,No,Normal,Safe,Stable
2024-02-09 11:00:00,February,278.1,93.05,1,26.5,6.47,7.34,2.79,2,2,0,0,29.1,33.9,24.1,0.2,2,9.315789474,3.421052632,8.202790421,0.4002639106,0.008049742716,No,No,Normal,Safe,Stable
2024-02-09 12:00:00,February,278.1,93.05,1,26.5,6.47,7.34,2.79,2,2,0,0,29.1,33.9,24.1,0.2,2,9.368421053,3.157894737,8.186322817,0.4005905575,0.009117584978,Yes,No,Normal,Safe,Stable
2024-02-09 13:00:00,February,278.1,93.05,1,26.5,6.47,7.34,2.79,2,2,0,1,29.1,33.9,24.1,0.2,2,9.421052632,2.894736842,8.169855213,0.4009172043,0.01018542724,No,No,Normal,Safe,Stable
2024-02-09 14:00:00,February,278.1,93.05,1,26.5,6.47,7.34,2.79,2,2,0,0,29.1,33.9,24.1,0.2,2,9.473684211,2.631578947,8.153387609,0.4012438512,0.0112532695,Yes,No,Normal,Safe,Stable
2024-02-09 15:00:00,February,278.1,93.05,1,26.5,6.47,7.34,2.79,2,2,0,0,29.1,33.9,24.1,0.2,2,9.526315789,2.368421053,8.136920005,0.4015704981,0.01232111176,No,No,Normal,Safe,Stable
2024-02-09 16:00:00,February,278.1,93.05,1,26.5,6.47,7.34,2.79,2,2,0,0,29.1,33.9,24.1,0.2,2,9.578947368,2.105263158,8.1204524,0.4018971449,0.01338895402,Yes,No,Normal,Safe,Stable
2024-02-09 17:00:00,February,278.1,93.05,1,26.5,6.47,7.34,2.79,2,2,0,0,29.1,33.9,24.1,0.2,2,9.631578947,1.842105263,8.103984796,0.4022237918,0.01445679629,No,No,Normal,Safe,Stable
2024-02-09 18:00:00,February,278.1,93.05,1,26.5,6.47,7.34,2.79,2,2,0,0,29.1,33.9,24.1,0.2,2,9.684210526,1.578947368,8.087517192,0.4025504387,0.01552463855,Yes,No,Normal,Safe,Stable
2024-02-09 19:00:00,February,278.1,93.05,1,26.5,6.47,7.34,2.79,2,2,0,0,29.1,33.9,24.1,0.2,2,9.736842105,1.315789474,8.071049588,0.4028770855,0.01659248081,No,No,Normal,Safe,Stable
2024-02-09 20:00:00,February,278.1,93.05,1,26.5,6.47,7.34,2.79,2,2,0,0,29.1,33.9,24.1,0.2,2,9.789473684,1.052631579,8.054581984,0.4032037324,0.01766032307,Yes,No,Normal,Safe,Stable
2024-02-09 21:00:00,February,278.1,93.05,1,26.5,6.47,7.34,2.79,2,2,0,0,29.1,33.9,24.1,0.2,2,9.842105263,0.7894736842,8.03811438,0.4035303792,0.01872816533,No,No,Normal,Safe,Stable
2024-02-09 22:00:00,February,278.1,93.05,1,26.5,6.47,7.34,2.79,2,2,0,0,29.1,33.9,24.1,0.2,2,9.894736842,0.5263157895,8.021646776,0.4038570261,0.01979600759,Yes,No,Normal,Safe,Stable
2024-02-09 23:00:00,February,278.1,93.05,1,26.5,6.47,7.34,2.79,2,2,0,0,29.1,33.9,24.1,0.2,2,9.947368421,0.2631578947,8.005179172,0.404183673,0.02086384985,No,No,Normal,Safe,Stable
2024-02-10 00:00:00,February,278.1,93.05,1,26.5,6.47,7.34,2.79,2,2,0,0,29.1,33.9,24.1,0.2,2,10,0,7.988711567,0.4045103198,0.02193169212,Yes,No,Normal,Safe,Stable
2024-02-10 01:00:00,February,278.1,93.05,1,26.5,6.47,7.34,2.79,2,2,0,0,29.1,33.9,24.1,0.2,2,10,1,7.734942597,0.9708006668,0.0427394685,No,No,Normal,Safe,Stable
2024-02-10 02:00:00,February,278.1,93.05,1,26.5,6.47,7.34,2.79,2,2,0,0,29.1,33.9,24.1,0.2,2,10,2,7.889711095,0.3626709007,0.4518299745,Yes,No,Normal,Safe,Stable
2024-02-10 03:00:00,February,278.1,93.05,1,26.5,6.47,7.34,2.79,2,2,0,0,29.1,33.9,24.1,0.2,2,10,3,8.164355239,0.3337196469,0.8681593688,No,No,Normal,Safe,Stable
2024-02-10 04:00:00,February,278.1,93.05,1,26.5,6.47,7.34,2.79,2,2,1,0,29.1,33.9,24.1,0.2,2,10,4,8.422315157,0.9728483908,0.04852480844,Yes,No,Normal,Safe,Stable
2024-02-10 05:00:00,February,278.1,93.05,1,26.5,6.47,7.34,2.79,2,2,0,0,29.1,33.9,24.1,0.2,2,10,5,8.178252794,0.3377809899,0.003161081892,No,No,Normal,Safe,Stable
2024-02-10 06:00:00,February,278.1,93.05,1,26.5,6.47,7.34,2.79,2,2,0,0,29.1,33.9,24.1,0.2,2,10.05263158,4.736842105,8.173204161,0.3708328008,0.003558466392,Yes,No,Normal,Safe,Stable
2024-02-10 07:00:00,February,278.1,93.05,1,26.5,6.47,7.34,2.79,2,2,0,0,29.1,33.9,24.1,0.2,2,10.10526316,4.473684211,8.168155528,0.4038846118,0.003955850892,No,No,Normal,Safe,Stable
2024-02-10 08:00:00,February,278.1,93.05,1,26.5,6.47,7.34,2.79,2,2,0,0,29.1,33.9,24.1,0.2,2,10.15789474,4.210526316,8.163106894,0.4369364227,0.004353235392,Yes,No,Normal,Safe,Stable
2024-02-10 09:00:00,February,278.1,93.05,1,26.5,6.47,7.34,2.79,2,2,0,1,29.1,33.9,24.1,0.2,2,10.21052632,3.947368421,8.158058261,0.4699882337,0.004750619893,No,No,Normal,Safe,Stable
2024-02-10 10:00:00,February,278.1,93.05,1,26.5,6.47,7.34,2.79,2,2,0,0,29.1,33.9,24.1,0.2,2,10.26315789,3.684210526,8.153009628,0.5030400446,0.005148004393,Yes,No,Normal,Safe,Stable
2024-02-10 11:00:00,February,278.1,93.05,1,26.5,6.47,7.34,2.79,2,2,0,1,29.1,33.9,24.1,0.2,2,10.31578947,3.421052632,8.147960994,0.5360918556,0.005545388893,No,No,Normal,Safe,Stable
2024-02-10 12:00:00,February,278.1,93.05,1,26.5,6.47,7.34,2.79,2,2,0,0,29.1,33.9,24.1,0.2,2,10.36842105,3.157894737,8.142912361,0.5691436666,0.005942773393,Yes,No,Normal,Safe,Stable
2024-02-10 13:00:00,February,278.1,93.05,1,26.5,6.47,7.34,2.79,2,2,0,0,29.1,33.9,24.1,0.2,2,10.42105263,2.894736842,8.137863728,0.6021954775,0.006340157893,No,No,Normal,Safe,Stable
2024-02-10 14:00:00,February,278.1,93.05,1,26.5,6.47,7.34,2.79,2,2,0,0,29.1,33.9,24.1,0.2,2,10.47368421,2.631578947,8.132815094,0.6352472885,0.006737542393,Yes,No,Normal,Safe,Stable
2024-02-10 15:00:00,February,278.1,93.05,1,26.5,6.47,7.34,2.79,2,2,0,1,29.1,33.9,24.1,0.2,2,10.52631579,2.368421053,8.127766461,0.6682990994,0.007134926894,No,No,Normal,Safe,Stable
2024-02-10 16:00:00,February,278.1,93.05,1,26.5,6.47,7.34,2.79,2,2,0,0,29.1,33.9,24.1,0.2,2,10.57894737,2.105263158,8.122717828,0.7013509104,0.007532311394,Yes,No,Normal,Safe,Stable
2024-02-10 17:00:00,February,278.1,93.05,1,26.5,6.47,7.34,2.79,2,2,0,0,29.1,33.9,24.1,0.2,2,10.63157895,1.842105263,8.117669194,0.7344027213,0.007929695894,No,No,Normal,Safe,Stable
2024-02-10 18:00:00,February,278.1,93.05,1,26.5,6.47,7.34,2.79,2,2,0,0,29.1,33.9,24.1,0.2,2,10.68421053,1.578947368,8.112620561,0.7674545323,0.008327080394,Yes,No,Normal,Safe,Stable
2024-02-10 19:00:00,February,278.1,93.05,1,26.5,6.47,7.34,2.79,2,2,1,1,29.1,33.9,24.1,0.2,2,10.73684211,1.315789474,8.107571928,0.8005063433,0.008724464894,No,No,Normal,Safe,Stable
2024-02-10 20:00:00,February,278.1,93.05,1,26.5,6.47,7.34,2.79,2,2,0,0,29.1,33.9,24.1,0.2,2,10.78947368,1.052631579,8.102523295,0.8335581542,0.009121849394,Yes,No,Normal,Safe,Stable
2024-02-10 21:00:00,February,278.1,93.05,1,26.5,6.47,7.34,2.79,2,2,0,0,29.1,33.9,24.1,0.2,2,10.84210526,0.7894736842,8.097474661,0.8666099652,0.009519233895,No,No,Normal,Safe,Stable
2024-02-10 22:00:00,February,278.1,93.05,1,26.5,6.47,7.34,2.79,2,2,0,0,29.1,33.9,24.1,0.2,2,10.89473684,0.5263157895,8.092426028,0.8996617761,0.009916618395,Yes,No,Normal,Safe,Stable
2024-02-10 23:00:00,February,278.1,93.05,1,26.5,6.47,7.34,2.79,2,2,0,0,29.1,33.9,24.1,0.2,2,10.94736842,0.2631578947,8.087377395,0.9327135871,0.0103140029,No,No,Normal,Safe,Stable
2024-02-11 00:00:00,February,278.1,93.05,1,26.5,6.47,7.34,2.79,2,2,0,1,29.1,33.9,24.1,0.2,2,11,0,8.082328761,0.965765398,0.0107113874,Yes,No,Normal,Safe,Stable
2024-02-11 01:00:00,February,278.1,93.05,1,26.5,6.47,7.34,2.79,2,2,0,0,29.1,33.9,24.1,0.2,2,11,1,7.989781546,0.3326134368,0.106104613,No,No,Normal,Safe,Stable
2024-02-11 02:00:00,February,278.1,93.05,1,26.5,6.47,7.34,2.79,2,2,0,0,29.1,33.9,24.1,0.2,2,11,2,8.293267396,0.3487976962,0.4380076416,Yes,No,Normal,Safe,Stable
2024-02-11 03:00:00,February,278.1,93.05,1,26.5,6.47,7.34,2.79,2,2,0,0,29.1,33.9,24.1,0.2,2,11,3,7.779344985,0.2633061388,0.9533169528,No,No,Normal,Safe,Stable
2024-02-11 04:00:00,February,278.1,93.05,1,26.5,6.47,7.34,2.79,2,2,0,0,29.1,33.9,24.1,0.2,2,11,4,8.394208381,0.2497600453,0.8647076382,Yes,No,Normal,Safe,Stable
2024-02-11 05:00:00,February,278.1,93.05,1,26.5,6.47,7.34,2.79,2,2,0,0,29.1,33.9,24.1,0.2,2,11,5,8.154796056,0.3755391161,0.03716286989,No,No,Normal,Safe,Stable
2024-02-11 06:00:00,February,278.1,93.05,1,26.5,6.47,7.34,2.79,2,2,0,0,29.1,33.9,24.1,0.2,2,11.05263158,4.736842105,8.164911509,0.3782820662,0.03794260674,Yes,No,Normal,Safe,Stable
2024-02-11 07:00:00,February,278.1,93.05,1,26.5,6.47,7.34,2.79,2,2,1,0,29.1,33.9,24.1,0.2,2,11.10526316,4.473684211,8.175026963,0.3810250164,0.03872234359,No,No,Normal,Safe,Stable
2024-02-11 08:00:00,February,278.1,93.05,1,26.5,6.47,7.34,2.79,2,2,0,0,29.1,33.9,24.1,0.2,2,11.15789474,4.210526316,8.185142417,0.3837679665,0.03950208043,Yes,No,Normal,Safe,Stable
2024-02-11 09:00:00,February,278.1,93.05,1,26.5,6.47,7.34,2.79,2,2,0,0,29.1,33.9,24.1,0.2,2,11.21052632,3.947368421,8.195257871,0.3865109166,0.04028181728,No,No,Normal,Safe,Stable
2024-02-11 10:00:00,February,278.1,93.05,1,26.5,6.47,7.34,2.79,2,2,0,0,29.1,33.9,24.1,0.2,2,11.26315789,3.684210526,8.205373325,0.3892538668,0.04106155413,Yes,No,Normal,Safe,Stable
2024-02-11 11:00:00,February,278.1,93.05,1,26.5,6.47,7.34,2.79,2,2,0,0,29.1,33.9,24.1,0.2,2,11.31578947,3.421052632,8.215488778,0.3919968169,0.04184129097,No,No,Normal,Safe,Stable
2024-02-11 12:00:00,February,278.1,93.05,1,26.5,6.47,7.34,2.79,2,2,0,0,29.1,33.9,24.1,0.2,2,11.36842105,3.157894737,8.225604232,0.394739767,0.04262102782,Yes,No,Normal,Safe,Stable
2024-02-11 13:00:00,February,278.1,93.05,1,26.5,6.47,7.34,2.79,2,2,0,1,29.1,33.9,24.1,0.2,2,11.42105263,2.894736842,8.235719686,0.3974827172,0.04340076467,No,No,Normal,Safe,Stable
2024-02-11 14:00:00,February,278.1,93.05,1,26.5,6.47,7.34,2.79,2,2,0,0,29.1,33.9,24.1,0.2,2,11.47368421,2.631578947,8.24583514,0.4002256673,0.04418050151,Yes,No,Normal,Safe,Stable
2024-02-11 15:00:00,February,278.1,93.05,1,26.5,6.47,7.34,2.79,2,2,1,0,29.1,33.9,24.1,0.2,2,11.52631579,2.368421053,8.255950594,0.4029686174,0.04496023836,No,No,Normal,Safe,Stable
2024-02-11 16:00:00,February,278.1,93.05,1,26.5,6.47,7.34,2.79,2,2,0,0,29.1,33.9,24.1,0.2,2,11.57894737,2.105263158,8.266066047,0.4057115676,0.04573997521,Yes,No,Normal,Safe,Stable
2024-02-11 17:00:00,February,278.1,93.05,1,26.5,6.47,7.34,2.79,2,2,1,0,29.1,33.9,24.1,0.2,2,11.63157895,1.842105263,8.276181501,0.4084545177,0.04651971206,No,No,Normal,Safe,Stable
2024-02-11 18:00:00,February,278.1,93.05,1,26.5,6.47,7.34,2.79,2,2,0,1,29.1,33.9,24.1,0.2,2,11.68421053,1.578947368,8.286296955,0.4111974678,0.0472994489,Yes,No,Normal,Safe,Stable
2024-02-11 19:00:00,February,278.1,93.05,1,26.5,6.47,7.34,2.79,2,2,0,0,29.1,33.9,24.1,0.2,2,11.73684211,1.315789474,8.296412409,0.413940418,0.04807918575,No,No,Normal,Safe,Stable
2024-02-11 20:00:00,February,278.1,93.05,1,26.5,6.47,7.34,2.79,2,2,0,0,29.1,33.9,24.1,0.2,2,11.78947368,1.052631579,8.306527862,0.4166833681,0.0488589226,Yes,No,Normal,Safe,Stable
2024-02-11 21:00:00,February,278.1,93.05,1,26.5,6.47,7.34,2.79,2,2,0,1,29.1,33.9,24.1,0.2,2,11.84210526,0.7894736842,8.316643316,0.4194263182,0.04963865944,No,No,Normal,Safe,Stable
2024-02-11 22:00:00,February,278.1,93.05,1,26.5,6.47,7.34,2.79,2,2,0,0,29.1,33.9,24.1,0.2,2,11.89473684,0.5263157895,8.32675877,0.4221692683,0.05041839629,Yes,No,Normal,Safe,Stable
2024-02-11 23:00:00,February,278.1,93.05,1,26.5,6.47,7.34,2.79,2,2,0,0,29.1,33.9,24.1,0.2,2,11.94736842,0.2631578947,8.336874224,0.4249122185,0.05119813314,No,No,Normal,Safe,Stable
2024-02-12 00:00:00,February,278.1,93.05,1,26.5,6.47,7.34,2.79,2,2,0,0,29.1,33.9,24.1,0.2,2,12,0,8.346989678,0.4276551686,0.05197786998,Yes,No,Normal,Safe,Stable
2024-02-12 01:00:00,February,278.1,93.05,1,26.5,6.47,7.34,2.79,2,2,0,1,29.1,33.9,24.1,0.2,2,12,1,7.461070882,0.9953135894,0.01894131975,No,No,Normal,Safe,Stable
2024-02-12 02:00:00,February,278.1,93.05,1,26.5,6.47,7.34,2.79,2,2,1,1,29.1,33.9,24.1,0.2,2,12,2,7.924409178,0.3661266715,0.4835893661,Yes,No,Normal,Safe,Stable
2024-02-12 03:00:00,February,278.1,93.05,1,26.5,6.47,7.34,2.79,2,2,0,0,29.1,33.9,24.1,0.2,2,12,3,8.312459841,0.1999358926,0.8745074589,No,No,Normal,Safe,Stable
2024-02-12 04:00:00,February,278.1,93.05,1,26.5,6.47,7.34,2.79,2,2,1,0,29.1,33.9,24.1,0.2,2,12,4,8.148892487,0.2995394596,0.8107517355,Yes,No,Normal,Safe,Stable
2024-02-12 05:00:00,February,278.1,93.05,1,26.5,6.47,7.34,2.79,2,2,0,0,29.1,33.9,24.1,0.2,2,12,5,8.155865941,0.3756148236,0.009438674425,No,No,Normal,Safe,Stable
2024-02-12 06:00:00,February,278.1,93.05,1,26.5,6.47,7.34,2.79,2,2,0,0,29.1,33.9,24.1,0.2,2,12.05263158,4.736842105,8.146269636,0.3768032319,0.00949539328,Yes,No,Normal,Safe,Stable
2024-02-12 07:00:00,February,278.1,93.05,1,26.5,6.47,7.34,2.79,2,2,1,0,29.1,33.9,24.1,0.2,2,12.10526316,4.473684211,8.136673331,0.3779916402,0.009552112136,No,No,Normal,Safe,Stable
2024-02-12 08:00:00,February,278.1,93.05,1,26.5,6.47,7.34,2.79,2,2,0,0,29.1,33.9,24.1,0.2,2,12.15789474,4.210526316,8.127077026,0.3791800484,0.009608830991,Yes,No,Normal,Safe,Stable
2024-02-12 09:00:00,February,278.1,93.05,1,26.5,6.47,7.34,2.79,2,2,0,0,29.1,33.9,24.1,0.2,2,12.21052632,3.947368421,8.117480722,0.3803684567,0.009665549847,No,No,Normal,Safe,Stable
2024-02-12 10:00:00,February,278.1,93.05,1,26.5,6.47,7.34,2.79,2,2,0,0,29.1,33.9,24.1,0.2,2,12.26315789,3.684210526,8.107884417,0.381556865,0.009722268703,Yes,No,Normal,Safe,Stable
2024-02-12 11:00:00,February,278.1,93.05,1,26.5,6.47,7.34,2.79,2,2,0,0,29.1,33.9,24.1,0.2,2,12.31578947,3.421052632,8.098288112,0.3827452732,0.009778987558,No,No,Normal,Safe,Stable
2024-02-12 12:00:00,February,278.1,93.05,1,26.5,6.47,7.34,2.79,2,2,0,1,29.1,33.9,24.1,0.2,2,12.36842105,3.157894737,8.088691807,0.3839336815,0.009835706414,Yes,No,Normal,Safe,Stable
2024-02-12 13:00:00,February,278.1,93.05,1,26.5,6.47,7.34,2.79,2,2,0,0,29.1,33.9,24.1,0.2,2,12.42105263,2.894736842,8.079095502,0.3851220898,0.009892425269,No,No,Normal,Safe,Stable
2024-02-12 14:00:00,February,278.1,93.05,1,26.5,6.47,7.34,2.79,2,2,0,0,29.1,33.9,24.1,0.2,2,12.47368421,2.631578947,8.069499197,0.3863104981,0.009949144125,Yes,No,Normal,Safe,Stable
2024-02-12 15:00:00,February,278.1,93.05,1,26.5,6.47,7.34,2.79,2,2,0,0,29.1,33.9,24.1,0.2,2,12.52631579,2.368421053,8.059902892,0.3874989063,0.01000586298,No,No,Normal,Safe,Stable
2024-02-12 16:00:00,February,278.1,93.05,1,26.5,6.47,7.34,2.79,2,2,0,0,29.1,33.9,24.1,0.2,2,12.57894737,2.105263158,8.050306587,0.3886873146,0.01006258184,Yes,No,Normal,Safe,Stable
2024-02-12 17:00:00,February,278.1,93.05,1,26.5,6.47,7.34,2.79,2,2,0,0,29.1,33.9,24.1,0.2,2,12.63157895,1.842105263,8.040710283,0.3898757229,0.01011930069,No,No,Normal,Safe,Stable
2024-02-12 18:00:00,February,278.1,93.05,1,26.5,6.47,7.34,2.79,2,2,1,0,29.1,33.9,24.1,0.2,2,12.68421053,1.578947368,8.031113978,0.3910641312,0.01017601955,Yes,No,Normal,Safe,Stable
2024-02-12 19:00:00,February,278.1,93.05,1,26.5,6.47,7.34,2.79,2,2,1,0,29.1,33.9,24.1,0.2,2,12.73684211,1.315789474,8.021517673,0.3922525394,0.0102327384,No,No,Normal,Safe,Stable
2024-02-12 20:00:00,February,278.1,93.05,1,26.5,6.47,7.34,2.79,2,2,0,0,29.1,33.9,24.1,0.2,2,12.78947368,1.052631579,8.011921368,0.3934409477,0.01028945726,Yes,No,Normal,Safe,Stable
2024-02-12 21:00:00,February,278.1,93.05,1,26.5,6.47,7.34,2.79,2,2,1,0,29.1,33.9,24.1,0.2,2,12.84210526,0.7894736842,8.002325063,0.394629356,0.01034617611,No,No,Normal,Safe,Stable
2024-02-12 22:00:00,February,278.1,93.05,1,26.5,6.47,7.34,2.79,2,2,1,0,29.1,33.9,24.1,0.2,2,12.89473684,0.5263157895,7.992728758,0.3958177643,0.01040289497,Yes,No,Normal,Safe,Stable
2024-02-12 23:00:00,February,278.1,93.05,1,26.5,6.47,7.34,2.79,2,2,0,0,29.1,33.9,24.1,0.2,2,12.94736842,0.2631578947,7.983132453,0.3970061725,0.01045961383,No,No,Normal,Safe,Stable
2024-02-13 00:00:00,February,278.1,93.05,1,26.5,6.47,7.34,2.79,2,2,0,0,29.1,33.9,24.1,0.2,2,13,0,7.973536148,0.3981945808,0.01051633268,Yes,No,Normal,Safe,Stable
2024-02-13 01:00:00,February,278.1,93.05,1,26.5,6.47,7.34,2.79,2,2,1,1,29.1,33.9,24.1,0.2,2,13,1,7.830524569,0.3491263056,0.1043948513,No,No,Normal,Safe,Stable
2024-02-13 02:00:00,February,278.1,93.05,1,26.5,6.47,7.34,2.79,2,2,0,0,29.1,33.9,24.1,0.2,2,13,2,7.766875503,0.9624983453,0.01584788334,Yes,No,Normal,Safe,Stable
2024-02-13 03:00:00,February,278.1,93.05,1,26.5,6.47,7.34,2.79,2,2,0,0,29.1,33.9,24.1,0.2,2,13,3,8.070648147,0.2361354541,0.9198463328,No,No,Normal,Safe,Stable
2024-02-13 04:00:00,February,278.1,93.05,1,26.5,6.47,7.34,2.79,2,2,0,0,29.1,33.9,24.1,0.2,2,13,4,7.476657764,1.005185573,-0.01480760604,Yes,No,Normal,Safe,Stable
2024-02-13 05:00:00,February,278.1,93.05,1,26.5,6.47,7.34,2.79,2,2,0,0,29.1,33.9,24.1,0.2,2,13,5,8.428532996,0.391445049,-0.03125552079,No,No,Normal,Safe,Stable
2024-02-13 06:00:00,February,278.1,93.05,1,26.5,6.47,7.34,2.79,2,2,0,0,29.1,33.9,24.1,0.2,2,13.05263158,4.736842105,8.417732508,0.3921195401,-0.02794643327,Yes,No,Normal,Safe,Stable
2024-02-13 07:00:00,February,278.1,93.05,1,26.5,6.47,7.34,2.79,2,2,0,0,29.1,33.9,24.1,0.2,2,13.10526316,4.473684211,8.406932021,0.3927940313,-0.02463734574,No,No,Normal,Safe,Stable
2024-02-13 08:00:00,February,278.1,93.05,1,26.5,6.47,7.34,2.79,2,2,0,1,29.1,33.9,24.1,0.2,2,13.15789474,4.210526316,8.396131533,0.3934685224,-0.02132825821,Yes,No,Normal,Safe,Stable
2024-02-13 09:00:00,February,278.1,93.05,1,26.5,6.47,7.34,2.79,2,2,0,1,29.1,33.9,24.1,0.2,2,13.21052632,3.947368421,8.385331045,0.3941430136,-0.01801917069,No,No,Normal,Safe,Stable
2024-02-13 10:00:00,February,278.1,93.05,1,26.5,6.47,7.34,2.79,2,2,0,0,29.1,33.9,24.1,0.2,2,13.26315789,3.684210526,8.374530557,0.3948175047,-0.01471008316,Yes,No,Normal,Safe,Stable
2024-02-13 11:00:00,February,278.1,93.05,1,26.5,6.47,7.34,2.79,2,2,0,0,29.1,33.9,24.1,0.2,2,13.31578947,3.421052632,8.363730069,0.3954919958,-0.01140099563,No,No,Normal,Safe,Stable
2024-02-13 12:00:00,February,278.1,93.05,1,26.5,6.47,7.34,2.79,2,2,0,0,29.1,33.9,24.1,0.2,2,13.36842105,3.157894737,8.352929581,0.396166487,-0.008091908105,Yes,No,Normal,Safe,Stable
2024-02-13 13:00:00,February,278.1,93.05,1,26.5,6.47,7.34,2.79,2,2,0,0,29.1,33.9,24.1,0.2,2,13.42105263,2.894736842,8.342129093,0.3968409781,-0.004782820578,No,No,Normal,Safe,Stable
2024-02-13 14:00:00,February,278.1,93.05,1,26.5,6.47,7.34,2.79,2,2,0,0,29.1,33.9,24.1,0.2,2,13.47368421,2.631578947,8.331328605,0.3975154693,-0.001473733052,Yes,No,Normal,Safe,Stable
2024-02-13 15:00:00,February,278.1,93.05,1,26.5,6.47,7.34,2.79,2,2,0,0,29.1,33.9,24.1,0.2,2,13.52631579,2.368421053,8.320528117,0.3981899604,0.001835354475,No,No,Normal,Safe,Stable
2024-02-13 16:00:00,February,278.1,93.05,1,26.5,6.47,7.34,2.79,2,2,0,0,29.1,33.9,24.1,0.2,2,13.57894737,2.105263158,8.309727629,0.3988644516,0.005144442002,Yes,No,Normal,Safe,Stable
2024-02-13 17:00:00,February,278.1,93.05,1,26.5,6.47,7.34,2.79,2,2,0,0,29.1,33.9,24.1,0.2,2,13.63157895,1.842105263,8.298927141,0.3995389427,0.008453529528,No,No,Normal,Safe,Stable
2024-02-13 18:00:00,February,278.1,93.05,1,26.5,6.47,7.34,2.79,2,2,0,0,29.1,33.9,24.1,0.2,2,13.68421053,1.578947368,8.288126653,0.4002134339,0.01176261706,Yes,No,Normal,Safe,Stable
2024-02-13 19:00:00,February,278.1,93.05,1,26.5,6.47,7.34,2.79,2,2,0,1,29.1,33.9,24.1,0.2,2,13.73684211,1.315789474,8.277326165,0.400887925,0.01507170458,No,No,Normal,Safe,Stable
2024-02-13 20:00:00,February,278.1,93.05,1,26.5,6.47,7.34,2.79,2,2,0,0,29.1,33.9,24.1,0.2,2,13.78947368,1.052631579,8.266525677,0.4015624162,0.01838079211,Yes,No,Normal,Safe,Stable
2024-02-13 21:00:00,February,278.1,93.05,1,26.5,6.47,7.34,2.79,2,2,0,0,29.1,33.9,24.1,0.2,2,13.84210526,0.7894736842,8.25572519,0.4022369073,0.02168987964,No,No,Normal,Safe,Stable
2024-02-13 22:00:00,February,278.1,93.05,1,26.5,6.47,7.34,2.79,2,2,1,1,29.1,33.9,24.1,0.2,2,13.89473684,0.5263157895,8.244924702,0.4029113985,0.02499896716,Yes,No,Normal,Safe,Stable
2024-02-13 23:00:00,February,278.1,93.05,1,26.5,6.47,7.34,2.79,2,2,0,0,29.1,33.9,24.1,0.2,2,13.94736842,0.2631578947,8.234124214,0.4035858896,0.02830805469,No,No,Normal,Safe,Stable
2024-02-14 00:00:00,February,278.1,93.05,1,26.5,6.47,7.34,2.79,2,2,0,0,29.1,33.9,24.1,0.2,2,14,0,8.223323726,0.4042603808,0.03161714222,Yes,No,Normal,Safe,Stable
2024-02-14 01:00:00,February,278.1,93.05,1,26.5,6.47,7.34,2.79,2,2,0,0,29.1,33.9,24.1,0.2,2,14,1,8.091993993,0.3282562339,0.09957999195,No,No,Normal,Safe,Stable
2024-02-14 02:00:00,February,278.1,93.05,1,26.5,6.47,7.34,2.79,2,2,0,0,29.1,33.9,24.1,0.2,2,14,2,8.204387001,0.3513547184,0.4287409716,Yes,No,Normal,Safe,Stable
2024-02-14 03:00:00,February,278.1,93.05,1,26.5,6.47,7.34,2.79,2,2,1,0,29.1,33.9,24.1,0.2,2,14,3,8.352562849,0.3091492887,0.8789225064,No,No,Normal,Safe,Stable
2024-02-14 04:00:00,February,278.1,93.05,1,26.5,6.47,7.34,2.79,2,2,0,1,29.1,33.9,24.1,0.2,2,14,4,8.18412383,0.3396164099,0.8535305405,Yes,No,Normal,Safe,Stable
2024-02-14 05:00:00,February,278.1,93.05,1,26.5,6.47,7.34,2.79,2,2,0,0,29.1,33.9,24.1,0.2,2,14,5,8.090206972,0.3817708302,-0.003212784159,No,No,Normal,Safe,Stable
2024-02-14 06:00:00,February,278.1,93.05,1,26.5,6.47,7.34,2.79,2,2,0,0,29.1,33.9,24.1,0.2,2,14.05263158,4.736842105,8.064229776,0.3830785744,-0.001655251525,Yes,No,Normal,Safe,Stable
2024-02-14 07:00:00,February,278.1,93.05,1,26.5,6.47,7.34,2.79,2,2,0,0,29.1,33.9,24.1,0.2,2,14.10526316,4.473684211,8.038252579,0.3843863186,-0.00009771889011,No,No,Normal,Safe,Stable
2024-02-14 08:00:00,February,278.1,93.05,1,26.5,6.47,7.34,2.79,2,2,0,0,29.1,33.9,24.1,0.2,2,14.15789474,4.210526316,8.012275383,0.3856940627,0.001459813744,Yes,No,Normal,Safe,Stable
2024-02-14 09:00:00,February,278.1,93.05,1,26.5,6.47,7.34,2.79,2,2,0,1,29.1,33.9,24.1,0.2,2,14.21052632,3.947368421,7.986298187,0.3870018069,0.003017346379,No,No,Normal,Safe,Stable
2024-02-14 10:00:00,February,278.1,93.05,1,26.5,6.47,7.34,2.79,2,2,0,0,29.1,33.9,24.1,0.2,2,14.26315789,3.684210526,7.96032099,0.388309551,0.004574879013,Yes,No,Normal,Safe,Stable
2024-02-14 11:00:00,February,278.1,93.05,1,26.5,6.47,7.34,2.79,2,2,0,0,29.1,33.9,24.1,0.2,2,14.31578947,3.421052632,7.934343794,0.3896172952,0.006132411648,No,No,Normal,Safe,Stable
2024-02-14 12:00:00,February,278.1,93.05,1,26.5,6.47,7.34,2.79,2,2,0,0,29.1,33.9,24.1,0.2,2,14.36842105,3.157894737,7.908366598,0.3909250393,0.007689944282,Yes,No,Normal,Safe,Stable
2024-02-14 13:00:00,February,278.1,93.05,1,26.5,6.47,7.34,2.79,2,2,0,0,29.1,33.9,24.1,0.2,2,14.42105263,2.894736842,7.882389401,0.3922327835,0.009247476916,No,No,Normal,Safe,Stable
2024-02-14 14:00:00,February,278.1,93.05,1,26.5,6.47,7.34,2.79,2,2,0,0,29.1,33.9,24.1,0.2,2,14.47368421,2.631578947,7.856412205,0.3935405276,0.01080500955,Yes,No,Normal,Safe,Stable
2024-02-14 15:00:00,February,278.1,93.05,1,26.5,6.47,7.34,2.79,2,2,1,0,29.1,33.9,24.1,0.2,2,14.52631579,2.368421053,7.830435008,0.3948482718,0.01236254219,No,No,Normal,Safe,Stable
2024-02-14 16:00:00,February,278.1,93.05,1,26.5,6.47,7.34,2.79,2,2,0,0,29.1,33.9,24.1,0.2,2,14.57894737,2.105263158,7.804457812,0.396156016,0.01392007482,Yes,No,Normal,Safe,Stable
2024-02-14 17:00:00,February,278.1,93.05,1,26.5,6.47,7.34,2.79,2,2,0,0,29.1,33.9,24.1,0.2,2,14.63157895,1.842105263,7.778480616,0.3974637601,0.01547760745,No,No,Normal,Safe,Stable
2024-02-14 18:00:00,February,278.1,93.05,1,26.5,6.47,7.34,2.79,2,2,0,0,29.1,33.9,24.1,0.2,2,14.68421053,1.578947368,7.752503419,0.3987715043,0.01703514009,Yes,No,Normal,Safe,Stable
2024-02-14 19:00:00,February,278.1,93.05,1,26.5,6.47,7.34,2.79,2,2,0,0,29.1,33.9,24.1,0.2,2,14.73684211,1.315789474,7.726526223,0.4000792484,0.01859267272,No,No,Normal,Safe,Stable
2024-02-14 20:00:00,February,278.1,93.05,1,26.5,6.47,7.34,2.79,2,2,0,1,29.1,33.9,24.1,0.2,2,14.78947368,1.052631579,7.700549027,0.4013869926,0.02015020536,Yes,No,Normal,Safe,Stable
2024-02-14 21:00:00,February,278.1,93.05,1,26.5,6.47,7.34,2.79,2,2,0,0,29.1,33.9,24.1,0.2,2,14.84210526,0.7894736842,7.67457183,0.4026947367,0.02170773799,No,No,Normal,Safe,Stable
2024-02-14 22:00:00,February,278.1,93.05,1,26.5,6.47,7.34,2.79,2,2,0,0,29.1,33.9,24.1,0.2,2,14.89473684,0.5263157895,7.648594634,0.4040024809,0.02326527063,Yes,No,Normal,Safe,Stable
2024-02-14 23:00:00,February,278.1,93.05,1,26.5,6.47,7.34,2.79,2,2,0,0,29.1,33.9,24.1,0.2,2,14.94736842,0.2631578947,7.622617437,0.405310225,0.02482280326,No,No,Normal,Safe,Stable
2024-02-15 00:00:00,February,278.1,93.05,1,26.5,6.47,7.34,2.79,2,2,0,1,29.1,33.9,24.1,0.2,2,15,0,7.596640241,0.4066179692,0.0263803359,Yes,No,Normal,Safe,Stable
2024-02-15 01:00:00,February,278.1,93.05,1,26.5,6.47,7.34,2.79,2,2,1,0,29.1,33.9,24.1,0.2,2,15,1,8.038457822,0.9753037894,-0.02214641022,No,No,Normal,Safe,Stable
2024-02-15 02:00:00,February,278.1,93.05,1,26.5,6.47,7.34,2.79,2,2,0,0,29.1,33.9,24.1,0.2,2,15,2,8.524589434,0.3557333539,0.45549997,Yes,No,Normal,Safe,Stable
2024-02-15 03:00:00,February,278.1,93.05,1,26.5,6.47,7.34,2.79,2,2,1,0,29.1,33.9,24.1,0.2,2,15,3,8.302052321,0.2839858178,0.8592494477,No,No,Normal,Safe,Stable
2024-02-15 04:00:00,February,278.1,93.05,1,26.5,6.47,7.34,2.79,2,2,0,0,29.1,33.9,24.1,0.2,2,15,4,8.454834266,0.2928499415,0.8174117531,Yes,No,Normal,Safe,Stable
2024-02-15 05:00:00,February,278.1,93.05,1,26.5,6.47,7.34,2.79,2,2,0,0,29.1,33.9,24.1,0.2,2,15,5,7.562365456,0.9428286552,-0.01909209727,No,No,Normal,Safe,Stable
2024-02-15 06:00:00,February,278.1,93.05,1,26.5,6.47,7.34,2.79,2,2,0,0,29.1,33.9,24.1,0.2,2,15.05263158,4.736842105,7.595875364,0.9158077979,-0.01677922727,Yes,No,Normal,Safe,Stable
2024-02-15 07:00:00,February,278.1,93.05,1,26.5,6.47,7.34,2.79,2,2,0,0,29.1,33.9,24.1,0.2,2,15.10526316,4.473684211,7.629385272,0.8887869406,-0.01446635727,No,No,Normal,Safe,Stable
2024-02-15 08:00:00,February,278.1,93.05,1,26.5,6.47,7.34,2.79,2,2,0,0,29.1,33.9,24.1,0.2,2,15.15789474,4.210526316,7.66289518,0.8617660834,-0.01215348727,Yes,No,Normal,Safe,Stable
2024-02-15 09:00:00,February,278.1,93.05,1,26.5,6.47,7.34,2.79,2,2,0,0,29.1,33.9,24.1,0.2,2,15.21052632,3.947368421,7.696405088,0.8347452261,-0.009840617265,No,No,Normal,Safe,Stable
2024-02-15 10:00:00,February,278.1,93.05,1,26.5,6.47,7.34,2.79,2,2,0,0,29.1,33.9,24.1,0.2,2,15.26315789,3.684210526,7.729914996,0.8077243688,-0.007527747263,Yes,No,Normal,Safe,Stable
2024-02-15 11:00:00,February,278.1,93.05,1,26.5,6.47,7.34,2.79,2,2,1,0,29.1,33.9,24.1,0.2,2,15.31578947,3.421052632,7.763424904,0.7807035116,-0.00521487726,No,No,Normal,Safe,Stable
2024-02-15 12:00:00,February,278.1,93.05,1,26.5,6.47,7.34,2.79,2,2,0,1,29.1,33.9,24.1,0.2,2,15.36842105,3.157894737,7.796934813,0.7536826543,-0.002902007258,Yes,No,Normal,Safe,Stable
2024-02-15 13:00:00,February,278.1,93.05,1,26.5,6.47,7.34,2.79,2,2,1,0,29.1,33.9,24.1,0.2,2,15.42105263,2.894736842,7.830444721,0.726661797,-0.0005891372557,No,No,Normal,Safe,Stable
2024-02-15 14:00:00,February,278.1,93.05,1,26.5,6.47,7.34,2.79,2,2,0,0,29.1,33.9,24.1,0.2,2,15.47368421,2.631578947,7.863954629,0.6996409397,0.001723732747,Yes,No,Normal,Safe,Stable
2024-02-15 15:00:00,February,278.1,93.05,1,26.5,6.47,7.34,2.79,2,2,1,0,29.1,33.9,24.1,0.2,2,15.52631579,2.368421053,7.897464537,0.6726200825,0.004036602749,No,No,Normal,Safe,Stable
2024-02-15 16:00:00,February,278.1,93.05,1,26.5,6.47,7.34,2.79,2,2,0,1,29.1,33.9,24.1,0.2,2,15.57894737,2.105263158,7.930974445,0.6455992252,0.006349472751,Yes,No,Normal,Safe,Stable
2024-02-15 17:00:00,February,278.1,93.05,1,26.5,6.47,7.34,2.79,2,2,0,0,29.1,33.9,24.1,0.2,2,15.63157895,1.842105263,7.964484353,0.6185783679,0.008662342754,No,No,Normal,Safe,Stable
2024-02-15 18:00:00,February,278.1,93.05,1,26.5,6.47,7.34,2.79,2,2,0,0,29.1,33.9,24.1,0.2,2,15.68421053,1.578947368,7.997994261,0.5915575107,0.01097521276,Yes,No,Normal,Safe,Stable
2024-02-15 19:00:00,February,278.1,93.05,1,26.5,6.47,7.34,2.79,2,2,0,0,29.1,33.9,24.1,0.2,2,15.73684211,1.315789474,8.031504169,0.5645366534,0.01328808276,No,No,Normal,Safe,Stable
2024-02-15 20:00:00,February,278.1,93.05,1,26.5,6.47,7.34,2.79,2,2,1,0,29.1,33.9,24.1,0.2,2,15.78947368,1.052631579,8.065014077,0.5375157961,0.01560095276,Yes,No,Normal,Safe,Stable
2024-02-15 21:00:00,February,278.1,93.05,1,26.5,6.47,7.34,2.79,2,2,1,1,29.1,33.9,24.1,0.2,2,15.84210526,0.7894736842,8.098523985,0.5104949389,0.01791382276,No,No,Normal,Safe,Stable
2024-02-15 22:00:00,February,278.1,93.05,1,26.5,6.47,7.34,2.79,2,2,0,0,29.1,33.9,24.1,0.2,2,15.89473684,0.5263157895,8.132033893,0.4834740816,0.02022669277,Yes,No,Normal,Safe,Stable
2024-02-15 23:00:00,February,278.1,93.05,1,26.5,6.47,7.34,2.79,2,2,0,1,29.1,33.9,24.1,0.2,2,15.94736842,0.2631578947,8.165543801,0.4564532243,0.02253956277,No,No,Normal,Safe,Stable
2024-02-16 00:00:00,February,278.1,93.05,1,26.5,6.47,7.34,2.79,2,2,0,0,29.1,33.9,24.1,0.2,2,16,0,8.199053709,0.4294323671,0.02485243277,Yes,No,Normal,Safe,Stable
2024-02-16 01:00:00,February,278.1,93.05,1,26.5,6.47,7.34,2.79,2,2,0,0,29.1,33.9,24.1,0.2,2,16,1,8.221313865,0.309648488,0.1551470039,No,No,Normal,Safe,Stable
2024-02-16 02:00:00,February,278.1,93.05,1,26.5,6.47,7.34,2.79,2,2,0,1,29.1,33.9,24.1,0.2,2,16,2,7.724607248,0.9923325818,-0.01188492079,Yes,No,Normal,Safe,Stable
2024-02-16 03:00:00,February,278.1,93.05,1,26.5,6.47,7.34,2.79,2,2,0,0,29.1,33.9,24.1,0.2,2,16,3,8.141149753,0.9636874525,-0.0121800171,No,No,Normal,Safe,Stable
2024-02-16 04:00:00,February,278.1,93.05,1,26.5,6.47,7.34,2.79,2,2,0,0,29.1,33.9,24.1,0.2,2,16,4,8.149147266,0.2810653424,0.9679394112,Yes,No,Normal,Safe,Stable
2024-02-16 05:00:00,February,278.1,93.05,1,26.5,6.47,7.34,2.79,2,2,1,0,29.1,33.9,24.1,0.2,2,16,5,8.036076305,0.3764600565,0.004068323917,No,No,Normal,Safe,Stable
2024-02-16 06:00:00,February,278.1,93.05,1,26.5,6.47,7.34,2.79,2,2,0,0,29.1,33.9,24.1,0.2,2,16.05263158,4.736842105,8.04206975,0.4089121035,0.003787837582,Yes,No,Normal,Safe,Stable
2024-02-16 07:00:00,February,278.1,93.05,1,26.5,6.47,7.34,2.79,2,2,0,0,29.1,33.9,24.1,0.2,2,16.10526316,4.473684211,8.048063196,0.4413641505,0.003507351246,No,No,Normal,Safe,Stable
2024-02-16 08:00:00,February,278.1,93.05,1,26.5,6.47,7.34,2.79,2,2,0,0,29.1,33.9,24.1,0.2,2,16.15789474,4.210526316,8.054056642,0.4738161975,0.00322686491,Yes,No,Normal,Safe,Stable
2024-02-16 09:00:00,February,278.1,93.05,1,26.5,6.47,7.34,2.79,2,2,0,0,29.1,33.9,24.1,0.2,2,16.21052632,3.947368421,8.060050087,0.5062682444,0.002946378574,No,No,Normal,Safe,Stable
2024-02-16 10:00:00,February,278.1,93.05,1,26.5,6.47,7.34,2.79,2,2,0,0,29.1,33.9,24.1,0.2,2,16.26315789,3.684210526,8.066043533,0.5387202914,0.002665892239,Yes,No,Normal,Safe,Stable
2024-02-16 11:00:00,February,278.1,93.05,1,26.5,6.47,7.34,2.79,2,2,1,1,29.1,33.9,24.1,0.2,2,16.31578947,3.421052632,8.072036978,0.5711723384,0.002385405903,No,No,Normal,Safe,Stable
2024-02-16 12:00:00,February,278.1,93.05,1,26.5,6.47,7.34,2.79,2,2,0,0,29.1,33.9,24.1,0.2,2,16.36842105,3.157894737,8.078030424,0.6036243854,0.002104919567,Yes,No,Normal,Safe,Stable
2024-02-16 13:00:00,February,278.1,93.05,1,26.5,6.47,7.34,2.79,2,2,1,0,29.1,33.9,24.1,0.2,2,16.42105263,2.894736842,8.08402387,0.6360764323,0.001824433231,No,No,Normal,Safe,Stable
2024-02-16 14:00:00,February,278.1,93.05,1,26.5,6.47,7.34,2.79,2,2,0,0,29.1,33.9,24.1,0.2,2,16.47368421,2.631578947,8.090017315,0.6685284793,0.001543946895,Yes,No,Normal,Safe,Stable
2024-02-16 15:00:00,February,278.1,93.05,1,26.5,6.47,7.34,2.79,2,2,0,0,29.1,33.9,24.1,0.2,2,16.52631579,2.368421053,8.096010761,0.7009805263,0.00126346056,No,No,Normal,Safe,Stable
2024-02-16 16:00:00,February,278.1,93.05,1,26.5,6.47,7.34,2.79,2,2,1,0,29.1,33.9,24.1,0.2,2,16.57894737,2.105263158,8.102004206,0.7334325733,0.0009829742239,Yes,No,Normal,Safe,Stable
2024-02-16 17:00:00,February,278.1,93.05,1,26.5,6.47,7.34,2.79,2,2,0,0,29.1,33.9,24.1,0.2,2,16.63157895,1.842105263,8.107997652,0.7658846202,0.0007024878882,No,No,Normal,Safe,Stable
2024-02-16 18:00:00,February,278.1,93.05,1,26.5,6.47,7.34,2.79,2,2,1,0,29.1,33.9,24.1,0.2,2,16.68421053,1.578947368,8.113991098,0.7983366672,0.0004220015524,Yes,No,Normal,Safe,Stable
2024-02-16 19:00:00,February,278.1,93.05,1,26.5,6.47,7.34,2.79,2,2,0,0,29.1,33.9,24.1,0.2,2,16.73684211,1.315789474,8.119984543,0.8307887142,0.0001415152166,No,No,Normal,Safe,Stable
2024-02-16 20:00:00,February,278.1,93.05,1,26.5,6.47,7.34,2.79,2,2,1,0,29.1,33.9,24.1,0.2,2,16.78947368,1.052631579,8.125977989,0.8632407612,-0.0001389711191,Yes,No,Normal,Safe,Stable
2024-02-16 21:00:00,February,278.1,93.05,1,26.5,6.47,7.34,2.79,2,2,1,1,29.1,33.9,24.1,0.2,2,16.84210526,0.7894736842,8.131971434,0.8956928081,-0.0004194574549,No,No,Normal,Safe,Stable
2024-02-16 22:00:00,February,278.1,93.05,1,26.5,6.47,7.34,2.79,2,2,0,0,29.1,33.9,24.1,0.2,2,16.89473684,0.5263157895,8.13796488,0.9281448551,-0.0006999437907,Yes,No,Normal,Safe,Stable
2024-02-16 23:00:00,February,278.1,93.05,1,26.5,6.47,7.34,2.79,2,2,1,0,29.1,33.9,24.1,0.2,2,16.94736842,0.2631578947,8.143958326,0.9605969021,-0.0009804301264,No,No,Normal,Safe,Stable
2024-02-17 00:00:00,February,278.1,93.05,1,26.5,6.47,7.34,2.79,2,2,1,0,29.1,33.9,24.1,0.2,2,17,0,8.149951771,0.9930489491,-0.001260916462,Yes,No,Normal,Safe,Stable
2024-02-17 01:00:00,February,278.1,93.05,1,26.5,6.47,7.34,2.79,2,2,0,1,29.1,33.9,24.1,0.2,2,17,1,8.467965894,0.3333981638,0.1243329175,No,No,Normal,Safe,Stable
2024-02-17 02:00:00,February,278.1,93.05,1,26.5,6.47,7.34,2.79,2,2,1,1,29.1,33.9,24.1,0.2,2,17,2,7.966225356,0.966446602,0.02377015323,Yes,No,Normal,Safe,Stable
2024-02-17 03:00:00,February,278.1,93.05,1,26.5,6.47,7.34,2.79,2,2,1,0,29.1,33.9,24.1,0.2,2,17,3,7.840720849,0.2497901368,0.9735240914,No,No,Normal,Safe,Stable
2024-02-17 04:00:00,February,278.1,93.05,1,26.5,6.47,7.34,2.79,2,2,0,0,29.1,33.9,24.1,0.2,2,17,4,8.455790754,0.2164302745,0.9113686858,Yes,No,Normal,Safe,Stable
2024-02-17 05:00:00,February,278.1,93.05,1,26.5,6.47,7.34,2.79,2,2,1,1,29.1,33.9,24.1,0.2,2,17,5,8.363653611,0.3759375945,0.01610865221,No,No,Normal,Safe,Stable
2024-02-17 06:00:00,February,278.1,93.05,1,26.5,6.47,7.34,2.79,2,2,0,0,29.1,33.9,24.1,0.2,2,17.05263158,4.736842105,8.35306745,0.3778300466,0.01860238688,Yes,No,Normal,Safe,Stable
2024-02-17 07:00:00,February,278.1,93.05,1,26.5,6.47,7.34,2.79,2,2,0,1,29.1,33.9,24.1,0.2,2,17.10526316,4.473684211,8.342481289,0.3797224986,0.02109612155,No,No,Normal,Safe,Stable
2024-02-17 08:00:00,February,278.1,93.05,1,26.5,6.47,7.34,2.79,2,2,0,0,29.1,33.9,24.1,0.2,2,17.15789474,4.210526316,8.331895128,0.3816149507,0.02358985621,Yes,No,Normal,Safe,Stable
2024-02-17 09:00:00,February,278.1,93.05,1,26.5,6.47,7.34,2.79,2,2,1,0,29.1,33.9,24.1,0.2,2,17.21052632,3.947368421,8.321308967,0.3835074027,0.02608359088,No,No,Normal,Safe,Stable
2024-02-17 10:00:00,February,278.1,93.05,1,26.5,6.47,7.34,2.79,2,2,1,0,29.1,33.9,24.1,0.2,2,17.26315789,3.684210526,8.310722806,0.3853998548,0.02857732555,Yes,No,Normal,Safe,Stable
2024-02-17 11:00:00,February,278.1,93.05,1,26.5,6.47,7.34,2.79,2,2,0,0,29.1,33.9,24.1,0.2,2,17.31578947,3.421052632,8.300136645,0.3872923068,0.03107106022,No,No,Normal,Safe,Stable
2024-02-17 12:00:00,February,278.1,93.05,1,26.5,6.47,7.34,2.79,2,2,0,1,29.1,33.9,24.1,0.2,2,17.36842105,3.157894737,8.289550484,0.3891847589,0.03356479489,Yes,No,Normal,Safe,Stable
2024-02-17 13:00:00,February,278.1,93.05,1,26.5,6.47,7.34,2.79,2,2,0,0,29.1,33.9,24.1,0.2,2,17.42105263,2.894736842,8.278964323,0.3910772109,0.03605852955,No,No,Normal,Safe,Stable
2024-02-17 14:00:00,February,278.1,93.05,1,26.5,6.47,7.34,2.79,2,2,0,0,29.1,33.9,24.1,0.2,2,17.47368421,2.631578947,8.268378163,0.392969663,0.03855226422,Yes,No,Normal,Safe,Stable
2024-02-17 15:00:00,February,278.1,93.05,1,26.5,6.47,7.34,2.79,2,2,0,0,29.1,33.9,24.1,0.2,2,17.52631579,2.368421053,8.257792002,0.394862115,0.04104599889,No,No,Normal,Safe,Stable
2024-02-17 16:00:00,February,278.1,93.05,1,26.5,6.47,7.34,2.79,2,2,0,0,29.1,33.9,24.1,0.2,2,17.57894737,2.105263158,8.247205841,0.3967545671,0.04353973356,Yes,No,Normal,Safe,Stable
2024-02-17 17:00:00,February,278.1,93.05,1,26.5,6.47,7.34,2.79,2,2,0,0,29.1,33.9,24.1,0.2,2,17.63157895,1.842105263,8.23661968,0.3986470191,0.04603346823,No,No,Normal,Safe,Stable
2024-02-17 18:00:00,February,278.1,93.05,1,26.5,6.47,7.34,2.79,2,2,0,0,29.1,33.9,24.1,0.2,2,17.68421053,1.578947368,8.226033519,0.4005394712,0.04852720289,Yes,No,Normal,Safe,Stable
2024-02-17 19:00:00,February,278.1,93.05,1,26.5,6.47,7.34,2.79,2,2,0,1,29.1,33.9,24.1,0.2,2,17.73684211,1.315789474,8.215447358,0.4024319232,0.05102093756,No,No,Normal,Safe,Stable
2024-02-17 20:00:00,February,278.1,93.05,1,26.5,6.47,7.34,2.79,2,2,1,0,29.1,33.9,24.1,0.2,2,17.78947368,1.052631579,8.204861197,0.4043243752,0.05351467223,Yes,No,Normal,Safe,Stable
2024-02-17 21:00:00,February,278.1,93.05,1,26.5,6.47,7.34,2.79,2,2,0,0,29.1,33.9,24.1,0.2,2,17.84210526,0.7894736842,8.194275036,0.4062168273,0.0560084069,No,No,Normal,Safe,Stable
2024-02-17 22:00:00,February,278.1,93.05,1,26.5,6.47,7.34,2.79,2,2,0,0,29.1,33.9,24.1,0.2,2,17.89473684,0.5263157895,8.183688875,0.4081092793,0.05850214156,Yes,No,Normal,Safe,Stable
2024-02-17 23:00:00,February,278.1,93.05,1,26.5,6.47,7.34,2.79,2,2,0,0,29.1,33.9,24.1,0.2,2,17.94736842,0.2631578947,8.173102714,0.4100017314,0.06099587623,No,No,Normal,Safe,Stable
2024-02-18 00:00:00,February,278.1,93.05,1,26.5,6.47,7.34,2.79,2,2,0,0,29.1,33.9,24.1,0.2,2,18,0,8.162516553,0.4118941834,0.0634896109,Yes,No,Normal,Safe,Stable
2024-02-18 01:00:00,February,278.1,93.05,1,26.5,6.47,7.34,2.79,2,2,0,0,29.1,33.9,24.1,0.2,2,18,1,8.326780301,0.3222427207,0.1158210635,No,No,Normal,Safe,Stable
2024-02-18 02:00:00,February,278.1,93.05,1,26.5,6.47,7.34,2.79,2,2,1,0,29.1,33.9,24.1,0.2,2,18,2,8.050004023,0.9541765383,0.01035811269,Yes,No,Normal,Safe,Stable
2024-02-18 03:00:00,February,278.1,93.05,1,26.5,6.47,7.34,2.79,2,2,0,0,29.1,33.9,24.1,0.2,2,18,3,7.99085387,0.1912668456,0.8993916781,No,No,Normal,Safe,Stable
2024-02-18 04:00:00,February,278.1,93.05,1,26.5,6.47,7.34,2.79,2,2,0,0,29.1,33.9,24.1,0.2,2,18,4,8.698572582,0.3099079164,0.9674200394,Yes,No,Normal,Safe,Stable
2024-02-18 05:00:00,February,278.1,93.05,1,26.5,6.47,7.34,2.79,2,2,0,0,29.1,33.9,24.1,0.2,2,18,5,8.089952886,0.3694902091,0.01739339069,No,No,Normal,Safe,Stable
2024-02-18 06:00:00,February,278.1,93.05,1,26.5,6.47,7.34,2.79,2,2,0,0,29.1,33.9,24.1,0.2,2,18.05263158,4.736842105,8.069756817,0.4025604866,0.01518230873,Yes,No,Normal,Safe,Stable
2024-02-18 07:00:00,February,278.1,93.05,1,26.5,6.47,7.34,2.79,2,2,0,0,29.1,33.9,24.1,0.2,2,18.10526316,4.473684211,8.049560749,0.4356307641,0.01297122676,No,No,Normal,Safe,Stable
2024-02-18 08:00:00,February,278.1,93.05,1,26.5,6.47,7.34,2.79,2,2,1,0,29.1,33.9,24.1,0.2,2,18.15789474,4.210526316,8.02936468,0.4687010415,0.0107601448,Yes,No,Normal,Safe,Stable
2024-02-18 09:00:00,February,278.1,93.05,1,26.5,6.47,7.34,2.79,2,2,0,0,29.1,33.9,24.1,0.2,2,18.21052632,3.947368421,8.009168612,0.501771319,0.008549062835,No,No,Normal,Safe,Stable
2024-02-18 10:00:00,February,278.1,93.05,1,26.5,6.47,7.34,2.79,2,2,0,1,29.1,33.9,24.1,0.2,2,18.26315789,3.684210526,7.988972543,0.5348415965,0.00633798087,Yes,No,Normal,Safe,Stable
2024-02-18 11:00:00,February,278.1,93.05,1,26.5,6.47,7.34,2.79,2,2,0,0,29.1,33.9,24.1,0.2,2,18.31578947,3.421052632,7.968776474,0.567911874,0.004126898906,No,No,Normal,Safe,Stable
2024-02-18 12:00:00,February,278.1,93.05,1,26.5,6.47,7.34,2.79,2,2,0,0,29.1,33.9,24.1,0.2,2,18.36842105,3.157894737,7.948580406,0.6009821515,0.001915816942,Yes,No,Normal,Safe,Stable
2024-02-18 13:00:00,February,278.1,93.05,1,26.5,6.47,7.34,2.79,2,2,0,0,29.1,33.9,24.1,0.2,2,18.42105263,2.894736842,7.928384337,0.6340524289,-0.0002952650223,No,No,Normal,Safe,Stable
2024-02-18 14:00:00,February,278.1,93.05,1,26.5,6.47,7.34,2.79,2,2,1,0,29.1,33.9,24.1,0.2,2,18.47368421,2.631578947,7.908188269,0.6671227064,-0.002506346987,Yes,No,Normal,Safe,Stable
2024-02-18 15:00:00,February,278.1,93.05,1,26.5,6.47,7.34,2.79,2,2,0,0,29.1,33.9,24.1,0.2,2,18.52631579,2.368421053,7.8879922,0.7001929839,-0.004717428951,No,No,Normal,Safe,Stable
2024-02-18 16:00:00,February,278.1,93.05,1,26.5,6.47,7.34,2.79,2,2,0,0,29.1,33.9,24.1,0.2,2,18.57894737,2.105263158,7.867796131,0.7332632614,-0.006928510915,Yes,No,Normal,Safe,Stable
2024-02-18 17:00:00,February,278.1,93.05,1,26.5,6.47,7.34,2.79,2,2,0,0,29.1,33.9,24.1,0.2,2,18.63157895,1.842105263,7.847600063,0.7663335389,-0.009139592879,No,No,Normal,Safe,Stable
2024-02-18 18:00:00,February,278.1,93.05,1,26.5,6.47,7.34,2.79,2,2,0,1,29.1,33.9,24.1,0.2,2,18.68421053,1.578947368,7.827403994,0.7994038163,-0.01135067484,Yes,No,Normal,Safe,Stable
2024-02-18 19:00:00,February,278.1,93.05,1,26.5,6.47,7.34,2.79,2,2,0,0,29.1,33.9,24.1,0.2,2,18.73684211,1.315789474,7.807207925,0.8324740938,-0.01356175681,No,No,Normal,Safe,Stable
2024-02-18 20:00:00,February,278.1,93.05,1,26.5,6.47,7.34,2.79,2,2,1,0,29.1,33.9,24.1,0.2,2,18.78947368,1.052631579,7.787011857,0.8655443713,-0.01577283877,Yes,No,Normal,Safe,Stable
2024-02-18 21:00:00,February,278.1,93.05,1,26.5,6.47,7.34,2.79,2,2,0,0,29.1,33.9,24.1,0.2,2,18.84210526,0.7894736842,7.766815788,0.8986146488,-0.01798392074,No,No,Normal,Safe,Stable
2024-02-18 22:00:00,February,278.1,93.05,1,26.5,6.47,7.34,2.79,2,2,0,0,29.1,33.9,24.1,0.2,2,18.89473684,0.5263157895,7.74661972,0.9316849263,-0.0201950027,Yes,No,Normal,Safe,Stable
2024-02-18 23:00:00,February,278.1,93.05,1,26.5,6.47,7.34,2.79,2,2,0,0,29.1,33.9,24.1,0.2,2,18.94736842,0.2631578947,7.726423651,0.9647552037,-0.02240608466,No,No,Normal,Safe,Stable
2024-02-19 00:00:00,February,278.1,93.05,1,26.5,6.47,7.34,2.79,2,2,0,0,29.1,33.9,24.1,0.2,2,19,0,7.706227582,0.9978254812,-0.02461716663,Yes,No,Normal,Safe,Stable
2024-02-19 01:00:00,February,278.1,93.05,1,26.5,6.47,7.34,2.79,2,2,1,0,29.1,33.9,24.1,0.2,2,19,1,8.238923939,0.3695691942,0.4091498143,No,No,Normal,Safe,Stable
2024-02-19 02:00:00,February,278.1,93.05,1,26.5,6.47,7.34,2.79,2,2,0,0,29.1,33.9,24.1,0.2,2,19,2,8.249572418,0.330356706,0.4852217625,Yes,No,Normal,Safe,Stable
2024-02-19 03:00:00,February,278.1,93.05,1,26.5,6.47,7.34,2.79,2,2,0,0,29.1,33.9,24.1,0.2,2,19,3,8.146046756,0.2754840246,0.9699405118,No,No,Normal,Safe,Stable
2024-02-19 04:00:00,February,278.1,93.05,1,26.5,6.47,7.34,2.79,2,2,0,0,29.1,33.9,24.1,0.2,2,19,4,8.423008902,0.2371154527,0.9747212751,Yes,No,Normal,Safe,Stable
2024-02-19 05:00:00,February,278.1,93.05,1,26.5,6.47,7.34,2.79,2,2,0,0,29.1,33.9,24.1,0.2,2,19,5,8.474332337,0.3728212415,0.01450395372,No,No,Normal,Safe,Stable
2024-02-19 06:00:00,February,278.1,93.05,1,26.5,6.47,7.34,2.79,2,2,0,0,29.1,33.9,24.1,0.2,2,19.05263158,4.736842105,8.458642592,0.3749729,0.01714732303,Yes,No,Normal,Safe,Stable
2024-02-19 07:00:00,February,278.1,93.05,1,26.5,6.47,7.34,2.79,2,2,0,0,29.1,33.9,24.1,0.2,2,19.10526316,4.473684211,8.442952847,0.3771245585,0.01979069234,No,No,Normal,Safe,Stable
2024-02-19 08:00:00,February,278.1,93.05,1,26.5,6.47,7.34,2.79,2,2,0,0,29.1,33.9,24.1,0.2,2,19.15789474,4.210526316,8.427263102,0.379276217,0.02243406165,Yes,No,Normal,Safe,Stable
2024-02-19 09:00:00,February,278.1,93.05,1,26.5,6.47,7.34,2.79,2,2,0,0,29.1,33.9,24.1,0.2,2,19.21052632,3.947368421,8.411573356,0.3814278755,0.02507743096,No,No,Normal,Safe,Stable
2024-02-19 10:00:00,February,278.1,93.05,1,26.5,6.47,7.34,2.79,2,2,1,0,29.1,33.9,24.1,0.2,2,19.26315789,3.684210526,8.395883611,0.383579534,0.02772080027,Yes,No,Normal,Safe,Stable
2024-02-19 11:00:00,February,278.1,93.05,1,26.5,6.47,7.34,2.79,2,2,0,0,29.1,33.9,24.1,0.2,2,19.31578947,3.421052632,8.380193866,0.3857311925,0.03036416958,No,No,Normal,Safe,Stable
2024-02-19 12:00:00,February,278.1,93.05,1,26.5,6.47,7.34,2.79,2,2,0,0,29.1,33.9,24.1,0.2,2,19.36842105,3.157894737,8.364504121,0.387882851,0.03300753889,Yes,No,Normal,Safe,Stable
2024-02-19 13:00:00,February,278.1,93.05,1,26.5,6.47,7.34,2.79,2,2,0,0,29.1,33.9,24.1,0.2,2,19.42105263,2.894736842,8.348814376,0.3900345095,0.0356509082,No,No,Normal,Safe,Stable
2024-02-19 14:00:00,February,278.1,93.05,1,26.5,6.47,7.34,2.79,2,2,0,0,29.1,33.9,24.1,0.2,2,19.47368421,2.631578947,8.333124631,0.392186168,0.03829427751,Yes,No,Normal,Safe,Stable
2024-02-19 15:00:00,February,278.1,93.05,1,26.5,6.47,7.34,2.79,2,2,0,0,29.1,33.9,24.1,0.2,2,19.52631579,2.368421053,8.317434886,0.3943378265,0.04093764682,No,No,Normal,Safe,Stable
2024-02-19 16:00:00,February,278.1,93.05,1,26.5,6.47,7.34,2.79,2,2,1,1,29.1,33.9,24.1,0.2,2,19.57894737,2.105263158,8.301745141,0.396489485,0.04358101613,Yes,No,Normal,Safe,Stable
2024-02-19 17:00:00,February,278.1,93.05,1,26.5,6.47,7.34,2.79,2,2,0,0,29.1,33.9,24.1,0.2,2,19.63157895,1.842105263,8.286055396,0.3986411435,0.04622438544,No,No,Normal,Safe,Stable
2024-02-19 18:00:00,February,278.1,93.05,1,26.5,6.47,7.34,2.79,2,2,0,0,29.1,33.9,24.1,0.2,2,19.68421053,1.578947368,8.270365651,0.400792802,0.04886775475,Yes,No,Normal,Safe,Stable
2024-02-19 19:00:00,February,278.1,93.05,1,26.5,6.47,7.34,2.79,2,2,0,0,29.1,33.9,24.1,0.2,2,19.73684211,1.315789474,8.254675906,0.4029444605,0.05151112406,No,No,Normal,Safe,Stable
2024-02-19 20:00:00,February,278.1,93.05,1,26.5,6.47,7.34,2.79,2,2,0,1,29.1,33.9,24.1,0.2,2,19.78947368,1.052631579,8.238986161,0.405096119,0.05415449337,Yes,No,Normal,Safe,Stable
2024-02-19 21:00:00,February,278.1,93.05,1,26.5,6.47,7.34,2.79,2,2,0,0,29.1,33.9,24.1,0.2,2,19.84210526,0.7894736842,8.223296416,0.4072477775,0.05679786268,No,No,Normal,Safe,Stable
2024-02-19 22:00:00,February,278.1,93.05,1,26.5,6.47,7.34,2.79,2,2,0,0,29.1,33.9,24.1,0.2,2,19.89473684,0.5263157895,8.207606671,0.409399436,0.05944123199,Yes,No,Normal,Safe,Stable
2024-02-19 23:00:00,February,278.1,93.05,1,26.5,6.47,7.34,2.79,2,2,1,0,29.1,33.9,24.1,0.2,2,19.94736842,0.2631578947,8.191916926,0.4115510945,0.0620846013,No,No,Normal,Safe,Stable
2024-02-20 00:00:00,February,278.1,93.05,1,26.5,6.47,7.34,2.79,2,2,0,0,29.1,33.9,24.1,0.2,2,20,0,8.17622718,0.413702753,0.06472797061,Yes,No,Normal,Safe,Stable
2024-02-20 01:00:00,February,278.1,93.05,1,26.5,6.47,7.34,2.79,2,2,0,0,29.1,33.9,24.1,0.2,2,20,1,8.601672552,0.2956543221,0.4260997269,No,No,Normal,Safe,Stable
2024-02-20 02:00:00,February,278.1,93.05,1,26.5,6.47,7.34,2.79,2,2,1,0,29.1,33.9,24.1,0.2,2,20,2,7.451510502,0.9369734692,-0.01522771233,Yes,No,Normal,Safe,Stable
2024-02-20 03:00:00,February,278.1,93.05,1,26.5,6.47,7.34,2.79,2,2,0,0,29.1,33.9,24.1,0.2,2,20,3,8.244180199,0.2028992101,0.8826272909,No,No,Normal,Safe,Stable
2024-02-20 04:00:00,February,278.1,93.05,1,26.5,6.47,7.34,2.79,2,2,0,0,29.1,33.9,24.1,0.2,2,20,4,8.306085527,0.3202090631,0.9988090841,Yes,No,Normal,Safe,Stable
2024-02-20 05:00:00,February,278.1,93.05,1,26.5,6.47,7.34,2.79,2,2,1,1,29.1,33.9,24.1,0.2,2,20,5,8.406424575,0.386817873,-0.02205430339,No,No,Normal,Safe,Stable
2024-02-20 06:00:00,February,278.1,93.05,1,26.5,6.47,7.34,2.79,2,2,0,0,29.1,33.9,24.1,0.2,2,20.05263158,4.736842105,8.388916705,0.3889981518,-0.01804566701,Yes,No,Normal,Safe,Stable
2024-02-20 07:00:00,February,278.1,93.05,1,26.5,6.47,7.34,2.79,2,2,1,0,29.1,33.9,24.1,0.2,2,20.10526316,4.473684211,8.371408835,0.3911784306,-0.01403703064,No,No,Normal,Safe,Stable
2024-02-20 08:00:00,February,278.1,93.05,1,26.5,6.47,7.34,2.79,2,2,0,0,29.1,33.9,24.1,0.2,2,20.15789474,4.210526316,8.353900965,0.3933587093,-0.01002839426,Yes,No,Normal,Safe,Stable
2024-02-20 09:00:00,February,278.1,93.05,1,26.5,6.47,7.34,2.79,2,2,0,0,29.1,33.9,24.1,0.2,2,20.21052632,3.947368421,8.336393095,0.3955389881,-0.006019757889,No,No,Normal,Safe,Stable
2024-02-20 10:00:00,February,278.1,93.05,1,26.5,6.47,7.34,2.79,2,2,0,0,29.1,33.9,24.1,0.2,2,20.26315789,3.684210526,8.318885225,0.3977192669,-0.002011121514,Yes,No,Normal,Safe,Stable
2024-02-20 11:00:00,February,278.1,93.05,1,26.5,6.47,7.34,2.79,2,2,1,0,29.1,33.9,24.1,0.2,2,20.31578947,3.421052632,8.301377354,0.3998995456,0.00199751486,No,No,Normal,Safe,Stable
2024-02-20 12:00:00,February,278.1,93.05,1,26.5,6.47,7.34,2.79,2,2,0,0,29.1,33.9,24.1,0.2,2,20.36842105,3.157894737,8.283869484,0.4020798244,0.006006151235,Yes,No,Normal,Safe,Stable
2024-02-20 13:00:00,February,278.1,93.05,1,26.5,6.47,7.34,2.79,2,2,0,0,29.1,33.9,24.1,0.2,2,20.42105263,2.894736842,8.266361614,0.4042601031,0.01001478761,No,No,Normal,Safe,Stable
2024-02-20 14:00:00,February,278.1,93.05,1,26.5,6.47,7.34,2.79,2,2,0,0,29.1,33.9,24.1,0.2,2,20.47368421,2.631578947,8.248853744,0.4064403819,0.01402342398,Yes,No,Normal,Safe,Stable
2024-02-20 15:00:00,February,278.1,93.05,1,26.5,6.47,7.34,2.79,2,2,0,0,29.1,33.9,24.1,0.2,2,20.52631579,2.368421053,8.231345874,0.4086206607,0.01803206036,No,No,Normal,Safe,Stable
2024-02-20 16:00:00,February,278.1,93.05,1,26.5,6.47,7.34,2.79,2,2,0,0,29.1,33.9,24.1,0.2,2,20.57894737,2.105263158,8.213838004,0.4108009394,0.02204069673,Yes,No,Normal,Safe,Stable
2024-02-20 17:00:00,February,278.1,93.05,1,26.5,6.47,7.34,2.79,2,2,0,0,29.1,33.9,24.1,0.2,2,20.63157895,1.842105263,8.196330134,0.4129812182,0.02604933311,No,No,Normal,Safe,Stable
2024-02-20 18:00:00,February,278.1,93.05,1,26.5,6.47,7.34,2.79,2,2,0,0,29.1,33.9,24.1,0.2,2,20.68421053,1.578947368,8.178822263,0.415161497,0.03005796948,Yes,No,Normal,Safe,Stable
2024-02-20 19:00:00,February,278.1,93.05,1,26.5,6.47,7.34,2.79,2,2,0,1,29.1,33.9,24.1,0.2,2,20.73684211,1.315789474,8.161314393,0.4173417757,0.03406660586,No,No,Normal,Safe,Stable
2024-02-20 20:00:00,February,278.1,93.05,1,26.5,6.47,7.34,2.79,2,2,0,0,29.1,33.9,24.1,0.2,2,20.78947368,1.052631579,8.143806523,0.4195220545,0.03807524223,Yes,No,Normal,Safe,Stable
2024-02-20 21:00:00,February,278.1,93.05,1,26.5,6.47,7.34,2.79,2,2,0,0,29.1,33.9,24.1,0.2,2,20.84210526,0.7894736842,8.126298653,0.4217023333,0.0420838786,No,No,Normal,Safe,Stable
2024-02-20 22:00:00,February,278.1,93.05,1,26.5,6.47,7.34,2.79,2,2,1,0,29.1,33.9,24.1,0.2,2,20.89473684,0.5263157895,8.108790783,0.423882612,0.04609251498,Yes,No,Normal,Safe,Stable
2024-02-20 23:00:00,February,278.1,93.05,1,26.5,6.47,7.34,2.79,2,2,0,0,29.1,33.9,24.1,0.2,2,20.94736842,0.2631578947,8.091282913,0.4260628908,0.05010115135,No,No,Normal,Safe,Stable
2024-02-21 00:00:00,February,278.1,93.05,1,26.5,6.47,7.34,2.79,2,2,1,0,29.1,33.9,24.1,0.2,2,21,0,8.073775043,0.4282431695,0.05410978773,Yes,No,Normal,Safe,Stable
2024-02-21 01:00:00,February,278.1,93.05,1,26.5,6.47,7.34,2.79,2,2,0,0,29.1,33.9,24.1,0.2,2,21,1,8.004854541,0.3288670859,0.1094597094,No,No,Normal,Safe,Stable
2024-02-21 02:00:00,February,278.1,93.05,1,26.5,6.47,7.34,2.79,2,2,1,0,29.1,33.9,24.1,0.2,2,21,2,8.035668196,0.9435388556,-0.002509437756,Yes,No,Normal,Safe,Stable
2024-02-21 03:00:00,February,278.1,93.05,1,26.5,6.47,7.34,2.79,2,2,1,0,29.1,33.9,24.1,0.2,2,21,3,7.813970839,0.9799566775,-0.02809224536,No,No,Normal,Safe,Stable
2024-02-21 04:00:00,February,278.1,93.05,1,26.5,6.47,7.34,2.79,2,2,0,0,29.1,33.9,24.1,0.2,2,21,4,8.237262673,0.274103684,0.8167120632,Yes,No,Normal,Safe,Stable
2024-02-21 05:00:00,February,278.1,93.05,1,26.5,6.47,7.34,2.79,2,2,0,0,29.1,33.9,24.1,0.2,2,21,5,8.023752607,0.3877785154,0.02780530103,No,No,Normal,Safe,Stable
2024-02-21 06:00:00,February,278.1,93.05,1,26.5,6.47,7.34,2.79,2,2,0,0,29.1,33.9,24.1,0.2,2,21.05263158,4.736842105,8.017998888,0.4189068926,0.02645772891,Yes,No,Normal,Safe,Stable
2024-02-21 07:00:00,February,278.1,93.05,1,26.5,6.47,7.34,2.79,2,2,0,0,29.1,33.9,24.1,0.2,2,21.10526316,4.473684211,8.012245169,0.4500352698,0.0251101568,No,No,Normal,Safe,Stable
2024-02-21 08:00:00,February,278.1,93.05,1,26.5,6.47,7.34,2.79,2,2,1,0,29.1,33.9,24.1,0.2,2,21.15789474,4.210526316,8.006491451,0.481163647,0.02376258468,Yes,No,Normal,Safe,Stable
2024-02-21 09:00:00,February,278.1,93.05,1,26.5,6.47,7.34,2.79,2,2,1,0,29.1,33.9,24.1,0.2,2,21.21052632,3.947368421,8.000737732,0.5122920242,0.02241501256,No,No,Normal,Safe,Stable
2024-02-21 10:00:00,February,278.1,93.05,1,26.5,6.47,7.34,2.79,2,2,0,0,29.1,33.9,24.1,0.2,2,21.26315789,3.684210526,7.994984013,0.5434204014,0.02106744044,Yes,No,Normal,Safe,Stable
2024-02-21 11:00:00,February,278.1,93.05,1,26.5,6.47,7.34,2.79,2,2,0,0,29.1,33.9,24.1,0.2,2,21.31578947,3.421052632,7.989230294,0.5745487786,0.01971986832,No,No,Normal,Safe,Stable
2024-02-21 12:00:00,February,278.1,93.05,1,26.5,6.47,7.34,2.79,2,2,1,0,29.1,33.9,24.1,0.2,2,21.36842105,3.157894737,7.983476575,0.6056771558,0.01837229621,Yes,No,Normal,Safe,Stable
2024-02-21 13:00:00,February,278.1,93.05,1,26.5,6.47,7.34,2.79,2,2,1,1,29.1,33.9,24.1,0.2,2,21.42105263,2.894736842,7.977722857,0.636805533,0.01702472409,No,No,Normal,Safe,Stable
2024-02-21 14:00:00,February,278.1,93.05,1,26.5,6.47,7.34,2.79,2,2,1,0,29.1,33.9,24.1,0.2,2,21.47368421,2.631578947,7.971969138,0.6679339102,0.01567715197,Yes,No,Normal,Safe,Stable
2024-02-21 15:00:00,February,278.1,93.05,1,26.5,6.47,7.34,2.79,2,2,0,0,29.1,33.9,24.1,0.2,2,21.52631579,2.368421053,7.966215419,0.6990622874,0.01432957985,No,No,Normal,Safe,Stable
2024-02-21 16:00:00,February,278.1,93.05,1,26.5,6.47,7.34,2.79,2,2,0,1,29.1,33.9,24.1,0.2,2,21.57894737,2.105263158,7.9604617,0.7301906646,0.01298200773,Yes,No,Normal,Safe,Stable
2024-02-21 17:00:00,February,278.1,93.05,1,26.5,6.47,7.34,2.79,2,2,0,0,29.1,33.9,24.1,0.2,2,21.63157895,1.842105263,7.954707981,0.7613190418,0.01163443561,No,No,Normal,Safe,Stable
2024-02-21 18:00:00,February,278.1,93.05,1,26.5,6.47,7.34,2.79,2,2,0,0,29.1,33.9,24.1,0.2,2,21.68421053,1.578947368,7.948954263,0.7924474189,0.0102868635,Yes,No,Normal,Safe,Stable
2024-02-21 19:00:00,February,278.1,93.05,1,26.5,6.47,7.34,2.79,2,2,1,0,29.1,33.9,24.1,0.2,2,21.73684211,1.315789474,7.943200544,0.8235757961,0.008939291378,No,No,Normal,Safe,Stable
2024-02-21 20:00:00,February,278.1,93.05,1,26.5,6.47,7.34,2.79,2,2,0,0,29.1,33.9,24.1,0.2,2,21.78947368,1.052631579,7.937446825,0.8547041733,0.00759171926,Yes,No,Normal,Safe,Stable
2024-02-21 21:00:00,February,278.1,93.05,1,26.5,6.47,7.34,2.79,2,2,0,0,29.1,33.9,24.1,0.2,2,21.84210526,0.7894736842,7.931693106,0.8858325505,0.006244147142,No,No,Normal,Safe,Stable
2024-02-21 22:00:00,February,278.1,93.05,1,26.5,6.47,7.34,2.79,2,2,0,0,29.1,33.9,24.1,0.2,2,21.89473684,0.5263157895,7.925939387,0.9169609277,0.004896575024,Yes,No,Normal,Safe,Stable
2024-02-21 23:00:00,February,278.1,93.05,1,26.5,6.47,7.34,2.79,2,2,0,1,29.1,33.9,24.1,0.2,2,21.94736842,0.2631578947,7.920185669,0.9480893049,0.003549002906,No,No,Normal,Safe,Stable
2024-02-22 00:00:00,February,278.1,93.05,1,26.5,6.47,7.34,2.79,2,2,0,0,29.1,33.9,24.1,0.2,2,22,0,7.91443195,0.9792176821,0.002201430787,Yes,No,Normal,Safe,Stable
2024-02-22 01:00:00,February,278.1,93.05,1,26.5,6.47,7.34,2.79,2,2,0,0,29.1,33.9,24.1,0.2,2,22,1,8.036078109,0.3324342231,0.1127882732,No,No,Normal,Safe,Stable
2024-02-22 02:00:00,February,278.1,93.05,1,26.5,6.47,7.34,2.79,2,2,1,0,29.1,33.9,24.1,0.2,2,22,2,8.292406396,0.3049096883,0.4152997413,Yes,No,Normal,Safe,Stable
2024-02-22 03:00:00,February,278.1,93.05,1,26.5,6.47,7.34,2.79,2,2,1,0,29.1,33.9,24.1,0.2,2,22,3,7.991534049,0.2601974123,0.9401151231,No,No,Normal,Safe,Stable
2024-02-22 04:00:00,February,278.1,93.05,1,26.5,6.47,7.34,2.79,2,2,0,0,29.1,33.9,24.1,0.2,2,22,4,8.171176154,0.2490710855,0.8477765508,Yes,No,Normal,Safe,Stable
2024-02-22 05:00:00,February,278.1,93.05,1,26.5,6.47,7.34,2.79,2,2,0,0,29.1,33.9,24.1,0.2,2,22,5,8.200715835,0.3990378558,0.01397073624,No,No,Normal,Safe,Stable
2024-02-22 06:00:00,February,278.1,93.05,1,26.5,6.47,7.34,2.79,2,2,0,0,29.1,33.9,24.1,0.2,2,22.05263158,4.736842105,8.197491336,0.4005079332,0.01254868739,Yes,No,Normal,Safe,Stable
2024-02-22 07:00:00,February,278.1,93.05,1,26.5,6.47,7.34,2.79,2,2,0,0,29.1,33.9,24.1,0.2,2,22.10526316,4.473684211,8.194266837,0.4019780106,0.01112663855,No,No,Normal,Safe,Stable
2024-02-22 08:00:00,February,278.1,93.05,1,26.5,6.47,7.34,2.79,2,2,0,0,29.1,33.9,24.1,0.2,2,22.15789474,4.210526316,8.191042339,0.403448088,0.009704589704,Yes,No,Normal,Safe,Stable
2024-02-22 09:00:00,February,278.1,93.05,1,26.5,6.47,7.34,2.79,2,2,0,0,29.1,33.9,24.1,0.2,2,22.21052632,3.947368421,8.18781784,0.4049181654,0.008282540859,No,No,Normal,Safe,Stable
2024-02-22 10:00:00,February,278.1,93.05,1,26.5,6.47,7.34,2.79,2,2,0,0,29.1,33.9,24.1,0.2,2,22.26315789,3.684210526,8.184593341,0.4063882428,0.006860492014,Yes,No,Normal,Safe,Stable
2024-02-22 11:00:00,February,278.1,93.05,1,26.5,6.47,7.34,2.79,2,2,0,0,29.1,33.9,24.1,0.2,2,22.31578947,3.421052632,8.181368842,0.4078583202,0.00543844317,No,No,Normal,Safe,Stable
2024-02-22 12:00:00,February,278.1,93.05,1,26.5,6.47,7.34,2.79,2,2,1,0,29.1,33.9,24.1,0.2,2,22.36842105,3.157894737,8.178144344,0.4093283976,0.004016394325,Yes,No,Normal,Safe,Stable
2024-02-22 13:00:00,February,278.1,93.05,1,26.5,6.47,7.34,2.79,2,2,0,0,29.1,33.9,24.1,0.2,2,22.42105263,2.894736842,8.174919845,0.410798475,0.00259434548,No,No,Normal,Safe,Stable
2024-02-22 14:00:00,February,278.1,93.05,1,26.5,6.47,7.34,2.79,2,2,0,0,29.1,33.9,24.1,0.2,2,22.47368421,2.631578947,8.171695346,0.4122685524,0.001172296635,Yes,No,Normal,Safe,Stable
2024-02-22 15:00:00,February,278.1,93.05,1,26.5,6.47,7.34,2.79,2,2,0,0,29.1,33.9,24.1,0.2,2,22.52631579,2.368421053,8.168470848,0.4137386298,-0.0002497522093,No,No,Normal,Safe,Stable
2024-02-22 16:00:00,February,278.1,93.05,1,26.5,6.47,7.34,2.79,2,2,0,0,29.1,33.9,24.1,0.2,2,22.57894737,2.105263158,8.165246349,0.4152087072,-0.001671801054,Yes,No,Normal,Safe,Stable
2024-02-22 17:00:00,February,278.1,93.05,1,26.5,6.47,7.34,2.79,2,2,0,0,29.1,33.9,24.1,0.2,2,22.63157895,1.842105263,8.16202185,0.4166787846,-0.003093849899,No,No,Normal,Safe,Stable
2024-02-22 18:00:00,February,278.1,93.05,1,26.5,6.47,7.34,2.79,2,2,0,0,29.1,33.9,24.1,0.2,2,22.68421053,1.578947368,8.158797352,0.4181488619,-0.004515898744,Yes,No,Normal,Safe,Stable
2024-02-22 19:00:00,February,278.1,93.05,1,26.5,6.47,7.34,2.79,2,2,0,1,29.1,33.9,24.1,0.2,2,22.73684211,1.315789474,8.155572853,0.4196189393,-0.005937947588,No,No,Normal,Safe,Stable
2024-02-22 20:00:00,February,278.1,93.05,1,26.5,6.47,7.34,2.79,2,2,0,0,29.1,33.9,24.1,0.2,2,22.78947368,1.052631579,8.152348354,0.4210890167,-0.007359996433,Yes,No,Normal,Safe,Stable
2024-02-22 21:00:00,February,278.1,93.05,1,26.5,6.47,7.34,2.79,2,2,0,0,29.1,33.9,24.1,0.2,2,22.84210526,0.7894736842,8.149123856,0.4225590941,-0.008782045278,No,No,Normal,Safe,Stable
2024-02-22 22:00:00,February,278.1,93.05,1,26.5,6.47,7.34,2.79,2,2,1,1,29.1,33.9,24.1,0.2,2,22.89473684,0.5263157895,8.145899357,0.4240291715,-0.01020409412,Yes,No,Normal,Safe,Stable
2024-02-22 23:00:00,February,278.1,93.05,1,26.5,6.47,7.34,2.79,2,2,0,0,29.1,33.9,24.1,0.2,2,22.94736842,0.2631578947,8.142674858,0.4254992489,-0.01162614297,No,No,Normal,Safe,Stable
2024-02-23 00:00:00,February,278.1,93.05,1,26.5,6.47,7.34,2.79,2,2,1,0,29.1,33.9,24.1,0.2,2,23,0,8.139450359,0.4269693263,-0.01304819181,Yes,No,Normal,Safe,Stable
2024-02-23 01:00:00,February,278.1,93.05,1,26.5,6.47,7.34,2.79,2,2,0,0,29.1,33.9,24.1,0.2,2,23,1,8.301852445,0.333491502,0.1290077306,No,No,Normal,Safe,Stable
2024-02-23 02:00:00,February,278.1,93.05,1,26.5,6.47,7.34,2.79,2,2,1,1,29.1,33.9,24.1,0.2,2,23,2,7.956832816,0.9783791786,-0.02489542249,Yes,No,Normal,Safe,Stable
2024-02-23 03:00:00,February,278.1,93.05,1,26.5,6.47,7.34,2.79,2,2,0,0,29.1,33.9,24.1,0.2,2,23,3,7.988937958,0.2330222763,0.8328264948,No,No,Normal,Safe,Stable
2024-02-23 04:00:00,February,278.1,93.05,1,26.5,6.47,7.34,2.79,2,2,1,0,29.1,33.9,24.1,0.2,2,23,4,7.999789314,0.9363189902,0.01713802452,Yes,No,Normal,Safe,Stable
2024-02-23 05:00:00,February,278.1,93.05,1,26.5,6.47,7.34,2.79,2,2,1,0,29.1,33.9,24.1,0.2,2,23,5,7.673919157,0.3737370978,0.0042739136,No,No,Normal,Safe,Stable
2024-02-23 06:00:00,February,278.1,93.05,1,26.5,6.47,7.34,2.79,2,2,0,0,29.1,33.9,24.1,0.2,2,23.05263158,4.736842105,7.689886266,0.3763799492,0.005728872215,Yes,No,Normal,Safe,Stable
2024-02-23 07:00:00,February,278.1,93.05,1,26.5,6.47,7.34,2.79,2,2,0,0,29.1,33.9,24.1,0.2,2,23.10526316,4.473684211,7.705853375,0.3790228007,0.00718383083,No,No,Normal,Safe,Stable
2024-02-23 08:00:00,February,278.1,93.05,1,26.5,6.47,7.34,2.79,2,2,0,0,29.1,33.9,24.1,0.2,2,23.15789474,4.210526316,7.721820484,0.3816656521,0.008638789446,Yes,No,Normal,Safe,Stable
2024-02-23 09:00:00,February,278.1,93.05,1,26.5,6.47,7.34,2.79,2,2,0,0,29.1,33.9,24.1,0.2,2,23.21052632,3.947368421,7.737787592,0.3843085036,0.01009374806,No,No,Normal,Safe,Stable
2024-02-23 10:00:00,February,278.1,93.05,1,26.5,6.47,7.34,2.79,2,2,1,0,29.1,33.9,24.1,0.2,2,23.26315789,3.684210526,7.753754701,0.386951355,0.01154870668,Yes,No,Normal,Safe,Stable
2024-02-23 11:00:00,February,278.1,93.05,1,26.5,6.47,7.34,2.79,2,2,0,0,29.1,33.9,24.1,0.2,2,23.31578947,3.421052632,7.76972181,0.3895942064,0.01300366529,No,No,Normal,Safe,Stable
2024-02-23 12:00:00,February,278.1,93.05,1,26.5,6.47,7.34,2.79,2,2,0,0,29.1,33.9,24.1,0.2,2,23.36842105,3.157894737,7.785688919,0.3922370579,0.01445862391,Yes,No,Normal,Safe,Stable
2024-02-23 13:00:00,February,278.1,93.05,1,26.5,6.47,7.34,2.79,2,2,0,0,29.1,33.9,24.1,0.2,2,23.42105263,2.894736842,7.801656028,0.3948799093,0.01591358252,No,No,Normal,Safe,Stable
2024-02-23 14:00:00,February,278.1,93.05,1,26.5,6.47,7.34,2.79,2,2,0,0,29.1,33.9,24.1,0.2,2,23.47368421,2.631578947,7.817623136,0.3975227608,0.01736854114,Yes,No,Normal,Safe,Stable
2024-02-23 15:00:00,February,278.1,93.05,1,26.5,6.47,7.34,2.79,2,2,0,0,29.1,33.9,24.1,0.2,2,23.52631579,2.368421053,7.833590245,0.4001656122,0.01882349975,No,No,Normal,Safe,Stable
2024-02-23 16:00:00,February,278.1,93.05,1,26.5,6.47,7.34,2.79,2,2,0,0,29.1,33.9,24.1,0.2,2,23.57894737,2.105263158,7.849557354,0.4028084637,0.02027845837,Yes,No,Normal,Safe,Stable
2024-02-23 17:00:00,February,278.1,93.05,1,26.5,6.47,7.34,2.79,2,2,0,0,29.1,33.9,24.1,0.2,2,23.63157895,1.842105263,7.865524463,0.4054513151,0.02173341698,No,No,Normal,Safe,Stable
2024-02-23 18:00:00,February,278.1,93.05,1,26.5,6.47,7.34,2.79,2,2,0,0,29.1,33.9,24.1,0.2,2,23.68421053,1.578947368,7.881491571,0.4080941665,0.0231883756,Yes,No,Normal,Safe,Stable
2024-02-23 19:00:00,February,278.1,93.05,1,26.5,6.47,7.34,2.79,2,2,0,0,29.1,33.9,24.1,0.2,2,23.73684211,1.315789474,7.89745868,0.410737018,0.02464333421,No,No,Normal,Safe,Stable
2024-02-23 20:00:00,February,278.1,93.05,1,26.5,6.47,7.34,2.79,2,2,1,0,29.1,33.9,24.1,0.2,2,23.78947368,1.052631579,7.913425789,0.4133798694,0.02609829283,Yes,No,Normal,Safe,Stable
2024-02-23 21:00:00,February,278.1,93.05,1,26.5,6.47,7.34,2.79,2,2,1,0,29.1,33.9,24.1,0.2,2,23.84210526,0.7894736842,7.929392898,0.4160227209,0.02755325144,No,No,Normal,Safe,Stable
2024-02-23 22:00:00,February,278.1,93.05,1,26.5,6.47,7.34,2.79,2,2,1,0,29.1,33.9,24.1,0.2,2,23.89473684,0.5263157895,7.945360007,0.4186655723,0.02900821006,Yes,No,Normal,Safe,Stable
2024-02-23 23:00:00,February,278.1,93.05,1,26.5,6.47,7.34,2.79,2,2,0,0,29.1,33.9,24.1,0.2,2,23.94736842,0.2631578947,7.961327115,0.4213084238,0.03046316868,No,No,Normal,Safe,Stable
2024-02-24 00:00:00,February,278.1,93.05,1,26.5,6.47,7.34,2.79,2,2,1,0,29.1,33.9,24.1,0.2,2,24,0,7.977294224,0.4239512752,0.03191812729,Yes,No,Normal,Safe,Stable
2024-02-24 01:00:00,February,278.1,93.05,1,26.5,6.47,7.34,2.79,2,2,0,0,29.1,33.9,24.1,0.2,2,24,1,8.468152729,0.2959530363,0.1222133561,No,No,Normal,Safe,Stable
2024-02-24 02:00:00,February,278.1,93.05,1,26.5,6.47,7.34,2.79,2,2,0,0,29.1,33.9,24.1,0.2,2,24,2,7.814239639,0.9039835042,-0.03850256524,Yes,No,Normal,Safe,Stable
2024-02-24 03:00:00,February,278.1,93.05,1,26.5,6.47,7.34,2.79,2,2,0,0,29.1,33.9,24.1,0.2,2,24,3,7.748401602,0.9514048272,0.0136417575,No,No,Normal,Safe,Stable
2024-02-24 04:00:00,February,278.1,93.05,1,26.5,6.47,7.34,2.79,2,2,0,1,29.1,33.9,24.1,0.2,2,24,4,8.15287571,0.2773976758,0.8513986548,Yes,No,Normal,Safe,Stable
2024-02-24 05:00:00,February,278.1,93.05,1,26.5,6.47,7.34,2.79,2,2,0,0,29.1,33.9,24.1,0.2,2,24,5,8.324498841,0.3982577181,-0.003713683041,No,No,Normal,Safe,Stable
2024-02-24 06:00:00,February,278.1,93.05,1,26.5,6.47,7.34,2.79,2,2,1,0,29.1,33.9,24.1,0.2,2,24.05263158,4.736842105,8.308599635,0.3992867057,-0.002263946235,Yes,No,Normal,Safe,Stable
2024-02-24 07:00:00,February,278.1,93.05,1,26.5,6.47,7.34,2.79,2,2,1,0,29.1,33.9,24.1,0.2,2,24.10526316,4.473684211,8.292700428,0.4003156933,-0.0008142094296,No,No,Normal,Safe,Stable
2024-02-24 08:00:00,February,278.1,93.05,1,26.5,6.47,7.34,2.79,2,2,0,0,29.1,33.9,24.1,0.2,2,24.15789474,4.210526316,8.276801221,0.4013446809,0.0006355273761,Yes,No,Normal,Safe,Stable
2024-02-24 09:00:00,February,278.1,93.05,1,26.5,6.47,7.34,2.79,2,2,0,0,29.1,33.9,24.1,0.2,2,24.21052632,3.947368421,8.260902014,0.4023736685,0.002085264182,No,No,Normal,Safe,Stable
2024-02-24 10:00:00,February,278.1,93.05,1,26.5,6.47,7.34,2.79,2,2,1,0,29.1,33.9,24.1,0.2,2,24.26315789,3.684210526,8.245002808,0.4034026562,0.003535000987,Yes,No,Normal,Safe,Stable
2024-02-24 11:00:00,February,278.1,93.05,1,26.5,6.47,7.34,2.79,2,2,1,0,29.1,33.9,24.1,0.2,2,24.31578947,3.421052632,8.229103601,0.4044316438,0.004984737793,No,No,Normal,Safe,Stable
2024-02-24 12:00:00,February,278.1,93.05,1,26.5,6.47,7.34,2.79,2,2,0,0,29.1,33.9,24.1,0.2,2,24.36842105,3.157894737,8.213204394,0.4054606314,0.006434474599,Yes,No,Normal,Safe,Stable
2024-02-24 13:00:00,February,278.1,93.05,1,26.5,6.47,7.34,2.79,2,2,0,0,29.1,33.9,24.1,0.2,2,24.42105263,2.894736842,8.197305187,0.406489619,0.007884211404,No,No,Normal,Safe,Stable
2024-02-24 14:00:00,February,278.1,93.05,1,26.5,6.47,7.34,2.79,2,2,0,0,29.1,33.9,24.1,0.2,2,24.47368421,2.631578947,8.18140598,0.4075186066,0.00933394821,Yes,No,Normal,Safe,Stable
2024-02-24 15:00:00,February,278.1,93.05,1,26.5,6.47,7.34,2.79,2,2,0,0,29.1,33.9,24.1,0.2,2,24.52631579,2.368421053,8.165506774,0.4085475942,0.01078368502,No,No,Normal,Safe,Stable
2024-02-24 16:00:00,February,278.1,93.05,1,26.5,6.47,7.34,2.79,2,2,0,0,29.1,33.9,24.1,0.2,2,24.57894737,2.105263158,8.149607567,0.4095765818,0.01223342182,Yes,No,Normal,Safe,Stable
2024-02-24 17:00:00,February,278.1,93.05,1,26.5,6.47,7.34,2.79,2,2,1,0,29.1,33.9,24.1,0.2,2,24.63157895,1.842105263,8.13370836,0.4106055695,0.01368315863,No,No,Normal,Safe,Stable
2024-02-24 18:00:00,February,278.1,93.05,1,26.5,6.47,7.34,2.79,2,2,0,0,29.1,33.9,24.1,0.2,2,24.68421053,1.578947368,8.117809153,0.4116345571,0.01513289543,Yes,No,Normal,Safe,Stable
2024-02-24 19:00:00,February,278.1,93.05,1,26.5,6.47,7.34,2.79,2,2,1,0,29.1,33.9,24.1,0.2,2,24.73684211,1.315789474,8.101909947,0.4126635447,0.01658263224,No,No,Normal,Safe,Stable
2024-02-24 20:00:00,February,278.1,93.05,1,26.5,6.47,7.34,2.79,2,2,0,0,29.1,33.9,24.1,0.2,2,24.78947368,1.052631579,8.08601074,0.4136925323,0.01803236904,Yes,No,Normal,Safe,Stable
2024-02-24 21:00:00,February,278.1,93.05,1,26.5,6.47,7.34,2.79,2,2,0,0,29.1,33.9,24.1,0.2,2,24.84210526,0.7894736842,8.070111533,0.4147215199,0.01948210585,No,No,Normal,Safe,Stable
2024-02-24 22:00:00,February,278.1,93.05,1,26.5,6.47,7.34,2.79,2,2,1,0,29.1,33.9,24.1,0.2,2,24.89473684,0.5263157895,8.054212326,0.4157505075,0.02093184266,Yes,No,Normal,Safe,Stable
2024-02-24 23:00:00,February,278.1,93.05,1,26.5,6.47,7.34,2.79,2,2,0,0,29.1,33.9,24.1,0.2,2,24.94736842,0.2631578947,8.038313119,0.4167794951,0.02238157946,No,No,Normal,Safe,Stable
2024-02-25 00:00:00,February,278.1,93.05,1,26.5,6.47,7.34,2.79,2,2,0,0,29.1,33.9,24.1,0.2,2,25,0,8.022413913,0.4178084828,0.02383131627,Yes,No,Normal,Safe,Stable
2024-02-25 01:00:00,February,278.1,93.05,1,26.5,6.47,7.34,2.79,2,2,1,1,29.1,33.9,24.1,0.2,2,25,1,7.902457452,0.9842068407,0.01085600507,No,No,Normal,Safe,Stable
2024-02-25 02:00:00,February,278.1,93.05,1,26.5,6.47,7.34,2.79,2,2,0,0,29.1,33.9,24.1,0.2,2,25,2,8.590702918,0.3276472656,0.4491191093,Yes,No,Normal,Safe,Stable
2024-02-25 03:00:00,February,278.1,93.05,1,26.5,6.47,7.34,2.79,2,2,1,0,29.1,33.9,24.1,0.2,2,25,3,8.147035002,0.1949872825,0.8154949719,No,No,Normal,Safe,Stable
2024-02-25 04:00:00,February,278.1,93.05,1,26.5,6.47,7.34,2.79,2,2,1,0,29.1,33.9,24.1,0.2,2,25,4,8.253888933,0.2738249871,0.8546105039,Yes,No,Normal,Safe,Stable
2024-02-25 05:00:00,February,278.1,93.05,1,26.5,6.47,7.34,2.79,2,2,0,0,29.1,33.9,24.1,0.2,2,25,5,8.206483592,0.3860070946,-0.006188310542,No,No,Normal,Safe,Stable
2024-02-25 06:00:00,February,278.1,93.05,1,26.5,6.47,7.34,2.79,2,2,0,0,29.1,33.9,24.1,0.2,2,25.05263158,4.736842105,8.202559552,0.4161328001,-0.005068478372,Yes,No,Normal,Safe,Stable
2024-02-25 07:00:00,February,278.1,93.05,1,26.5,6.47,7.34,2.79,2,2,0,1,29.1,33.9,24.1,0.2,2,25.10526316,4.473684211,8.198635513,0.4462585057,-0.003948646202,No,No,Normal,Safe,Stable
2024-02-25 08:00:00,February,278.1,93.05,1,26.5,6.47,7.34,2.79,2,2,0,0,29.1,33.9,24.1,0.2,2,25.15789474,4.210526316,8.194711474,0.4763842112,-0.002828814032,Yes,No,Normal,Safe,Stable
2024-02-25 09:00:00,February,278.1,93.05,1,26.5,6.47,7.34,2.79,2,2,0,0,29.1,33.9,24.1,0.2,2,25.21052632,3.947368421,8.190787435,0.5065099167,-0.001708981861,No,No,Normal,Safe,Stable
2024-02-25 10:00:00,February,278.1,93.05,1,26.5,6.47,7.34,2.79,2,2,0,0,29.1,33.9,24.1,0.2,2,25.26315789,3.684210526,8.186863395,0.5366356222,-0.0005891496913,Yes,No,Normal,Safe,Stable
2024-02-25 11:00:00,February,278.1,93.05,1,26.5,6.47,7.34,2.79,2,2,0,0,29.1,33.9,24.1,0.2,2,25.31578947,3.421052632,8.182939356,0.5667613277,0.0005306824789,No,No,Normal,Safe,Stable
2024-02-25 12:00:00,February,278.1,93.05,1,26.5,6.47,7.34,2.79,2,2,0,0,29.1,33.9,24.1,0.2,2,25.36842105,3.157894737,8.179015317,0.5968870332,0.001650514649,Yes,No,Normal,Safe,Stable
2024-02-25 13:00:00,February,278.1,93.05,1,26.5,6.47,7.34,2.79,2,2,1,0,29.1,33.9,24.1,0.2,2,25.42105263,2.894736842,8.175091278,0.6270127388,0.002770346819,No,No,Normal,Safe,Stable
2024-02-25 14:00:00,February,278.1,93.05,1,26.5,6.47,7.34,2.79,2,2,0,0,29.1,33.9,24.1,0.2,2,25.47368421,2.631578947,8.171167239,0.6571384443,0.003890178989,Yes,No,Normal,Safe,Stable
2024-02-25 15:00:00,February,278.1,93.05,1,26.5,6.47,7.34,2.79,2,2,0,0,29.1,33.9,24.1,0.2,2,25.52631579,2.368421053,8.167243199,0.6872641498,0.00501001116,No,No,Normal,Safe,Stable
2024-02-25 16:00:00,February,278.1,93.05,1,26.5,6.47,7.34,2.79,2,2,0,0,29.1,33.9,24.1,0.2,2,25.57894737,2.105263158,8.16331916,0.7173898553,0.00612984333,Yes,No,Normal,Safe,Stable
2024-02-25 17:00:00,February,278.1,93.05,1,26.5,6.47,7.34,2.79,2,2,0,0,29.1,33.9,24.1,0.2,2,25.63157895,1.842105263,8.159395121,0.7475155608,0.0072496755,No,No,Normal,Safe,Stable
2024-02-25 18:00:00,February,278.1,93.05,1,26.5,6.47,7.34,2.79,2,2,0,0,29.1,33.9,24.1,0.2,2,25.68421053,1.578947368,8.155471082,0.7776412663,0.00836950767,Yes,No,Normal,Safe,Stable
2024-02-25 19:00:00,February,278.1,93.05,1,26.5,6.47,7.34,2.79,2,2,0,0,29.1,33.9,24.1,0.2,2,25.73684211,1.315789474,8.151547042,0.8077669719,0.00948933984,No,No,Normal,Safe,Stable
2024-02-25 20:00:00,February,278.1,93.05,1,26.5,6.47,7.34,2.79,2,2,1,0,29.1,33.9,24.1,0.2,2,25.78947368,1.052631579,8.147623003,0.8378926774,0.01060917201,Yes,No,Normal,Safe,Stable
2024-02-25 21:00:00,February,278.1,93.05,1,26.5,6.47,7.34,2.79,2,2,0,0,29.1,33.9,24.1,0.2,2,25.84210526,0.7894736842,8.143698964,0.8680183829,0.01172900418,No,No,Normal,Safe,Stable
2024-02-25 22:00:00,February,278.1,93.05,1,26.5,6.47,7.34,2.79,2,2,0,0,29.1,33.9,24.1,0.2,2,25.89473684,0.5263157895,8.139774925,0.8981440884,0.01284883635,Yes,No,Normal,Safe,Stable
2024-02-25 23:00:00,February,278.1,93.05,1,26.5,6.47,7.34,2.79,2,2,0,0,29.1,33.9,24.1,0.2,2,25.94736842,0.2631578947,8.135850885,0.9282697939,0.01396866852,No,No,Normal,Safe,Stable
2024-02-26 00:00:00,February,278.1,93.05,1,26.5,6.47,7.34,2.79,2,2,0,1,29.1,33.9,24.1,0.2,2,26,0,8.131926846,0.9583954994,0.01508850069,Yes,No,Normal,Safe,Stable
2024-02-26 01:00:00,February,278.1,93.05,1,26.5,6.47,7.34,2.79,2,2,0,0,29.1,33.9,24.1,0.2,2,26,1,7.877375687,1.01819822,-0.005345641008,No,No,Normal,Safe,Stable
2024-02-26 02:00:00,February,278.1,93.05,1,26.5,6.47,7.34,2.79,2,2,1,1,29.1,33.9,24.1,0.2,2,26,2,8.30610902,0.2972484842,0.5032768043,Yes,No,Normal,Safe,Stable
2024-02-26 03:00:00,February,278.1,93.05,1,26.5,6.47,7.34,2.79,2,2,0,0,29.1,33.9,24.1,0.2,2,26,3,8.127703982,0.2659675442,0.8446538425,No,No,Normal,Safe,Stable
2024-02-26 04:00:00,February,278.1,93.05,1,26.5,6.47,7.34,2.79,2,2,0,0,29.1,33.9,24.1,0.2,2,26,4,7.827479448,0.9293435248,0.01315319046,Yes,No,Normal,Safe,Stable
2024-02-26 05:00:00,February,278.1,93.05,1,26.5,6.47,7.34,2.79,2,2,0,0,29.1,33.9,24.1,0.2,2,26,5,8.439824868,0.3891817575,0.04133070251,No,No,Normal,Safe,Stable
2024-02-26 06:00:00,February,278.1,93.05,1,26.5,6.47,7.34,2.79,2,2,0,0,29.1,33.9,24.1,0.2,2,26.05263158,4.736842105,8.405197852,0.4191674356,0.03593984446,Yes,No,Normal,Safe,Stable
2024-02-26 07:00:00,February,278.1,93.05,1,26.5,6.47,7.34,2.79,2,2,0,0,29.1,33.9,24.1,0.2,2,26.10526316,4.473684211,8.370570835,0.4491531136,0.03054898641,No,No,Normal,Safe,Stable
2024-02-26 08:00:00,February,278.1,93.05,1,26.5,6.47,7.34,2.79,2,2,0,0,29.1,33.9,24.1,0.2,2,26.15789474,4.210526316,8.335943819,0.4791387917,0.02515812836,Yes,No,Normal,Safe,Stable
2024-02-26 09:00:00,February,278.1,93.05,1,26.5,6.47,7.34,2.79,2,2,0,0,29.1,33.9,24.1,0.2,2,26.21052632,3.947368421,8.301316803,0.5091244697,0.01976727032,No,No,Normal,Safe,Stable
2024-02-26 10:00:00,February,278.1,93.05,1,26.5,6.47,7.34,2.79,2,2,0,0,29.1,33.9,24.1,0.2,2,26.26315789,3.684210526,8.266689786,0.5391101477,0.01437641227,Yes,No,Normal,Safe,Stable
2024-02-26 11:00:00,February,278.1,93.05,1,26.5,6.47,7.34,2.79,2,2,0,0,29.1,33.9,24.1,0.2,2,26.31578947,3.421052632,8.23206277,0.5690958258,0.00898555422,No,No,Normal,Safe,Stable
2024-02-26 12:00:00,February,278.1,93.05,1,26.5,6.47,7.34,2.79,2,2,1,0,29.1,33.9,24.1,0.2,2,26.36842105,3.157894737,8.197435754,0.5990815038,0.003594696173,Yes,No,Normal,Safe,Stable
2024-02-26 13:00:00,February,278.1,93.05,1,26.5,6.47,7.34,2.79,2,2,0,0,29.1,33.9,24.1,0.2,2,26.42105263,2.894736842,8.162808737,0.6290671819,-0.001796161875,No,No,Normal,Safe,Stable
2024-02-26 14:00:00,February,278.1,93.05,1,26.5,6.47,7.34,2.79,2,2,1,0,29.1,33.9,24.1,0.2,2,26.47368421,2.631578947,8.128181721,0.6590528599,-0.007187019922,Yes,No,Normal,Safe,Stable
2024-02-26 15:00:00,February,278.1,93.05,1,26.5,6.47,7.34,2.79,2,2,1,0,29.1,33.9,24.1,0.2,2,26.52631579,2.368421053,8.093554705,0.6890385379,-0.01257787797,No,No,Normal,Safe,Stable
2024-02-26 16:00:00,February,278.1,93.05,1,26.5,6.47,7.34,2.79,2,2,0,0,29.1,33.9,24.1,0.2,2,26.57894737,2.105263158,8.058927688,0.719024216,-0.01796873602,Yes,No,Normal,Safe,Stable
2024-02-26 17:00:00,February,278.1,93.05,1,26.5,6.47,7.34,2.79,2,2,0,0,29.1,33.9,24.1,0.2,2,26.63157895,1.842105263,8.024300672,0.749009894,-0.02335959406,No,No,Normal,Safe,Stable
2024-02-26 18:00:00,February,278.1,93.05,1,26.5,6.47,7.34,2.79,2,2,0,0,29.1,33.9,24.1,0.2,2,26.68421053,1.578947368,7.989673656,0.7789955721,-0.02875045211,Yes,No,Normal,Safe,Stable
2024-02-26 19:00:00,February,278.1,93.05,1,26.5,6.47,7.34,2.79,2,2,1,0,29.1,33.9,24.1,0.2,2,26.73684211,1.315789474,7.955046639,0.8089812501,-0.03414131016,No,No,Normal,Safe,Stable
2024-02-26 20:00:00,February,278.1,93.05,1,26.5,6.47,7.34,2.79,2,2,0,0,29.1,33.9,24.1,0.2,2,26.78947368,1.052631579,7.920419623,0.8389669282,-0.03953216821,Yes,No,Normal,Safe,Stable
2024-02-26 21:00:00,February,278.1,93.05,1,26.5,6.47,7.34,2.79,2,2,0,0,29.1,33.9,24.1,0.2,2,26.84210526,0.7894736842,7.885792607,0.8689526062,-0.04492302626,No,No,Normal,Safe,Stable
2024-02-26 22:00:00,February,278.1,93.05,1,26.5,6.47,7.34,2.79,2,2,0,0,29.1,33.9,24.1,0.2,2,26.89473684,0.5263157895,7.85116559,0.8989382842,-0.0503138843,Yes,No,Normal,Safe,Stable
2024-02-26 23:00:00,February,278.1,93.05,1,26.5,6.47,7.34,2.79,2,2,1,0,29.1,33.9,24.1,0.2,2,26.94736842,0.2631578947,7.816538574,0.9289239623,-0.05570474235,No,No,Normal,Safe,Stable
2024-02-27 00:00:00,February,278.1,93.05,1,26.5,6.47,7.34,2.79,2,2,0,0,29.1,33.9,24.1,0.2,2,27,0,7.781911557,0.9589096403,-0.0610956004,Yes,No,Normal,Safe,Stable
2024-02-27 01:00:00,February,278.1,93.05,1,26.5,6.47,7.34,2.79,2,2,0,0,29.1,33.9,24.1,0.2,2,27,1,8.03897297,0.9877413293,0.005285710833,No,No,Normal,Safe,Stable
2024-02-27 02:00:00,February,278.1,93.05,1,26.5,6.47,7.34,2.79,2,2,0,1,29.1,33.9,24.1,0.2,2,27,2,8.467272428,0.3482892327,0.4446053509,Yes,No,Normal,Safe,Stable
2024-02-27 03:00:00,February,278.1,93.05,1,26.5,6.47,7.34,2.79,2,2,0,0,29.1,33.9,24.1,0.2,2,27,3,8.343249403,0.2569194534,0.9558657815,No,No,Normal,Safe,Stable
2024-02-27 04:00:00,February,278.1,93.05,1,26.5,6.47,7.34,2.79,2,2,0,0,29.1,33.9,24.1,0.2,2,27,4,8.235175641,0.2486043016,1.016684379,Yes,No,Normal,Safe,Stable
2024-02-27 05:00:00,February,278.1,93.05,1,26.5,6.47,7.34,2.79,2,2,0,0,29.1,33.9,24.1,0.2,2,27,5,8.189338199,0.3956417443,0.02192265223,No,No,Normal,Safe,Stable
2024-02-27 06:00:00,February,278.1,93.05,1,26.5,6.47,7.34,2.79,2,2,1,0,29.1,33.9,24.1,0.2,2,27.05263158,4.736842105,8.179537844,0.3975514244,0.02178063977,Yes,No,Normal,Safe,Stable
2024-02-27 07:00:00,February,278.1,93.05,1,26.5,6.47,7.34,2.79,2,2,0,0,29.1,33.9,24.1,0.2,2,27.10526316,4.473684211,8.169737489,0.3994611044,0.0216386273,No,No,Normal,Safe,Stable
2024-02-27 08:00:00,February,278.1,93.05,1,26.5,6.47,7.34,2.79,2,2,0,0,29.1,33.9,24.1,0.2,2,27.15789474,4.210526316,8.159937134,0.4013707845,0.02149661483,Yes,No,Normal,Safe,Stable
2024-02-27 09:00:00,February,278.1,93.05,1,26.5,6.47,7.34,2.79,2,2,0,0,29.1,33.9,24.1,0.2,2,27.21052632,3.947368421,8.150136778,0.4032804646,0.02135460236,No,No,Normal,Safe,Stable
2024-02-27 10:00:00,February,278.1,93.05,1,26.5,6.47,7.34,2.79,2,2,0,0,29.1,33.9,24.1,0.2,2,27.26315789,3.684210526,8.140336423,0.4051901446,0.02121258989,Yes,No,Normal,Safe,Stable
2024-02-27 11:00:00,February,278.1,93.05,1,26.5,6.47,7.34,2.79,2,2,1,0,29.1,33.9,24.1,0.2,2,27.31578947,3.421052632,8.130536068,0.4070998247,0.02107057742,No,No,Normal,Safe,Stable
2024-02-27 12:00:00,February,278.1,93.05,1,26.5,6.47,7.34,2.79,2,2,0,0,29.1,33.9,24.1,0.2,2,27.36842105,3.157894737,8.120735713,0.4090095048,0.02092856495,Yes,No,Normal,Safe,Stable
2024-02-27 13:00:00,February,278.1,93.05,1,26.5,6.47,7.34,2.79,2,2,0,0,29.1,33.9,24.1,0.2,2,27.42105263,2.894736842,8.110935358,0.4109191848,0.02078655248,No,No,Normal,Safe,Stable
2024-02-27 14:00:00,February,278.1,93.05,1,26.5,6.47,7.34,2.79,2,2,0,0,29.1,33.9,24.1,0.2,2,27.47368421,2.631578947,8.101135003,0.4128288649,0.02064454001,Yes,No,Normal,Safe,Stable
2024-02-27 15:00:00,February,278.1,93.05,1,26.5,6.47,7.34,2.79,2,2,0,0,29.1,33.9,24.1,0.2,2,27.52631579,2.368421053,8.091334648,0.414738545,0.02050252754,No,No,Normal,Safe,Stable
2024-02-27 16:00:00,February,278.1,93.05,1,26.5,6.47,7.34,2.79,2,2,0,0,29.1,33.9,24.1,0.2,2,27.57894737,2.105263158,8.081534293,0.4166482251,0.02036051508,Yes,No,Normal,Safe,Stable
2024-02-27 17:00:00,February,278.1,93.05,1,26.5,6.47,7.34,2.79,2,2,0,0,29.1,33.9,24.1,0.2,2,27.63157895,1.842105263,8.071733938,0.4185579051,0.02021850261,No,No,Normal,Safe,Stable
2024-02-27 18:00:00,February,278.1,93.05,1,26.5,6.47,7.34,2.79,2,2,0,0,29.1,33.9,24.1,0.2,2,27.68421053,1.578947368,8.061933583,0.4204675852,0.02007649014,Yes,No,Normal,Safe,Stable
2024-02-27 19:00:00,February,278.1,93.05,1,26.5,6.47,7.34,2.79,2,2,0,0,29.1,33.9,24.1,0.2,2,27.73684211,1.315789474,8.052133228,0.4223772653,0.01993447767,No,No,Normal,Safe,Stable
2024-02-27 20:00:00,February,278.1,93.05,1,26.5,6.47,7.34,2.79,2,2,0,0,29.1,33.9,24.1,0.2,2,27.78947368,1.052631579,8.042332873,0.4242869453,0.0197924652,Yes,No,Normal,Safe,Stable
2024-02-27 21:00:00,February,278.1,93.05,1,26.5,6.47,7.34,2.79,2,2,0,0,29.1,33.9,24.1,0.2,2,27.84210526,0.7894736842,8.032532518,0.4261966254,0.01965045273,No,No,Normal,Safe,Stable
2024-02-27 22:00:00,February,278.1,93.05,1,26.5,6.47,7.34,2.79,2,2,0,0,29.1,33.9,24.1,0.2,2,27.89473684,0.5263157895,8.022732162,0.4281063055,0.01950844026,Yes,No,Normal,Safe,Stable
2024-02-27 23:00:00,February,278.1,93.05,1,26.5,6.47,7.34,2.79,2,2,1,0,29.1,33.9,24.1,0.2,2,27.94736842,0.2631578947,8.012931807,0.4300159855,0.01936642779,No,No,Normal,Safe,Stable
2024-02-28 00:00:00,February,278.1,93.05,1,26.5,6.47,7.34,2.79,2,2,0,1,29.1,33.9,24.1,0.2,2,28,0,8.003131452,0.4319256656,0.01922441532,Yes,No,Normal,Safe,Stable
2024-02-28 01:00:00,February,278.1,93.05,1,26.5,6.47,7.34,2.79,2,2,1,0,29.1,33.9,24.1,0.2,2,28,1,8.175373415,0.3578384719,0.1083007428,No,No,Normal,Safe,Stable
2024-02-28 02:00:00,February,278.1,93.05,1,26.5,6.47,7.34,2.79,2,2,0,0,29.1,33.9,24.1,0.2,2,28,2,8.103157081,0.3291866006,0.469211803,Yes,No,Normal,Safe,Stable
2024-02-28 03:00:00,February,278.1,93.05,1,26.5,6.47,7.34,2.79,2,2,0,1,29.1,33.9,24.1,0.2,2,28,3,8.078479776,0.5622412047,0.02429620801,No,No,Normal,Safe,Stable
2024-02-28 04:00:00,February,278.1,93.05,1,26.5,6.47,7.34,2.79,2,2,0,0,29.1,33.9,24.1,0.2,2,28,4,8.246124421,0.3123050174,0.8582385206,Yes,No,Normal,Safe,Stable
2024-02-28 05:00:00,February,278.1,93.05,1,26.5,6.47,7.34,2.79,2,2,1,0,29.1,33.9,24.1,0.2,2,28,5,8.58862409,0.3995305961,0.01927065093,No,No,Normal,Safe,Stable
2024-02-28 06:00:00,February,278.5421053,93.22105263,1,26.59736842,6.544736842,7.373157895,2.79,2.052631579,2.052631579,0,0,29.1,33.9,24.1,0.2278947368,2.052631579,26.57894737,4.736842105,8.556438594,0.3995386517,0.01877242456,Yes,No,Normal,Safe,Stable
2024-02-28 07:00:00,February,278.9842105,93.39210526,1,26.69473684,6.619473684,7.406315789,2.79,2.105263158,2.105263158,0,0,29.1,33.9,24.1,0.2557894737,2.105263158,25.15789474,4.473684211,8.524253099,0.3995467073,0.01827419818,No,No,Normal,Safe,Stable
2024-02-28 08:00:00,February,279.4263158,93.56315789,1,26.79210526,6.694210526,7.439473684,2.79,2.157894737,2.157894737,0,1,29.1,33.9,24.1,0.2836842105,2.157894737,23.73684211,4.210526316,8.492067603,0.3995547628,0.01777597181,Yes,No,Normal,Safe,Stable
2024-02-28 09:00:00,February,279.8684211,93.73421053,1,26.88947368,6.768947368,7.472631579,2.79,2.210526316,2.210526316,0,0,29.1,33.9,24.1,0.3115789474,2.210526316,22.31578947,3.947368421,8.459882107,0.3995628184,0.01727774543,No,No,Normal,Safe,Stable
2024-02-28 10:00:00,February,280.3105263,93.90526316,1,26.98684211,6.843684211,7.505789474,2.79,2.263157895,2.263157895,0,0,29.1,33.9,24.1,0.3394736842,2.263157895,20.89473684,3.684210526,8.427696611,0.399570874,0.01677951906,Yes,No,Normal,Safe,Stable
2024-02-28 11:00:00,February,280.7526316,94.07631579,1,27.08421053,6.918421053,7.538947368,2.79,2.315789474,2.315789474,0,0,29.1,33.9,24.1,0.3673684211,2.315789474,19.47368421,3.421052632,8.395511116,0.3995789296,0.01628129268,No,No,Normal,Safe,Stable
2024-02-28 12:00:00,February,281.1947368,94.24736842,1,27.18157895,6.993157895,7.572105263,2.79,2.368421053,2.368421053,0,0,29.1,33.9,24.1,0.3952631579,2.368421053,18.05263158,3.157894737,8.36332562,0.3995869852,0.01578306631,Yes,No,Normal,Safe,Stable
2024-02-28 13:00:00,February,281.6368421,94.41842105,1,27.27894737,7.067894737,7.605263158,2.79,2.421052632,2.421052632,0,0,29.1,33.9,24.1,0.4231578947,2.421052632,16.63157895,2.894736842,8.331140124,0.3995950408,0.01528483993,No,No,Normal,Safe,Stable
2024-02-28 14:00:00,February,282.0789474,94.58947368,1,27.37631579,7.142631579,7.638421053,2.79,2.473684211,2.473684211,1,0,29.1,33.9,24.1,0.4510526316,2.473684211,15.21052632,2.631578947,8.298954628,0.3996030964,0.01478661356,Yes,No,Normal,Safe,Stable
2024-02-28 15:00:00,February,282.5210526,94.76052632,1,27.47368421,7.217368421,7.671578947,2.79,2.526315789,2.526315789,0,0,29.1,33.9,24.1,0.4789473684,2.526315789,13.78947368,2.368421053,8.266769133,0.3996111519,0.01428838718,No,No,Normal,Safe,Stable
2024-02-28 16:00:00,February,282.9631579,94.93157895,1,27.57105263,7.292105263,7.704736842,2.79,2.578947368,2.578947368,1,1,29.1,33.9,24.1,0.5068421053,2.578947368,12.36842105,2.105263158,8.234583637,0.3996192075,0.01379016081,Yes,No,Normal,Safe,Stable
2024-02-28 17:00:00,February,283.4052632,95.10263158,1,27.66842105,7.366842105,7.737894737,2.79,2.631578947,2.631578947,1,0,29.1,33.9,24.1,0.5347368421,2.631578947,10.94736842,1.842105263,8.202398141,0.3996272631,0.01329193443,No,No,Normal,Safe,Stable
2024-02-28 18:00:00,February,283.8473684,95.27368421,1,27.76578947,7.441578947,7.771052632,2.79,2.684210526,2.684210526,1,0,29.1,33.9,24.1,0.5626315789,2.684210526,9.526315789,1.578947368,8.170212645,0.3996353187,0.01279370806,Yes,No,Normal,Safe,Stable
2024-02-28 19:00:00,February,284.2894737,95.44473684,1,27.86315789,7.516315789,7.804210526,2.79,2.736842105,2.736842105,1,0,29.1,33.9,24.1,0.5905263158,2.736842105,8.105263158,1.315789474,8.13802715,0.3996433743,0.01229548168,No,No,Normal,Safe,Stable
2024-02-28 20:00:00,February,284.7315789,95.61578947,1,27.96052632,7.591052632,7.837368421,2.79,2.789473684,2.789473684,1,0,29.1,33.9,24.1,0.6184210526,2.789473684,6.684210526,1.052631579,8.105841654,0.3996514299,0.01179725531,Yes,No,Normal,Safe,Stable
2024-02-28 21:00:00,February,285.1736842,95.78684211,1,28.05789474,7.665789474,7.870526316,2.79,2.842105263,2.842105263,0,0,29.1,33.9,24.1,0.6463157895,2.842105263,5.263157895,0.7894736842,8.073656158,0.3996594854,0.01129902893,No,No,High,Safe,At Risk
2024-02-28 22:00:00,February,285.6157895,95.95789474,1,28.15526316,7.740526316,7.903684211,2.79,2.894736842,2.894736842,1,0,29.1,33.9,24.1,0.6742105263,2.894736842,3.842105263,0.5263157895,8.041470662,0.399667541,0.01080080256,Yes,No,High,Safe,At Risk
2024-02-28 23:00:00,February,286.0578947,96.12894737,1,28.25263158,7.815263158,7.936842105,2.79,2.947368421,2.947368421,1,0,29.1,33.9,24.1,0.7021052632,2.947368421,2.421052632,0.2631578947,8.009285167,0.3996755966,0.01030257618,No,No,High,Safe,At Risk
2024-02-29 00:00:00,March,286.5,96.3,1,28.35,7.89,7.97,2.79,3,3,0,0,29.1,33.9,24.1,0.73,3,1,0,7.977099671,0.3996836522,0.009804349805,Yes,No,High,Safe,At Risk
2024-02-29 01:00:00,March,286.5,96.3,1,28.35,7.89,7.97,2.79,3,3,0,0,29.1,33.9,24.1,0.73,3,1,1,8.304470286,0.2832419217,0.1188775346,No,No,High,Safe,At Risk
2024-02-29 02:00:00,March,286.5,96.3,1,28.35,7.89,7.97,2.79,3,3,1,1,29.1,33.9,24.1,0.73,3,1,2,7.807674206,0.9748363707,0.02690358308,Yes,No,High,Safe,At Risk
2024-02-29 03:00:00,March,286.5,96.3,1,28.35,7.89,7.97,2.79,3,3,1,0,29.1,33.9,24.1,0.73,3,1,3,8.173548242,0.1591229974,0.8505338387,No,No,High,Safe,At Risk
2024-02-29 04:00:00,March,286.5,96.3,1,28.35,7.89,7.97,2.79,3,3,0,0,29.1,33.9,24.1,0.73,3,1,4,8.329387472,0.3483298936,0.9531880018,Yes,No,High,Safe,At Risk
2024-02-29 05:00:00,March,286.5,96.3,1,28.35,7.89,7.97,2.79,3,3,0,0,29.1,33.9,24.1,0.73,3,1,5,7.986533993,0.4532760642,0.01288353844,No,No,High,Safe,At Risk
2024-02-29 06:00:00,March,286.5,96.3,1,28.35,7.89,7.97,2.79,3,3,1,0,29.1,33.9,24.1,0.73,3,1.052631579,4.736842105,7.98275522,0.4503094659,0.01093791725,Yes,No,High,Safe,At Risk
2024-02-29 07:00:00,March,286.5,96.3,1,28.35,7.89,7.97,2.79,3,3,0,0,29.1,33.9,24.1,0.73,3,1.105263158,4.473684211,7.978976447,0.4473428677,0.008992296058,No,No,High,Safe,At Risk
2024-02-29 08:00:00,March,286.5,96.3,1,28.35,7.89,7.97,2.79,3,3,0,0,29.1,33.9,24.1,0.73,3,1.157894737,4.210526316,7.975197674,0.4443762695,0.007046674865,Yes,No,High,Safe,At Risk
2024-02-29 09:00:00,March,286.5,96.3,1,28.35,7.89,7.97,2.79,3,3,0,1,29.1,33.9,24.1,0.73,3,1.210526316,3.947368421,7.971418901,0.4414096712,0.005101053672,No,No,High,Safe,At Risk
2024-02-29 10:00:00,March,286.5,96.3,1,28.35,7.89,7.97,2.79,3,3,1,0,29.1,33.9,24.1,0.73,3,1.263157895,3.684210526,7.967640129,0.438443073,0.003155432479,Yes,No,High,Safe,At Risk
2024-02-29 11:00:00,March,286.5,96.3,1,28.35,7.89,7.97,2.79,3,3,0,0,29.1,33.9,24.1,0.73,3,1.315789474,3.421052632,7.963861356,0.4354764748,0.001209811286,No,No,High,Safe,At Risk
2024-02-29 12:00:00,March,286.5,96.3,1,28.35,7.89,7.97,2.79,3,3,0,0,29.1,33.9,24.1,0.73,3,1.368421053,3.157894737,7.960082583,0.4325098765,-0.000735809907,Yes,No,High,Safe,At Risk
2024-02-29 13:00:00,March,286.5,96.3,1,28.35,7.89,7.97,2.79,3,3,0,0,29.1,33.9,24.1,0.73,3,1.421052632,2.894736842,7.95630381,0.4295432783,-0.0026814311,No,No,High,Safe,At Risk
2024-02-29 14:00:00,March,286.5,96.3,1,28.35,7.89,7.97,2.79,3,3,0,0,29.1,33.9,24.1,0.73,3,1.473684211,2.631578947,7.952525037,0.4265766801,-0.004627052293,Yes,No,High,Safe,At Risk
2024-02-29 15:00:00,March,286.5,96.3,1,28.35,7.89,7.97,2.79,3,3,0,1,29.1,33.9,24.1,0.73,3,1.526315789,2.368421053,7.948746265,0.4236100818,-0.006572673486,No,No,High,Safe,At Risk
2024-02-29 16:00:00,March,286.5,96.3,1,28.35,7.89,7.97,2.79,3,3,0,0,29.1,33.9,24.1,0.73,3,1.578947368,2.105263158,7.944967492,0.4206434836,-0.008518294679,Yes,No,High,Safe,At Risk
2024-02-29 17:00:00,March,286.5,96.3,1,28.35,7.89,7.97,2.79,3,3,0,0,29.1,33.9,24.1,0.73,3,1.631578947,1.842105263,7.941188719,0.4176768853,-0.01046391587,No,No,High,Safe,At Risk
2024-02-29 18:00:00,March,286.5,96.3,1,28.35,7.89,7.97,2.79,3,3,0,0,29.1,33.9,24.1,0.73,3,1.684210526,1.578947368,7.937409946,0.4147102871,-0.01240953707,Yes,No,High,Safe,At Risk
2024-02-29 19:00:00,March,286.5,96.3,1,28.35,7.89,7.97,2.79,3,3,0,0,29.1,33.9,24.1,0.73,3,1.736842105,1.315789474,7.933631173,0.4117436889,-0.01435515826,No,No,High,Safe,At Risk
2024-02-29 20:00:00,March,286.5,96.3,1,28.35,7.89,7.97,2.79,3,3,0,1,29.1,33.9,24.1,0.73,3,1.789473684,1.052631579,7.9298524,0.4087770906,-0.01630077945,Yes,No,High,Safe,At Risk
2024-02-29 21:00:00,March,286.5,96.3,1,28.35,7.89,7.97,2.79,3,3,0,0,29.1,33.9,24.1,0.73,3,1.842105263,0.7894736842,7.926073628,0.4058104924,-0.01824640064,No,No,High,Safe,At Risk
2024-02-29 22:00:00,March,286.5,96.3,1,28.35,7.89,7.97,2.79,3,3,0,0,29.1,33.9,24.1,0.73,3,1.894736842,0.5263157895,7.922294855,0.4028438942,-0.02019202184,Yes,No,High,Safe,At Risk
2024-02-29 23:00:00,March,286.5,96.3,1,28.35,7.89,7.97,2.79,3,3,0,0,29.1,33.9,24.1,0.73,3,1.947368421,0.2631578947,7.918516082,0.3998772959,-0.02213764303,No,No,High,Safe,At Risk
2024-03-01 00:00:00,March,286.5,96.3,1,28.35,7.89,7.97,2.79,3,3,0,1,29.1,33.9,24.1,0.73,3,2,0,7.914737309,0.3969106977,-0.02408326422,Yes,No,High,Safe,At Risk
2024-03-01 01:00:00,March,286.5,96.3,1,28.35,7.89,7.97,2.79,3,3,0,0,29.1,33.9,24.1,0.73,3,2,1,8.253488526,0.3355408699,0.1715312963,No,No,High,Safe,At Risk
2024-03-01 02:00:00,March,286.5,96.3,1,28.35,7.89,7.97,2.79,3,3,0,0,29.1,33.9,24.1,0.73,3,2,2,7.811380042,0.9434934366,0.01198089645,Yes,No,High,Safe,At Risk
2024-03-01 03:00:00,March,286.5,96.3,1,28.35,7.89,7.97,2.79,3,3,0,0,29.1,33.9,24.1,0.73,3,2,3,8.118149402,0.4553756631,0.03292063067,No,No,High,Safe,At Risk
2024-03-01 04:00:00,March,286.5,96.3,1,28.35,7.89,7.97,2.79,3,3,0,0,29.1,33.9,24.1,0.73,3,2,4,8.4724713,0.3166762053,0.9526394487,Yes,No,High,Safe,At Risk
2024-03-01 05:00:00,March,286.5,96.3,1,28.35,7.89,7.97,2.79,3,3,1,0,29.1,33.9,24.1,0.73,3,2,5,8.051548619,0.3752136669,-0.0149904947,No,No,High,Safe,At Risk
2024-03-01 06:00:00,March,286.5,96.3,1,28.35,7.89,7.97,2.79,3,3,0,0,29.1,33.9,24.1,0.73,3,2.052631579,4.736842105,8.046392829,0.3762606848,-0.01568501073,Yes,No,High,Safe,At Risk
2024-03-01 07:00:00,March,286.5,96.3,1,28.35,7.89,7.97,2.79,3,3,0,0,29.1,33.9,24.1,0.73,3,2.105263158,4.473684211,8.041237038,0.3773077027,-0.01637952675,No,No,High,Safe,At Risk
2024-03-01 08:00:00,March,286.5,96.3,1,28.35,7.89,7.97,2.79,3,3,0,0,29.1,33.9,24.1,0.73,3,2.157894737,4.210526316,8.036081248,0.3783547205,-0.01707404278,Yes,No,High,Safe,At Risk
2024-03-01 09:00:00,March,286.5,96.3,1,28.35,7.89,7.97,2.79,3,3,0,0,29.1,33.9,24.1,0.73,3,2.210526316,3.947368421,8.030925458,0.3794017384,-0.01776855881,No,No,High,Safe,At Risk
2024-03-01 10:00:00,March,286.5,96.3,1,28.35,7.89,7.97,2.79,3,3,0,1,29.1,33.9,24.1,0.73,3,2.263157895,3.684210526,8.025769667,0.3804487563,-0.01846307483,Yes,No,High,Safe,At Risk
2024-03-01 11:00:00,March,286.5,96.3,1,28.35,7.89,7.97,2.79,3,3,0,0,29.1,33.9,24.1,0.73,3,2.315789474,3.421052632,8.020613877,0.3814957741,-0.01915759086,No,No,High,Safe,At Risk
2024-03-01 12:00:00,March,286.5,96.3,1,28.35,7.89,7.97,2.79,3,3,0,0,29.1,33.9,24.1,0.73,3,2.368421053,3.157894737,8.015458087,0.382542792,-0.01985210689,Yes,No,High,Safe,At Risk
2024-03-01 13:00:00,March,286.5,96.3,1,28.35,7.89,7.97,2.79,3,3,0,0,29.1,33.9,24.1,0.73,3,2.421052632,2.894736842,8.010302296,0.3835898099,-0.02054662291,No,No,High,Safe,At Risk
2024-03-01 14:00:00,March,286.5,96.3,1,28.35,7.89,7.97,2.79,3,3,1,0,29.1,33.9,24.1,0.73,3,2.473684211,2.631578947,8.005146506,0.3846368277,-0.02124113894,Yes,No,High,Safe,At Risk
2024-03-01 15:00:00,March,286.5,96.3,1,28.35,7.89,7.97,2.79,3,3,0,0,29.1,33.9,24.1,0.73,3,2.526315789,2.368421053,7.999990716,0.3856838456,-0.02193565497,No,No,High,Safe,At Risk
2024-03-01 16:00:00,March,286.5,96.3,1,28.35,7.89,7.97,2.79,3,3,0,0,29.1,33.9,24.1,0.73,3,2.578947368,2.105263158,7.994834926,0.3867308635,-0.02263017099,Yes,No,High,Safe,At Risk
2024-03-01 17:00:00,March,286.5,96.3,1,28.35,7.89,7.97,2.79,3,3,1,1,29.1,33.9,24.1,0.73,3,2.631578947,1.842105263,7.989679135,0.3877778813,-0.02332468702,No,No,High,Safe,At Risk
2024-03-01 18:00:00,March,286.5,96.3,1,28.35,7.89,7.97,2.79,3,3,0,0,29.1,33.9,24.1,0.73,3,2.684210526,1.578947368,7.984523345,0.3888248992,-0.02401920305,Yes,No,High,Safe,At Risk
2024-03-01 19:00:00,March,286.5,96.3,1,28.35,7.89,7.97,2.79,3,3,0,0,29.1,33.9,24.1,0.73,3,2.736842105,1.315789474,7.979367555,0.3898719171,-0.02471371907,No,No,High,Safe,At Risk
2024-03-01 20:00:00,March,286.5,96.3,1,28.35,7.89,7.97,2.79,3,3,1,0,29.1,33.9,24.1,0.73,3,2.789473684,1.052631579,7.974211764,0.3909189349,-0.0254082351,Yes,No,High,Safe,At Risk
2024-03-01 21:00:00,March,286.5,96.3,1,28.35,7.89,7.97,2.79,3,3,0,0,29.1,33.9,24.1,0.73,3,2.842105263,0.7894736842,7.969055974,0.3919659528,-0.02610275113,No,No,High,Safe,At Risk
2024-03-01 22:00:00,March,286.5,96.3,1,28.35,7.89,7.97,2.79,3,3,0,0,29.1,33.9,24.1,0.73,3,2.894736842,0.5263157895,7.963900184,0.3930129707,-0.02679726715,Yes,No,High,Safe,At Risk
2024-03-01 23:00:00,March,286.5,96.3,1,28.35,7.89,7.97,2.79,3,3,1,0,29.1,33.9,24.1,0.73,3,2.947368421,0.2631578947,7.958744394,0.3940599886,-0.02749178318,No,No,High,Safe,At Risk
2024-03-02 00:00:00,March,286.5,96.3,1,28.35,7.89,7.97,2.79,3,3,0,0,29.1,33.9,24.1,0.73,3,3,0,7.953588603,0.3951070064,-0.0281862992,Yes,No,High,Safe,At Risk
2024-03-02 01:00:00,March,286.5,96.3,1,28.35,7.89,7.97,2.79,3,3,0,0,29.1,33.9,24.1,0.73,3,3,1,8.308703246,0.9883036199,0.009598168048,No,No,High,Safe,At Risk
2024-03-02 02:00:00,March,286.5,96.3,1,28.35,7.89,7.97,2.79,3,3,0,0,29.1,33.9,24.1,0.73,3,3,2,7.710798492,1.023094509,-0.006624575449,Yes,No,High,Safe,At Risk
2024-03-02 03:00:00,March,286.5,96.3,1,28.35,7.89,7.97,2.79,3,3,1,0,29.1,33.9,24.1,0.73,3,3,3,8.113087534,0.2308033456,0.9744016499,No,No,High,Safe,At Risk
2024-03-02 04:00:00,March,286.5,96.3,1,28.35,7.89,7.97,2.79,3,3,0,0,29.1,33.9,24.1,0.73,3,3,4,8.21917182,0.3062466072,0.9674099196,Yes,No,High,Safe,At Risk
2024-03-02 05:00:00,March,286.5,96.3,1,28.35,7.89,7.97,2.79,3,3,0,0,29.1,33.9,24.1,0.73,3,3,5,8.446580347,0.341148044,0.005749327823,No,No,High,Safe,At Risk
2024-03-02 06:00:00,March,286.5,96.3,1,28.35,7.89,7.97,2.79,3,3,0,1,29.1,33.9,24.1,0.73,3,3.052631579,4.736842105,8.410968839,0.3749222886,0.005133973249,Yes,No,High,Safe,At Risk
2024-03-02 07:00:00,March,286.5,96.3,1,28.35,7.89,7.97,2.79,3,3,0,0,29.1,33.9,24.1,0.73,3,3.105263158,4.473684211,8.375357331,0.4086965332,0.004518618675,No,No,High,Safe,At Risk
2024-03-02 08:00:00,March,286.5,96.3,1,28.35,7.89,7.97,2.79,3,3,0,0,29.1,33.9,24.1,0.73,3,3.157894737,4.210526316,8.339745823,0.4424707779,0.003903264102,Yes,No,High,Safe,At Risk
2024-03-02 09:00:00,March,286.5,96.3,1,28.35,7.89,7.97,2.79,3,3,0,0,29.1,33.9,24.1,0.73,3,3.210526316,3.947368421,8.304134315,0.4762450225,0.003287909528,No,No,High,Safe,At Risk
2024-03-02 10:00:00,March,286.5,96.3,1,28.35,7.89,7.97,2.79,3,3,0,1,29.1,33.9,24.1,0.73,3,3.263157895,3.684210526,8.268522807,0.5100192672,0.002672554954,Yes,No,High,Safe,At Risk
2024-03-02 11:00:00,March,286.5,96.3,1,28.35,7.89,7.97,2.79,3,3,0,0,29.1,33.9,24.1,0.73,3,3.315789474,3.421052632,8.232911299,0.5437935118,0.002057200381,No,No,High,Safe,At Risk
2024-03-02 12:00:00,March,286.5,96.3,1,28.35,7.89,7.97,2.79,3,3,1,0,29.1,33.9,24.1,0.73,3,3.368421053,3.157894737,8.197299791,0.5775677564,0.001441845807,Yes,No,High,Safe,At Risk
2024-03-02 13:00:00,March,286.5,96.3,1,28.35,7.89,7.97,2.79,3,3,0,0,29.1,33.9,24.1,0.73,3,3.421052632,2.894736842,8.161688283,0.6113420011,0.0008264912335,No,No,High,Safe,At Risk
2024-03-02 14:00:00,March,286.5,96.3,1,28.35,7.89,7.97,2.79,3,3,0,0,29.1,33.9,24.1,0.73,3,3.473684211,2.631578947,8.126076775,0.6451162457,0.0002111366599,Yes,No,High,Safe,At Risk
2024-03-02 15:00:00,March,286.5,96.3,1,28.35,7.89,7.97,2.79,3,3,0,0,29.1,33.9,24.1,0.73,3,3.526315789,2.368421053,8.090465266,0.6788904904,-0.0004042179138,No,No,High,Safe,At Risk
2024-03-02 16:00:00,March,286.5,96.3,1,28.35,7.89,7.97,2.79,3,3,1,0,29.1,33.9,24.1,0.73,3,3.578947368,2.105263158,8.054853758,0.712664735,-0.001019572487,Yes,No,High,Safe,At Risk
2024-03-02 17:00:00,March,286.5,96.3,1,28.35,7.89,7.97,2.79,3,3,0,0,29.1,33.9,24.1,0.73,3,3.631578947,1.842105263,8.01924225,0.7464389796,-0.001634927061,No,No,High,Safe,At Risk
2024-03-02 18:00:00,March,286.5,96.3,1,28.35,7.89,7.97,2.79,3,3,0,0,29.1,33.9,24.1,0.73,3,3.684210526,1.578947368,7.983630742,0.7802132243,-0.002250281635,Yes,No,High,Safe,At Risk
2024-03-02 19:00:00,March,286.5,96.3,1,28.35,7.89,7.97,2.79,3,3,1,1,29.1,33.9,24.1,0.73,3,3.736842105,1.315789474,7.948019234,0.8139874689,-0.002865636208,No,No,High,Safe,At Risk
2024-03-02 20:00:00,March,286.5,96.3,1,28.35,7.89,7.97,2.79,3,3,0,0,29.1,33.9,24.1,0.73,3,3.789473684,1.052631579,7.912407726,0.8477617135,-0.003480990782,Yes,No,High,Safe,At Risk
2024-03-02 21:00:00,March,286.5,96.3,1,28.35,7.89,7.97,2.79,3,3,0,0,29.1,33.9,24.1,0.73,3,3.842105263,0.7894736842,7.876796218,0.8815359582,-0.004096345356,No,No,High,Safe,At Risk
2024-03-02 22:00:00,March,286.5,96.3,1,28.35,7.89,7.97,2.79,3,3,0,0,29.1,33.9,24.1,0.73,3,3.894736842,0.5263157895,7.84118471,0.9153102028,-0.004711699929,Yes,No,High,Safe,At Risk
2024-03-02 23:00:00,March,286.5,96.3,1,28.35,7.89,7.97,2.79,3,3,0,0,29.1,33.9,24.1,0.73,3,3.947368421,0.2631578947,7.805573202,0.9490844475,-0.005327054503,No,No,High,Safe,At Risk
2024-03-03 00:00:00,March,286.5,96.3,1,28.35,7.89,7.97,2.79,3,3,0,0,29.1,33.9,24.1,0.73,3,4,0,7.769961694,0.9828586921,-0.005942409076,Yes,No,High,Safe,At Risk
2024-03-03 01:00:00,March,286.5,96.3,1,28.35,7.89,7.97,2.79,3,3,0,0,29.1,33.9,24.1,0.73,3,4,1,8.35221126,0.3351187313,0.1234755966,No,No,High,Safe,At Risk
2024-03-03 02:00:00,March,286.5,96.3,1,28.35,7.89,7.97,2.79,3,3,0,0,29.1,33.9,24.1,0.73,3,4,2,7.708476318,0.9737888152,-0.01567589133,Yes,No,High,Safe,At Risk
2024-03-03 03:00:00,March,286.5,96.3,1,28.35,7.89,7.97,2.79,3,3,1,0,29.1,33.9,24.1,0.73,3,4,3,8.058207018,0.5260020643,-0.004113019864,No,No,High,Safe,At Risk
2024-03-03 04:00:00,March,286.5,96.3,1,28.35,7.89,7.97,2.79,3,3,0,0,29.1,33.9,24.1,0.73,3,4,4,8.409593796,0.2826033421,0.8452357966,Yes,No,High,Safe,At Risk
2024-03-03 05:00:00,March,286.5,96.3,1,28.35,7.89,7.97,2.79,3,3,0,0,29.1,33.9,24.1,0.73,3,4,5,7.723921265,0.9927137917,-0.04248111918,No,No,High,Safe,At Risk
2024-03-03 06:00:00,March,286.5,96.3,1,28.35,7.89,7.97,2.79,3,3,0,0,29.1,33.9,24.1,0.73,3,4.052631579,4.736842105,7.760831037,0.9625981786,-0.04047572094,Yes,No,High,Safe,At Risk
2024-03-03 07:00:00,March,286.5,96.3,1,28.35,7.89,7.97,2.79,3,3,1,0,29.1,33.9,24.1,0.73,3,4.105263158,4.473684211,7.79774081,0.9324825656,-0.03847032269,No,No,High,Safe,At Risk
2024-03-03 08:00:00,March,286.5,96.3,1,28.35,7.89,7.97,2.79,3,3,0,0,29.1,33.9,24.1,0.73,3,4.157894737,4.210526316,7.834650582,0.9023669525,-0.03646492445,Yes,No,High,Safe,At Risk
2024-03-03 09:00:00,March,286.5,96.3,1,28.35,7.89,7.97,2.79,3,3,0,0,29.1,33.9,24.1,0.73,3,4.210526316,3.947368421,7.871560355,0.8722513394,-0.03445952621,No,No,High,Safe,At Risk
2024-03-03 10:00:00,March,286.5,96.3,1,28.35,7.89,7.97,2.79,3,3,1,0,29.1,33.9,24.1,0.73,3,4.263157895,3.684210526,7.908470127,0.8421357264,-0.03245412796,Yes,No,High,Safe,At Risk
2024-03-03 11:00:00,March,286.5,96.3,1,28.35,7.89,7.97,2.79,3,3,0,0,29.1,33.9,24.1,0.73,3,4.315789474,3.421052632,7.9453799,0.8120201133,-0.03044872972,No,No,High,Safe,At Risk
2024-03-03 12:00:00,March,286.5,96.3,1,28.35,7.89,7.97,2.79,3,3,0,0,29.1,33.9,24.1,0.73,3,4.368421053,3.157894737,7.982289672,0.7819045003,-0.02844333148,Yes,No,High,Safe,At Risk
2024-03-03 13:00:00,March,286.5,96.3,1,28.35,7.89,7.97,2.79,3,3,0,0,29.1,33.9,24.1,0.73,3,4.421052632,2.894736842,8.019199445,0.7517888872,-0.02643793323,No,No,High,Safe,At Risk
2024-03-03 14:00:00,March,286.5,96.3,1,28.35,7.89,7.97,2.79,3,3,0,0,29.1,33.9,24.1,0.73,3,4.473684211,2.631578947,8.056109217,0.7216732742,-0.02443253499,Yes,No,High,Safe,At Risk
2024-03-03 15:00:00,March,286.5,96.3,1,28.35,7.89,7.97,2.79,3,3,0,0,29.1,33.9,24.1,0.73,3,4.526315789,2.368421053,8.09301899,0.6915576611,-0.02242713675,No,No,High,Safe,At Risk
2024-03-03 16:00:00,March,286.5,96.3,1,28.35,7.89,7.97,2.79,3,3,0,0,29.1,33.9,24.1,0.73,3,4.578947368,2.105263158,8.129928762,0.6614420481,-0.0204217385,Yes,No,High,Safe,At Risk
2024-03-03 17:00:00,March,286.5,96.3,1,28.35,7.89,7.97,2.79,3,3,0,0,29.1,33.9,24.1,0.73,3,4.631578947,1.842105263,8.166838534,0.631326435,-0.01841634026,No,No,High,Safe,At Risk
2024-03-03 18:00:00,March,286.5,96.3,1,28.35,7.89,7.97,2.79,3,3,0,0,29.1,33.9,24.1,0.73,3,4.684210526,1.578947368,8.203748307,0.6012108219,-0.01641094202,Yes,No,High,Safe,At Risk
2024-03-03 19:00:00,March,286.5,96.3,1,28.35,7.89,7.97,2.79,3,3,1,0,29.1,33.9,24.1,0.73,3,4.736842105,1.315789474,8.240658079,0.5710952089,-0.01440554378,No,No,High,Safe,At Risk
2024-03-03 20:00:00,March,286.5,96.3,1,28.35,7.89,7.97,2.79,3,3,0,0,29.1,33.9,24.1,0.73,3,4.789473684,1.052631579,8.277567852,0.5409795958,-0.01240014553,Yes,No,High,Safe,At Risk
2024-03-03 21:00:00,March,286.5,96.3,1,28.35,7.89,7.97,2.79,3,3,0,1,29.1,33.9,24.1,0.73,3,4.842105263,0.7894736842,8.314477624,0.5108639828,-0.01039474729,No,No,High,Safe,At Risk
2024-03-03 22:00:00,March,286.5,96.3,1,28.35,7.89,7.97,2.79,3,3,0,0,29.1,33.9,24.1,0.73,3,4.894736842,0.5263157895,8.351387397,0.4807483697,-0.008389349046,Yes,No,High,Safe,At Risk
2024-03-03 23:00:00,March,286.5,96.3,1,28.35,7.89,7.97,2.79,3,3,0,0,29.1,33.9,24.1,0.73,3,4.947368421,0.2631578947,8.388297169,0.4506327567,-0.006383950803,No,No,High,Safe,At Risk
2024-03-04 00:00:00,March,286.5,96.3,1,28.35,7.89,7.97,2.79,3,3,0,0,29.1,33.9,24.1,0.73,3,5,0,8.425206942,0.4205171436,-0.00437855256,Yes,No,High,Safe,At Risk
2024-03-04 01:00:00,March,286.5,96.3,1,28.35,7.89,7.97,2.79,3,3,0,0,29.1,33.9,24.1,0.73,3,5,1,8.42307804,0.3986466782,0.08384652048,No,No,High,Safe,At Risk
2024-03-04 02:00:00,March,286.5,96.3,1,28.35,7.89,7.97,2.79,3,3,1,0,29.1,33.9,24.1,0.73,3,5,2,7.892449395,0.9913530818,-0.009170915836,Yes,No,High,Safe,At Risk
2024-03-04 03:00:00,March,286.5,96.3,1,28.35,7.89,7.97,2.79,3,3,0,0,29.1,33.9,24.1,0.73,3,5,3,8.324424136,0.2677826624,0.9526913542,No,No,High,Safe,At Risk
2024-03-04 04:00:00,March,286.5,96.3,1,28.35,7.89,7.97,2.79,3,3,0,0,29.1,33.9,24.1,0.73,3,5,4,8.539038414,0.301990537,0.8574973205,Yes,No,High,Safe,At Risk
2024-03-04 05:00:00,March,286.5,96.3,1,28.35,7.89,7.97,2.79,3,3,0,0,29.1,33.9,24.1,0.73,3,5,5,7.89354788,0.396181013,0.008289667869,No,No,High,Safe,At Risk
2024-03-04 06:00:00,March,286.5,96.3,1,28.35,7.89,7.97,2.79,3,3,0,0,29.1,33.9,24.1,0.73,3,5.052631579,4.736842105,7.90219872,0.3962629287,0.008702969362,Yes,No,High,Safe,At Risk
2024-03-04 07:00:00,March,286.5,96.3,1,28.35,7.89,7.97,2.79,3,3,0,0,29.1,33.9,24.1,0.73,3,5.105263158,4.473684211,7.91084956,0.3963448443,0.009116270855,No,No,High,Safe,At Risk
2024-03-04 08:00:00,March,286.5,96.3,1,28.35,7.89,7.97,2.79,3,3,1,0,29.1,33.9,24.1,0.73,3,5.157894737,4.210526316,7.919500399,0.39642676,0.009529572349,Yes,No,High,Safe,At Risk
2024-03-04 09:00:00,March,286.5,96.3,1,28.35,7.89,7.97,2.79,3,3,0,0,29.1,33.9,24.1,0.73,3,5.210526316,3.947368421,7.928151239,0.3965086757,0.009942873842,No,No,High,Safe,At Risk
2024-03-04 10:00:00,March,286.5,96.3,1,28.35,7.89,7.97,2.79,3,3,0,0,29.1,33.9,24.1,0.73,3,5.263157895,3.684210526,7.936802079,0.3965905913,0.01035617534,Yes,No,High,Safe,At Risk
2024-03-04 11:00:00,March,286.5,96.3,1,28.35,7.89,7.97,2.79,3,3,0,0,29.1,33.9,24.1,0.73,3,5.315789474,3.421052632,7.945452918,0.396672507,0.01076947683,No,No,High,Safe,At Risk
2024-03-04 12:00:00,March,286.5,96.3,1,28.35,7.89,7.97,2.79,3,3,0,0,29.1,33.9,24.1,0.73,3,5.368421053,3.157894737,7.954103758,0.3967544227,0.01118277832,Yes,No,High,Safe,At Risk
2024-03-04 13:00:00,March,286.5,96.3,1,28.35,7.89,7.97,2.79,3,3,0,0,29.1,33.9,24.1,0.73,3,5.421052632,2.894736842,7.962754598,0.3968363383,0.01159607982,No,No,High,Safe,At Risk
2024-03-04 14:00:00,March,286.5,96.3,1,28.35,7.89,7.97,2.79,3,3,1,0,29.1,33.9,24.1,0.73,3,5.473684211,2.631578947,7.971405437,0.396918254,0.01200938131,Yes,No,High,Safe,At Risk
2024-03-04 15:00:00,March,286.5,96.3,1,28.35,7.89,7.97,2.79,3,3,0,0,29.1,33.9,24.1,0.73,3,5.526315789,2.368421053,7.980056277,0.3970001697,0.0124226828,No,No,High,Safe,At Risk
2024-03-04 16:00:00,March,286.5,96.3,1,28.35,7.89,7.97,2.79,3,3,0,0,29.1,33.9,24.1,0.73,3,5.578947368,2.105263158,7.988707117,0.3970820853,0.0128359843,Yes,No,High,Safe,At Risk
2024-03-04 17:00:00,March,286.5,96.3,1,28.35,7.89,7.97,2.79,3,3,0,0,29.1,33.9,24.1,0.73,3,5.631578947,1.842105263,7.997357956,0.397164001,0.01324928579,No,No,High,Safe,At Risk
2024-03-04 18:00:00,March,286.5,96.3,1,28.35,7.89,7.97,2.79,3,3,0,0,29.1,33.9,24.1,0.73,3,5.684210526,1.578947368,8.006008796,0.3972459167,0.01366258728,Yes,No,High,Safe,At Risk
2024-03-04 19:00:00,March,286.5,96.3,1,28.35,7.89,7.97,2.79,3,3,1,0,29.1,33.9,24.1,0.73,3,5.736842105,1.315789474,8.014659635,0.3973278323,0.01407588877,No,No,High,Safe,At Risk
2024-03-04 20:00:00,March,286.5,96.3,1,28.35,7.89,7.97,2.79,3,3,1,0,29.1,33.9,24.1,0.73,3,5.789473684,1.052631579,8.023310475,0.397409748,0.01448919027,Yes,No,High,Safe,At Risk
2024-03-04 21:00:00,March,286.5,96.3,1,28.35,7.89,7.97,2.79,3,3,0,0,29.1,33.9,24.1,0.73,3,5.842105263,0.7894736842,8.031961315,0.3974916636,0.01490249176,No,No,High,Safe,At Risk
2024-03-04 22:00:00,March,286.5,96.3,1,28.35,7.89,7.97,2.79,3,3,0,0,29.1,33.9,24.1,0.73,3,5.894736842,0.5263157895,8.040612154,0.3975735793,0.01531579325,Yes,No,High,Safe,At Risk
2024-03-04 23:00:00,March,286.5,96.3,1,28.35,7.89,7.97,2.79,3,3,0,0,29.1,33.9,24.1,0.73,3,5.947368421,0.2631578947,8.049262994,0.397655495,0.01572909475,No,No,High,Safe,At Risk
2024-03-05 00:00:00,March,286.5,96.3,1,28.35,7.89,7.97,2.79,3,3,0,0,29.1,33.9,24.1,0.73,3,6,0,8.057913834,0.3977374106,0.01614239624,Yes,No,High,Safe,At Risk
2024-03-05 01:00:00,March,286.5,96.3,1,28.35,7.89,7.97,2.79,3,3,0,0,29.1,33.9,24.1,0.73,3,6,1,8.302986074,0.9902847438,0.03329935906,No,No,High,Safe,At Risk
2024-03-05 02:00:00,March,286.5,96.3,1,28.35,7.89,7.97,2.79,3,3,1,0,29.1,33.9,24.1,0.73,3,6,2,8.018775132,0.9685354043,0.02515228924,Yes,No,High,Safe,At Risk
2024-03-05 03:00:00,March,286.5,96.3,1,28.35,7.89,7.97,2.79,3,3,0,0,29.1,33.9,24.1,0.73,3,6,3,8.441426191,0.1806974108,0.8933845896,No,No,High,Safe,At Risk
2024-03-05 04:00:00,March,286.5,96.3,1,28.35,7.89,7.97,2.79,3,3,0,0,29.1,33.9,24.1,0.73,3,6,4,8.029645633,0.9918595846,-0.004572504181,Yes,No,High,Safe,At Risk
2024-03-05 05:00:00,March,286.5,96.3,1,28.35,7.89,7.97,2.79,3,3,1,0,29.1,33.9,24.1,0.73,3,6,5,8.152334495,0.3765762204,0.01923800495,No,No,High,Safe,At Risk
2024-03-05 06:00:00,March,286.5,96.3,1,28.35,7.89,7.97,2.79,3,3,0,0,29.1,33.9,24.1,0.73,3,6.052631579,4.736842105,8.153828952,0.3795582888,0.01796140072,Yes,No,High,Safe,At Risk
2024-03-05 07:00:00,March,286.5,96.3,1,28.35,7.89,7.97,2.79,3,3,0,0,29.1,33.9,24.1,0.73,3,6.105263158,4.473684211,8.155323408,0.3825403572,0.01668479649,No,No,High,Safe,At Risk
2024-03-05 08:00:00,March,286.5,96.3,1,28.35,7.89,7.97,2.79,3,3,0,0,29.1,33.9,24.1,0.73,3,6.157894737,4.210526316,8.156817864,0.3855224257,0.01540819226,Yes,No,High,Safe,At Risk
2024-03-05 09:00:00,March,286.5,96.3,1,28.35,7.89,7.97,2.79,3,3,1,1,29.1,33.9,24.1,0.73,3,6.210526316,3.947368421,8.15831232,0.3885044941,0.01413158803,No,No,High,Safe,At Risk
2024-03-05 10:00:00,March,286.5,96.3,1,28.35,7.89,7.97,2.79,3,3,0,0,29.1,33.9,24.1,0.73,3,6.263157895,3.684210526,8.159806777,0.3914865625,0.01285498379,Yes,No,High,Safe,At Risk
2024-03-05 11:00:00,March,286.5,96.3,1,28.35,7.89,7.97,2.79,3,3,0,0,29.1,33.9,24.1,0.73,3,6.315789474,3.421052632,8.161301233,0.394468631,0.01157837956,No,No,High,Safe,At Risk
2024-03-05 12:00:00,March,286.5,96.3,1,28.35,7.89,7.97,2.79,3,3,0,1,29.1,33.9,24.1,0.73,3,6.368421053,3.157894737,8.162795689,0.3974506994,0.01030177533,Yes,No,High,Safe,At Risk
2024-03-05 13:00:00,March,286.5,96.3,1,28.35,7.89,7.97,2.79,3,3,0,0,29.1,33.9,24.1,0.73,3,6.421052632,2.894736842,8.164290145,0.4004327679,0.009025171099,No,No,High,Safe,At Risk
2024-03-05 14:00:00,March,286.5,96.3,1,28.35,7.89,7.97,2.79,3,3,0,0,29.1,33.9,24.1,0.73,3,6.473684211,2.631578947,8.165784602,0.4034148363,0.007748566868,Yes,No,High,Safe,At Risk
2024-03-05 15:00:00,March,286.5,96.3,1,28.35,7.89,7.97,2.79,3,3,1,0,29.1,33.9,24.1,0.73,3,6.526315789,2.368421053,8.167279058,0.4063969047,0.006471962636,No,No,High,Safe,At Risk
2024-03-05 16:00:00,March,286.5,96.3,1,28.35,7.89,7.97,2.79,3,3,0,0,29.1,33.9,24.1,0.73,3,6.578947368,2.105263158,8.168773514,0.4093789732,0.005195358405,Yes,No,High,Safe,At Risk
2024-03-05 17:00:00,March,286.5,96.3,1,28.35,7.89,7.97,2.79,3,3,0,0,29.1,33.9,24.1,0.73,3,6.631578947,1.842105263,8.17026797,0.4123610416,0.003918754173,No,No,High,Safe,At Risk
2024-03-05 18:00:00,March,286.5,96.3,1,28.35,7.89,7.97,2.79,3,3,0,0,29.1,33.9,24.1,0.73,3,6.684210526,1.578947368,8.171762427,0.41534311,0.002642149942,Yes,No,High,Safe,At Risk
2024-03-05 19:00:00,March,286.5,96.3,1,28.35,7.89,7.97,2.79,3,3,0,0,29.1,33.9,24.1,0.73,3,6.736842105,1.315789474,8.173256883,0.4183251785,0.00136554571,No,No,High,Safe,At Risk
2024-03-05 20:00:00,March,286.5,96.3,1,28.35,7.89,7.97,2.79,3,3,0,0,29.1,33.9,24.1,0.73,3,6.789473684,1.052631579,8.174751339,0.4213072469,0.00008894147897,Yes,No,High,Safe,At Risk
2024-03-05 21:00:00,March,286.5,96.3,1,28.35,7.89,7.97,2.79,3,3,0,0,29.1,33.9,24.1,0.73,3,6.842105263,0.7894736842,8.176245795,0.4242893153,-0.001187662753,No,No,High,Safe,At Risk
2024-03-05 22:00:00,March,286.5,96.3,1,28.35,7.89,7.97,2.79,3,3,0,0,29.1,33.9,24.1,0.73,3,6.894736842,0.5263157895,8.177740252,0.4272713838,-0.002464266984,Yes,No,High,Safe,At Risk
2024-03-05 23:00:00,March,286.5,96.3,1,28.35,7.89,7.97,2.79,3,3,0,0,29.1,33.9,24.1,0.73,3,6.947368421,0.2631578947,8.179234708,0.4302534522,-0.003740871216,No,No,High,Safe,At Risk
2024-03-06 00:00:00,March,286.5,96.3,1,28.35,7.89,7.97,2.79,3,3,0,0,29.1,33.9,24.1,0.73,3,7,0,8.180729164,0.4332355206,-0.005017475447,Yes,No,High,Safe,At Risk
2024-03-06 01:00:00,March,286.5,96.3,1,28.35,7.89,7.97,2.79,3,3,0,0,29.1,33.9,24.1,0.73,3,7,1,7.79423049,0.9786674046,-0.004719724127,No,No,High,Safe,At Risk
2024-03-06 02:00:00,March,286.5,96.3,1,28.35,7.89,7.97,2.79,3,3,1,0,29.1,33.9,24.1,0.73,3,7,2,8.277425537,0.3314447882,0.4092721653,Yes,No,High,Safe,At Risk
2024-03-06 03:00:00,March,286.5,96.3,1,28.35,7.89,7.97,2.79,3,3,0,0,29.1,33.9,24.1,0.73,3,7,3,8.150902361,0.2806583809,0.8417148489,No,No,High,Safe,At Risk
2024-03-06 04:00:00,March,286.5,96.3,1,28.35,7.89,7.97,2.79,3,3,0,0,29.1,33.9,24.1,0.73,3,7,4,8.108484966,0.2169064874,0.9545054388,Yes,No,High,Safe,At Risk
2024-03-06 05:00:00,March,286.5,96.3,1,28.35,7.89,7.97,2.79,3,3,0,0,29.1,33.9,24.1,0.73,3,7,5,8.254354688,0.9644176824,-0.03739351411,No,No,High,Safe,At Risk
2024-03-06 06:00:00,March,286.5,96.3,1,28.35,7.89,7.97,2.79,3,3,0,0,29.1,33.9,24.1,0.73,3,7.052631579,4.736842105,8.219823133,0.9651971164,-0.03487821772,Yes,No,High,Safe,At Risk
2024-03-06 07:00:00,March,286.5,96.3,1,28.35,7.89,7.97,2.79,3,3,0,0,29.1,33.9,24.1,0.73,3,7.105263158,4.473684211,8.185291578,0.9659765505,-0.03236292133,No,No,High,Safe,At Risk
2024-03-06 08:00:00,March,286.5,96.3,1,28.35,7.89,7.97,2.79,3,3,1,0,29.1,33.9,24.1,0.73,3,7.157894737,4.210526316,8.150760022,0.9667559845,-0.02984762493,Yes,No,High,Safe,At Risk
2024-03-06 09:00:00,March,286.5,96.3,1,28.35,7.89,7.97,2.79,3,3,0,0,29.1,33.9,24.1,0.73,3,7.210526316,3.947368421,8.116228467,0.9675354185,-0.02733232854,No,No,High,Safe,At Risk
2024-03-06 10:00:00,March,286.5,96.3,1,28.35,7.89,7.97,2.79,3,3,0,0,29.1,33.9,24.1,0.73,3,7.263157895,3.684210526,8.081696912,0.9683148526,-0.02481703214,Yes,No,High,Safe,At Risk
2024-03-06 11:00:00,March,286.5,96.3,1,28.35,7.89,7.97,2.79,3,3,0,0,29.1,33.9,24.1,0.73,3,7.315789474,3.421052632,8.047165356,0.9690942866,-0.02230173575,No,No,High,Safe,At Risk
2024-03-06 12:00:00,March,286.5,96.3,1,28.35,7.89,7.97,2.79,3,3,0,0,29.1,33.9,24.1,0.73,3,7.368421053,3.157894737,8.012633801,0.9698737206,-0.01978643936,Yes,No,High,Safe,At Risk
2024-03-06 13:00:00,March,286.5,96.3,1,28.35,7.89,7.97,2.79,3,3,1,0,29.1,33.9,24.1,0.73,3,7.421052632,2.894736842,7.978102246,0.9706531547,-0.01727114296,No,No,High,Safe,At Risk
2024-03-06 14:00:00,March,286.5,96.3,1,28.35,7.89,7.97,2.79,3,3,1,0,29.1,33.9,24.1,0.73,3,7.473684211,2.631578947,7.943570691,0.9714325887,-0.01475584657,Yes,No,High,Safe,At Risk
2024-03-06 15:00:00,March,286.5,96.3,1,28.35,7.89,7.97,2.79,3,3,0,0,29.1,33.9,24.1,0.73,3,7.526315789,2.368421053,7.909039135,0.9722120228,-0.01224055018,No,No,High,Safe,At Risk
2024-03-06 16:00:00,March,286.5,96.3,1,28.35,7.89,7.97,2.79,3,3,1,0,29.1,33.9,24.1,0.73,3,7.578947368,2.105263158,7.87450758,0.9729914568,-0.009725253781,Yes,No,High,Safe,At Risk
2024-03-06 17:00:00,March,286.5,96.3,1,28.35,7.89,7.97,2.79,3,3,1,0,29.1,33.9,24.1,0.73,3,7.631578947,1.842105263,7.839976025,0.9737708908,-0.007209957388,No,No,High,Safe,At Risk
2024-03-06 18:00:00,March,286.5,96.3,1,28.35,7.89,7.97,2.79,3,3,0,0,29.1,33.9,24.1,0.73,3,7.684210526,1.578947368,7.805444469,0.9745503249,-0.004694660994,Yes,No,High,Safe,At Risk
2024-03-06 19:00:00,March,286.5,96.3,1,28.35,7.89,7.97,2.79,3,3,0,0,29.1,33.9,24.1,0.73,3,7.736842105,1.315789474,7.770912914,0.9753297589,-0.0021793646,No,No,High,Safe,At Risk
2024-03-06 20:00:00,March,286.5,96.3,1,28.35,7.89,7.97,2.79,3,3,0,0,29.1,33.9,24.1,0.73,3,7.789473684,1.052631579,7.736381359,0.9761091929,0.0003359317938,Yes,No,High,Safe,At Risk
2024-03-06 21:00:00,March,286.5,96.3,1,28.35,7.89,7.97,2.79,3,3,0,0,29.1,33.9,24.1,0.73,3,7.842105263,0.7894736842,7.701849803,0.976888627,0.002851228188,No,No,High,Safe,At Risk
2024-03-06 22:00:00,March,286.5,96.3,1,28.35,7.89,7.97,2.79,3,3,0,0,29.1,33.9,24.1,0.73,3,7.894736842,0.5263157895,7.667318248,0.977668061,0.005366524581,Yes,No,High,Safe,At Risk
2024-03-06 23:00:00,March,286.5,96.3,1,28.35,7.89,7.97,2.79,3,3,1,0,29.1,33.9,24.1,0.73,3,7.947368421,0.2631578947,7.632786693,0.978447495,0.007881820975,No,No,High,Safe,At Risk
2024-03-07 00:00:00,March,286.5,96.3,1,28.35,7.89,7.97,2.79,3,3,0,0,29.1,33.9,24.1,0.73,3,8,0,7.598255137,0.9792269291,0.01039711737,Yes,No,High,Safe,At Risk
2024-03-07 01:00:00,March,286.5,96.3,1,28.35,7.89,7.97,2.79,3,3,0,0,29.1,33.9,24.1,0.73,3,8,1,8.088796095,0.3083670031,0.1244531384,No,No,High,Safe,At Risk
2024-03-07 02:00:00,March,286.5,96.3,1,28.35,7.89,7.97,2.79,3,3,0,0,29.1,33.9,24.1,0.73,3,8,2,8.056521857,0.9824332674,0.006843869794,Yes,No,High,Safe,At Risk
2024-03-07 03:00:00,March,286.5,96.3,1,28.35,7.89,7.97,2.79,3,3,0,0,29.1,33.9,24.1,0.73,3,8,3,8.170429407,0.3070506982,0.8833902132,No,No,High,Safe,At Risk
2024-03-07 04:00:00,March,286.5,96.3,1,28.35,7.89,7.97,2.79,3,3,0,0,29.1,33.9,24.1,0.73,3,8,4,8.275076533,0.9686403599,-0.02896573647,Yes,No,High,Safe,At Risk
2024-03-07 05:00:00,March,286.5,96.3,1,28.35,7.89,7.97,2.79,3,3,1,0,29.1,33.9,24.1,0.73,3,8,5,8.213479193,0.3913798411,0.009160562066,No,No,High,Safe,At Risk
2024-03-07 06:00:00,March,286.5,96.3,1,28.35,7.89,7.97,2.79,3,3,0,0,29.1,33.9,24.1,0.73,3,8.052631579,4.736842105,8.210366981,0.3897499806,0.007562462194,Yes,No,High,Safe,At Risk
2024-03-07 07:00:00,March,286.5,96.3,1,28.35,7.89,7.97,2.79,3,3,0,0,29.1,33.9,24.1,0.73,3,8.105263158,4.473684211,8.207254768,0.3881201201,0.005964362322,No,No,High,Safe,At Risk
2024-03-07 08:00:00,March,286.5,96.3,1,28.35,7.89,7.97,2.79,3,3,0,0,29.1,33.9,24.1,0.73,3,8.157894737,4.210526316,8.204142556,0.3864902595,0.00436626245,Yes,No,High,Safe,At Risk
2024-03-07 09:00:00,March,286.5,96.3,1,28.35,7.89,7.97,2.79,3,3,1,0,29.1,33.9,24.1,0.73,3,8.210526316,3.947368421,8.201030344,0.384860399,0.002768162578,No,No,High,Safe,At Risk
2024-03-07 10:00:00,March,286.5,96.3,1,28.35,7.89,7.97,2.79,3,3,0,0,29.1,33.9,24.1,0.73,3,8.263157895,3.684210526,8.197918132,0.3832305385,0.001170062705,Yes,No,High,Safe,At Risk
2024-03-07 11:00:00,March,286.5,96.3,1,28.35,7.89,7.97,2.79,3,3,0,0,29.1,33.9,24.1,0.73,3,8.315789474,3.421052632,8.19480592,0.3816006779,-0.0004280371668,No,No,High,Safe,At Risk
2024-03-07 12:00:00,March,286.5,96.3,1,28.35,7.89,7.97,2.79,3,3,0,0,29.1,33.9,24.1,0.73,3,8.368421053,3.157894737,8.191693708,0.3799708174,-0.002026137039,Yes,No,High,Safe,At Risk
2024-03-07 13:00:00,March,286.5,96.3,1,28.35,7.89,7.97,2.79,3,3,0,0,29.1,33.9,24.1,0.73,3,8.421052632,2.894736842,8.188581496,0.3783409569,-0.003624236911,No,No,High,Safe,At Risk
2024-03-07 14:00:00,March,286.5,96.3,1,28.35,7.89,7.97,2.79,3,3,0,0,29.1,33.9,24.1,0.73,3,8.473684211,2.631578947,8.185469283,0.3767110964,-0.005222336783,Yes,No,High,Safe,At Risk
2024-03-07 15:00:00,March,286.5,96.3,1,28.35,7.89,7.97,2.79,3,3,0,0,29.1,33.9,24.1,0.73,3,8.526315789,2.368421053,8.182357071,0.3750812358,-0.006820436656,No,No,High,Safe,At Risk
2024-03-07 16:00:00,March,286.5,96.3,1,28.35,7.89,7.97,2.79,3,3,1,0,29.1,33.9,24.1,0.73,3,8.578947368,2.105263158,8.179244859,0.3734513753,-0.008418536528,Yes,No,High,Safe,At Risk
2024-03-07 17:00:00,March,286.5,96.3,1,28.35,7.89,7.97,2.79,3,3,0,0,29.1,33.9,24.1,0.73,3,8.631578947,1.842105263,8.176132647,0.3718215148,-0.0100166364,No,No,High,Safe,At Risk
2024-03-07 18:00:00,March,286.5,96.3,1,28.35,7.89,7.97,2.79,3,3,0,0,29.1,33.9,24.1,0.73,3,8.684210526,1.578947368,8.173020435,0.3701916542,-0.01161473627,Yes,No,High,Safe,At Risk
2024-03-07 19:00:00,March,286.5,96.3,1,28.35,7.89,7.97,2.79,3,3,0,0,29.1,33.9,24.1,0.73,3,8.736842105,1.315789474,8.169908223,0.3685617937,-0.01321283614,No,No,High,Safe,At Risk
2024-03-07 20:00:00,March,286.5,96.3,1,28.35,7.89,7.97,2.79,3,3,0,0,29.1,33.9,24.1,0.73,3,8.789473684,1.052631579,8.166796011,0.3669319332,-0.01481093602,Yes,No,High,Safe,At Risk
2024-03-07 21:00:00,March,286.5,96.3,1,28.35,7.89,7.97,2.79,3,3,0,0,29.1,33.9,24.1,0.73,3,8.842105263,0.7894736842,8.163683798,0.3653020726,-0.01640903589,No,No,High,Safe,At Risk
2024-03-07 22:00:00,March,286.5,96.3,1,28.35,7.89,7.97,2.79,3,3,0,0,29.1,33.9,24.1,0.73,3,8.894736842,0.5263157895,8.160571586,0.3636722121,-0.01800713576,Yes,No,High,Safe,At Risk
2024-03-07 23:00:00,March,286.5,96.3,1,28.35,7.89,7.97,2.79,3,3,1,0,29.1,33.9,24.1,0.73,3,8.947368421,0.2631578947,8.157459374,0.3620423516,-0.01960523563,No,No,High,Safe,At Risk
2024-03-08 00:00:00,March,286.5,96.3,1,28.35,7.89,7.97,2.79,3,3,0,0,29.1,33.9,24.1,0.73,3,9,0,8.154347162,0.360412491,-0.02120333551,Yes,No,High,Safe,At Risk
2024-03-08 01:00:00,March,286.5,96.3,1,28.35,7.89,7.97,2.79,3,3,0,1,29.1,33.9,24.1,0.73,3,9,1,7.785324735,0.9906639239,0.03356028699,No,No,High,Safe,At Risk
2024-03-08 02:00:00,March,286.5,96.3,1,28.35,7.89,7.97,2.79,3,3,0,0,29.1,33.9,24.1,0.73,3,9,2,7.962178499,0.3692447554,0.420919386,Yes,No,High,Safe,At Risk
2024-03-08 03:00:00,March,286.5,96.3,1,28.35,7.89,7.97,2.79,3,3,0,1,29.1,33.9,24.1,0.73,3,9,3,8.31709968,0.3700944494,0.8074099462,No,No,High,Safe,At Risk
2024-03-08 04:00:00,March,286.5,96.3,1,28.35,7.89,7.97,2.79,3,3,0,0,29.1,33.9,24.1,0.73,3,9,4,8.530263344,0.2550402471,0.8670750705,Yes,No,High,Safe,At Risk
2024-03-08 05:00:00,March,286.5,96.3,1,28.35,7.89,7.97,2.79,3,3,0,0,29.1,33.9,24.1,0.73,3,9,5,8.134877448,0.3846102736,-0.00452331432,No,No,High,Safe,At Risk
2024-03-08 06:00:00,March,286.5,96.3,1,28.35,7.89,7.97,2.79,3,3,0,0,29.1,33.9,24.1,0.73,3,9.052631579,4.736842105,8.102851048,0.4160835311,-0.00401737617,Yes,No,High,Safe,At Risk
2024-03-08 07:00:00,March,286.5,96.3,1,28.35,7.89,7.97,2.79,3,3,0,0,29.1,33.9,24.1,0.73,3,9.105263158,4.473684211,8.070824649,0.4475567887,-0.00351143802,No,No,High,Safe,At Risk
2024-03-08 08:00:00,March,286.5,96.3,1,28.35,7.89,7.97,2.79,3,3,0,0,29.1,33.9,24.1,0.73,3,9.157894737,4.210526316,8.038798249,0.4790300462,-0.00300549987,Yes,No,High,Safe,At Risk
2024-03-08 09:00:00,March,286.5,96.3,1,28.35,7.89,7.97,2.79,3,3,0,0,29.1,33.9,24.1,0.73,3,9.210526316,3.947368421,8.00677185,0.5105033038,-0.002499561719,No,No,High,Safe,At Risk
2024-03-08 10:00:00,March,286.5,96.3,1,28.35,7.89,7.97,2.79,3,3,0,1,29.1,33.9,24.1,0.73,3,9.263157895,3.684210526,7.974745451,0.5419765614,-0.001993623569,Yes,No,High,Safe,At Risk
2024-03-08 11:00:00,March,286.5,96.3,1,28.35,7.89,7.97,2.79,3,3,0,0,29.1,33.9,24.1,0.73,3,9.315789474,3.421052632,7.942719051,0.5734498189,-0.001487685419,No,No,High,Safe,At Risk
2024-03-08 12:00:00,March,286.5,96.3,1,28.35,7.89,7.97,2.79,3,3,0,0,29.1,33.9,24.1,0.73,3,9.368421053,3.157894737,7.910692652,0.6049230765,-0.0009817472687,Yes,No,High,Safe,At Risk
2024-03-08 13:00:00,March,286.5,96.3,1,28.35,7.89,7.97,2.79,3,3,0,0,29.1,33.9,24.1,0.73,3,9.421052632,2.894736842,7.878666252,0.636396334,-0.0004758091185,No,No,High,Safe,At Risk
2024-03-08 14:00:00,March,286.5,96.3,1,28.35,7.89,7.97,2.79,3,3,0,1,29.1,33.9,24.1,0.73,3,9.473684211,2.631578947,7.846639853,0.6678695916,0.0000301290317,Yes,No,High,Safe,At Risk
2024-03-08 15:00:00,March,286.5,96.3,1,28.35,7.89,7.97,2.79,3,3,0,0,29.1,33.9,24.1,0.73,3,9.526315789,2.368421053,7.814613453,0.6993428491,0.0005360671819,No,No,High,Safe,At Risk
2024-03-08 16:00:00,March,286.5,96.3,1,28.35,7.89,7.97,2.79,3,3,0,0,29.1,33.9,24.1,0.73,3,9.578947368,2.105263158,7.782587054,0.7308161067,0.001042005332,Yes,No,High,Safe,At Risk
2024-03-08 17:00:00,March,286.5,96.3,1,28.35,7.89,7.97,2.79,3,3,0,0,29.1,33.9,24.1,0.73,3,9.631578947,1.842105263,7.750560654,0.7622893643,0.001547943482,No,No,High,Safe,At Risk
2024-03-08 18:00:00,March,286.5,96.3,1,28.35,7.89,7.97,2.79,3,3,0,0,29.1,33.9,24.1,0.73,3,9.684210526,1.578947368,7.718534255,0.7937626218,0.002053881633,Yes,No,High,Safe,At Risk
2024-03-08 19:00:00,March,286.5,96.3,1,28.35,7.89,7.97,2.79,3,3,0,1,29.1,33.9,24.1,0.73,3,9.736842105,1.315789474,7.686507855,0.8252358794,0.002559819783,No,No,High,Safe,At Risk
2024-03-08 20:00:00,March,286.5,96.3,1,28.35,7.89,7.97,2.79,3,3,0,0,29.1,33.9,24.1,0.73,3,9.789473684,1.052631579,7.654481456,0.8567091369,0.003065757933,Yes,No,High,Safe,At Risk
2024-03-08 21:00:00,March,286.5,96.3,1,28.35,7.89,7.97,2.79,3,3,0,0,29.1,33.9,24.1,0.73,3,9.842105263,0.7894736842,7.622455056,0.8881823945,0.003571696083,No,No,High,Safe,At Risk
2024-03-08 22:00:00,March,286.5,96.3,1,28.35,7.89,7.97,2.79,3,3,0,0,29.1,33.9,24.1,0.73,3,9.894736842,0.5263157895,7.590428657,0.9196556521,0.004077634233,Yes,No,High,Safe,At Risk
2024-03-08 23:00:00,March,286.5,96.3,1,28.35,7.89,7.97,2.79,3,3,0,0,29.1,33.9,24.1,0.73,3,9.947368421,0.2631578947,7.558402258,0.9511289096,0.004583572384,No,No,High,Safe,At Risk
2024-03-09 00:00:00,March,286.5,96.3,1,28.35,7.89,7.97,2.79,3,3,1,0,29.1,33.9,24.1,0.73,3,10,0,7.526375858,0.9826021672,0.005089510534,Yes,No,High,Safe,At Risk
2024-03-09 01:00:00,March,286.5,96.3,1,28.35,7.89,7.97,2.79,3,3,0,0,29.1,33.9,24.1,0.73,3,10,1,8.110732581,0.3781211921,0.1157099701,No,No,High,Safe,At Risk
2024-03-09 02:00:00,March,286.5,96.3,1,28.35,7.89,7.97,2.79,3,3,0,0,29.1,33.9,24.1,0.73,3,10,2,8.074159346,0.3016578438,0.4273902302,Yes,No,High,Safe,At Risk
2024-03-09 03:00:00,March,286.5,96.3,1,28.35,7.89,7.97,2.79,3,3,0,0,29.1,33.9,24.1,0.73,3,10,3,8.472860243,0.5515456232,0.02942894038,No,No,High,Safe,At Risk
2024-03-09 04:00:00,March,286.5,96.3,1,28.35,7.89,7.97,2.79,3,3,0,0,29.1,33.9,24.1,0.73,3,10,4,8.435351888,0.3294692806,0.8583184529,Yes,No,High,Safe,At Risk
2024-03-09 05:00:00,March,286.5,96.3,1,28.35,7.89,7.97,2.79,3,3,0,0,29.1,33.9,24.1,0.73,3,10,5,8.540799665,0.3574254413,0.001889549465,No,No,High,Safe,At Risk
2024-03-09 06:00:00,March,286.5,96.3,1,28.35,7.89,7.97,2.79,3,3,1,0,29.1,33.9,24.1,0.73,3,10.05263158,4.736842105,8.502292904,0.3880103576,0.001305695435,Yes,No,High,Safe,At Risk
2024-03-09 07:00:00,March,286.5,96.3,1,28.35,7.89,7.97,2.79,3,3,0,0,29.1,33.9,24.1,0.73,3,10.10526316,4.473684211,8.463786143,0.4185952739,0.0007218414039,No,No,High,Safe,At Risk
2024-03-09 08:00:00,March,286.5,96.3,1,28.35,7.89,7.97,2.79,3,3,0,0,29.1,33.9,24.1,0.73,3,10.15789474,4.210526316,8.425279383,0.4491801901,0.0001379873732,Yes,No,High,Safe,At Risk
2024-03-09 09:00:00,March,286.5,96.3,1,28.35,7.89,7.97,2.79,3,3,1,0,29.1,33.9,24.1,0.73,3,10.21052632,3.947368421,8.386772622,0.4797651064,-0.0004458666574,No,No,High,Safe,At Risk
2024-03-09 10:00:00,March,286.5,96.3,1,28.35,7.89,7.97,2.79,3,3,0,0,29.1,33.9,24.1,0.73,3,10.26315789,3.684210526,8.348265861,0.5103500226,-0.001029720688,Yes,No,High,Safe,At Risk
2024-03-09 11:00:00,March,286.5,96.3,1,28.35,7.89,7.97,2.79,3,3,0,0,29.1,33.9,24.1,0.73,3,10.31578947,3.421052632,8.3097591,0.5409349389,-0.001613574719,No,No,High,Safe,At Risk
2024-03-09 12:00:00,March,286.5,96.3,1,28.35,7.89,7.97,2.79,3,3,0,1,29.1,33.9,24.1,0.73,3,10.36842105,3.157894737,8.27125234,0.5715198552,-0.002197428749,Yes,No,High,Safe,At Risk
2024-03-09 13:00:00,March,286.5,96.3,1,28.35,7.89,7.97,2.79,3,3,0,0,29.1,33.9,24.1,0.73,3,10.42105263,2.894736842,8.232745579,0.6021047714,-0.00278128278,No,No,High,Safe,At Risk
2024-03-09 14:00:00,March,286.5,96.3,1,28.35,7.89,7.97,2.79,3,3,0,0,29.1,33.9,24.1,0.73,3,10.47368421,2.631578947,8.194238818,0.6326896877,-0.003365136811,Yes,No,High,Safe,At Risk
2024-03-09 15:00:00,March,286.5,96.3,1,28.35,7.89,7.97,2.79,3,3,0,0,29.1,33.9,24.1,0.73,3,10.52631579,2.368421053,8.155732057,0.663274604,-0.003948990841,No,No,High,Safe,At Risk
2024-03-09 16:00:00,March,286.5,96.3,1,28.35,7.89,7.97,2.79,3,3,0,0,29.1,33.9,24.1,0.73,3,10.57894737,2.105263158,8.117225297,0.6938595202,-0.004532844872,Yes,No,High,Safe,At Risk
2024-03-09 17:00:00,March,286.5,96.3,1,28.35,7.89,7.97,2.79,3,3,0,0,29.1,33.9,24.1,0.73,3,10.63157895,1.842105263,8.078718536,0.7244444365,-0.005116698902,No,No,High,Safe,At Risk
2024-03-09 18:00:00,March,286.5,96.3,1,28.35,7.89,7.97,2.79,3,3,0,0,29.1,33.9,24.1,0.73,3,10.68421053,1.578947368,8.040211775,0.7550293528,-0.005700552933,Yes,No,High,Safe,At Risk
2024-03-09 19:00:00,March,286.5,96.3,1,28.35,7.89,7.97,2.79,3,3,1,0,29.1,33.9,24.1,0.73,3,10.73684211,1.315789474,8.001705014,0.785614269,-0.006284406964,No,No,High,Safe,At Risk
2024-03-09 20:00:00,March,286.5,96.3,1,28.35,7.89,7.97,2.79,3,3,0,0,29.1,33.9,24.1,0.73,3,10.78947368,1.052631579,7.963198254,0.8161991853,-0.006868260994,Yes,No,High,Safe,At Risk
2024-03-09 21:00:00,March,286.5,96.3,1,28.35,7.89,7.97,2.79,3,3,0,0,29.1,33.9,24.1,0.73,3,10.84210526,0.7894736842,7.924691493,0.8467841015,-0.007452115025,No,No,High,Safe,At Risk
2024-03-09 22:00:00,March,286.5,96.3,1,28.35,7.89,7.97,2.79,3,3,0,0,29.1,33.9,24.1,0.73,3,10.89473684,0.5263157895,7.886184732,0.8773690178,-0.008035969056,Yes,No,High,Safe,At Risk
2024-03-09 23:00:00,March,286.5,96.3,1,28.35,7.89,7.97,2.79,3,3,0,0,29.1,33.9,24.1,0.73,3,10.94736842,0.2631578947,7.847677971,0.9079539341,-0.008619823086,No,No,High,Safe,At Risk
2024-03-10 00:00:00,March,286.5,96.3,1,28.35,7.89,7.97,2.79,3,3,0,0,29.1,33.9,24.1,0.73,3,11,0,7.809171211,0.9385388503,-0.009203677117,Yes,No,High,Safe,At Risk
2024-03-10 01:00:00,March,286.5,96.3,1,28.35,7.89,7.97,2.79,3,3,0,0,29.1,33.9,24.1,0.73,3,11,1,8.262744055,0.336803499,0.1235679871,No,No,High,Safe,At Risk
2024-03-10 02:00:00,March,286.5,96.3,1,28.35,7.89,7.97,2.79,3,3,0,0,29.1,33.9,24.1,0.73,3,11,2,8.004803353,0.3509587118,0.4340639932,Yes,No,High,Safe,At Risk
2024-03-10 03:00:00,March,286.5,96.3,1,28.35,7.89,7.97,2.79,3,3,1,0,29.1,33.9,24.1,0.73,3,11,3,8.29174964,0.3110148971,0.8910419827,No,No,High,Safe,At Risk
2024-03-10 04:00:00,March,286.5,96.3,1,28.35,7.89,7.97,2.79,3,3,0,0,29.1,33.9,24.1,0.73,3,11,4,8.094117514,0.302676022,0.8234196966,Yes,No,High,Safe,At Risk
2024-03-10 05:00:00,March,286.5,96.3,1,28.35,7.89,7.97,2.79,3,3,0,0,29.1,33.9,24.1,0.73,3,11,5,8.173633682,0.3552680547,0.02761551224,No,No,High,Safe,At Risk
2024-03-10 06:00:00,March,286.5,96.3,1,28.35,7.89,7.97,2.79,3,3,1,0,29.1,33.9,24.1,0.73,3,11.05263158,4.736842105,8.166147716,0.3574928399,0.02760474488,Yes,No,High,Safe,At Risk
2024-03-10 07:00:00,March,286.5,96.3,1,28.35,7.89,7.97,2.79,3,3,0,0,29.1,33.9,24.1,0.73,3,11.10526316,4.473684211,8.158661751,0.359717625,0.02759397752,No,No,High,Safe,At Risk
2024-03-10 08:00:00,March,286.5,96.3,1,28.35,7.89,7.97,2.79,3,3,0,1,29.1,33.9,24.1,0.73,3,11.15789474,4.210526316,8.151175785,0.3619424102,0.02758321015,Yes,No,High,Safe,At Risk
2024-03-10 09:00:00,March,286.5,96.3,1,28.35,7.89,7.97,2.79,3,3,0,0,29.1,33.9,24.1,0.73,3,11.21052632,3.947368421,8.14368982,0.3641671953,0.02757244279,No,No,High,Safe,At Risk
2024-03-10 10:00:00,March,286.5,96.3,1,28.35,7.89,7.97,2.79,3,3,0,0,29.1,33.9,24.1,0.73,3,11.26315789,3.684210526,8.136203854,0.3663919804,0.02756167543,Yes,No,High,Safe,At Risk
2024-03-10 11:00:00,March,286.5,96.3,1,28.35,7.89,7.97,2.79,3,3,0,0,29.1,33.9,24.1,0.73,3,11.31578947,3.421052632,8.128717889,0.3686167656,0.02755090807,No,No,High,Safe,At Risk
2024-03-10 12:00:00,March,286.5,96.3,1,28.35,7.89,7.97,2.79,3,3,0,0,29.1,33.9,24.1,0.73,3,11.36842105,3.157894737,8.121231923,0.3708415507,0.02754014071,Yes,No,High,Safe,At Risk
2024-03-10 13:00:00,March,286.5,96.3,1,28.35,7.89,7.97,2.79,3,3,0,0,29.1,33.9,24.1,0.73,3,11.42105263,2.894736842,8.113745958,0.3730663359,0.02752937335,No,No,High,Safe,At Risk
2024-03-10 14:00:00,March,286.5,96.3,1,28.35,7.89,7.97,2.79,3,3,0,0,29.1,33.9,24.1,0.73,3,11.47368421,2.631578947,8.106259992,0.375291121,0.02751860599,Yes,No,High,Safe,At Risk
2024-03-10 15:00:00,March,286.5,96.3,1,28.35,7.89,7.97,2.79,3,3,0,0,29.1,33.9,24.1,0.73,3,11.52631579,2.368421053,8.098774027,0.3775159062,0.02750783863,No,No,High,Safe,At Risk
2024-03-10 16:00:00,March,286.5,96.3,1,28.35,7.89,7.97,2.79,3,3,0,0,29.1,33.9,24.1,0.73,3,11.57894737,2.105263158,8.091288061,0.3797406913,0.02749707127,Yes,No,High,Safe,At Risk
2024-03-10 17:00:00,March,286.5,96.3,1,28.35,7.89,7.97,2.79,3,3,0,0,29.1,33.9,24.1,0.73,3,11.63157895,1.842105263,8.083802096,0.3819654765,0.02748630391,No,No,High,Safe,At Risk
2024-03-10 18:00:00,March,286.5,96.3,1,28.35,7.89,7.97,2.79,3,3,0,0,29.1,33.9,24.1,0.73,3,11.68421053,1.578947368,8.07631613,0.3841902616,0.02747553655,Yes,No,High,Safe,At Risk
2024-03-10 19:00:00,March,286.5,96.3,1,28.35,7.89,7.97,2.79,3,3,0,0,29.1,33.9,24.1,0.73,3,11.73684211,1.315789474,8.068830165,0.3864150467,0.02746476919,No,No,High,Safe,At Risk
2024-03-10 20:00:00,March,286.5,96.3,1,28.35,7.89,7.97,2.79,3,3,0,0,29.1,33.9,24.1,0.73,3,11.78947368,1.052631579,8.061344199,0.3886398319,0.02745400183,Yes,No,High,Safe,At Risk
2024-03-10 21:00:00,March,286.5,96.3,1,28.35,7.89,7.97,2.79,3,3,1,0,29.1,33.9,24.1,0.73,3,11.84210526,0.7894736842,8.053858234,0.390864617,0.02744323447,No,No,High,Safe,At Risk
2024-03-10 22:00:00,March,286.5,96.3,1,28.35,7.89,7.97,2.79,3,3,0,0,29.1,33.9,24.1,0.73,3,11.89473684,0.5263157895,8.046372268,0.3930894022,0.02743246711,Yes,No,High,Safe,At Risk
2024-03-10 23:00:00,March,286.5,96.3,1,28.35,7.89,7.97,2.79,3,3,0,0,29.1,33.9,24.1,0.73,3,11.94736842,0.2631578947,8.038886303,0.3953141873,0.02742169975,No,No,High,Safe,At Risk
2024-03-11 00:00:00,March,286.5,96.3,1,28.35,7.89,7.97,2.79,3,3,0,0,29.1,33.9,24.1,0.73,3,12,0,8.031400337,0.3975389725,0.02741093239,Yes,No,High,Safe,At Risk
2024-03-11 01:00:00,March,286.5,96.3,1,28.35,7.89,7.97,2.79,3,3,0,0,29.1,33.9,24.1,0.73,3,12,1,7.969533124,0.9356846459,-0.007750488175,No,No,High,Safe,At Risk
2024-03-11 02:00:00,March,286.5,96.3,1,28.35,7.89,7.97,2.79,3,3,0,0,29.1,33.9,24.1,0.73,3,12,2,7.700505973,1.018258086,-0.001619838853,Yes,No,High,Safe,At Risk
2024-03-11 03:00:00,March,286.5,96.3,1,28.35,7.89,7.97,2.79,3,3,0,0,29.1,33.9,24.1,0.73,3,12,3,8.036184766,0.1794774643,0.8864254551,No,No,High,Safe,At Risk
2024-03-11 04:00:00,March,286.5,96.3,1,28.35,7.89,7.97,2.79,3,3,0,0,29.1,33.9,24.1,0.73,3,12,4,7.899961183,0.2635116841,0.9566120459,Yes,No,High,Safe,At Risk
2024-03-11 05:00:00,March,286.5,96.3,1,28.35,7.89,7.97,2.79,3,3,0,0,29.1,33.9,24.1,0.73,3,12,5,8.049770847,0.4130040242,0.03481194476,No,No,High,Safe,At Risk
2024-03-11 06:00:00,March,286.5,96.3,1,28.35,7.89,7.97,2.79,3,3,0,0,29.1,33.9,24.1,0.73,3,12.05263158,4.736842105,8.068842043,0.4129727054,0.03403272223,Yes,No,High,Safe,At Risk
2024-03-11 07:00:00,March,286.5,96.3,1,28.35,7.89,7.97,2.79,3,3,0,0,29.1,33.9,24.1,0.73,3,12.10526316,4.473684211,8.08791324,0.4129413866,0.0332534997,No,No,High,Safe,At Risk
2024-03-11 08:00:00,March,286.5,96.3,1,28.35,7.89,7.97,2.79,3,3,0,0,29.1,33.9,24.1,0.73,3,12.15789474,4.210526316,8.106984436,0.4129100679,0.03247427716,Yes,No,High,Safe,At Risk
2024-03-11 09:00:00,March,286.5,96.3,1,28.35,7.89,7.97,2.79,3,3,1,0,29.1,33.9,24.1,0.73,3,12.21052632,3.947368421,8.126055632,0.4128787491,0.03169505463,No,No,High,Safe,At Risk
2024-03-11 10:00:00,March,286.5,96.3,1,28.35,7.89,7.97,2.79,3,3,0,1,29.1,33.9,24.1,0.73,3,12.26315789,3.684210526,8.145126829,0.4128474304,0.0309158321,Yes,No,High,Safe,At Risk
2024-03-11 11:00:00,March,286.5,96.3,1,28.35,7.89,7.97,2.79,3,3,1,0,29.1,33.9,24.1,0.73,3,12.31578947,3.421052632,8.164198025,0.4128161116,0.03013660956,No,No,High,Safe,At Risk
2024-03-11 12:00:00,March,286.5,96.3,1,28.35,7.89,7.97,2.79,3,3,0,0,29.1,33.9,24.1,0.73,3,12.36842105,3.157894737,8.183269222,0.4127847928,0.02935738703,Yes,No,High,Safe,At Risk
2024-03-11 13:00:00,March,286.5,96.3,1,28.35,7.89,7.97,2.79,3,3,0,0,29.1,33.9,24.1,0.73,3,12.42105263,2.894736842,8.202340418,0.4127534741,0.02857816449,No,No,High,Safe,At Risk
2024-03-11 14:00:00,March,286.5,96.3,1,28.35,7.89,7.97,2.79,3,3,0,0,29.1,33.9,24.1,0.73,3,12.47368421,2.631578947,8.221411614,0.4127221553,0.02779894196,Yes,No,High,Safe,At Risk
2024-03-11 15:00:00,March,286.5,96.3,1,28.35,7.89,7.97,2.79,3,3,1,0,29.1,33.9,24.1,0.73,3,12.52631579,2.368421053,8.240482811,0.4126908366,0.02701971943,No,No,High,Safe,At Risk
2024-03-11 16:00:00,March,286.5,96.3,1,28.35,7.89,7.97,2.79,3,3,0,1,29.1,33.9,24.1,0.73,3,12.57894737,2.105263158,8.259554007,0.4126595178,0.02624049689,Yes,No,High,Safe,At Risk
2024-03-11 17:00:00,March,286.5,96.3,1,28.35,7.89,7.97,2.79,3,3,0,0,29.1,33.9,24.1,0.73,3,12.63157895,1.842105263,8.278625204,0.4126281991,0.02546127436,No,No,High,Safe,At Risk
2024-03-11 18:00:00,March,286.5,96.3,1,28.35,7.89,7.97,2.79,3,3,1,0,29.1,33.9,24.1,0.73,3,12.68421053,1.578947368,8.2976964,0.4125968803,0.02468205183,Yes,No,High,Safe,At Risk
2024-03-11 19:00:00,March,286.5,96.3,1,28.35,7.89,7.97,2.79,3,3,0,0,29.1,33.9,24.1,0.73,3,12.73684211,1.315789474,8.316767597,0.4125655615,0.02390282929,No,No,High,Safe,At Risk
2024-03-11 20:00:00,March,286.5,96.3,1,28.35,7.89,7.97,2.79,3,3,0,0,29.1,33.9,24.1,0.73,3,12.78947368,1.052631579,8.335838793,0.4125342428,0.02312360676,Yes,No,High,Safe,At Risk
2024-03-11 21:00:00,March,286.5,96.3,1,28.35,7.89,7.97,2.79,3,3,0,0,29.1,33.9,24.1,0.73,3,12.84210526,0.7894736842,8.354909989,0.412502924,0.02234438423,No,No,High,Safe,At Risk
2024-03-11 22:00:00,March,286.5,96.3,1,28.35,7.89,7.97,2.79,3,3,0,0,29.1,33.9,24.1,0.73,3,12.89473684,0.5263157895,8.373981186,0.4124716053,0.02156516169,Yes,No,High,Safe,At Risk
2024-03-11 23:00:00,March,286.5,96.3,1,28.35,7.89,7.97,2.79,3,3,0,0,29.1,33.9,24.1,0.73,3,12.94736842,0.2631578947,8.393052382,0.4124402865,0.02078593916,No,No,High,Safe,At Risk
2024-03-12 00:00:00,March,286.5,96.3,1,28.35,7.89,7.97,2.79,3,3,0,0,29.1,33.9,24.1,0.73,3,13,0,8.412123579,0.4124089677,0.02000671663,Yes,No,High,Safe,At Risk
2024-03-12 01:00:00,March,286.5,96.3,1,28.35,7.89,7.97,2.79,3,3,0,0,29.1,33.9,24.1,0.73,3,13,1,7.603745073,0.9810848719,0.01127042038,No,No,High,Safe,At Risk
2024-03-12 02:00:00,March,286.5,96.3,1,28.35,7.89,7.97,2.79,3,3,0,0,29.1,33.9,24.1,0.73,3,13,2,7.78876293,0.3282055675,0.4144602578,Yes,No,High,Safe,At Risk
2024-03-12 03:00:00,March,286.5,96.3,1,28.35,7.89,7.97,2.79,3,3,0,0,29.1,33.9,24.1,0.73,3,13,3,8.205290906,0.237722722,0.8452043035,No,No,High,Safe,At Risk
2024-03-12 04:00:00,March,286.5,96.3,1,28.35,7.89,7.97,2.79,3,3,0,0,29.1,33.9,24.1,0.73,3,13,4,7.558104038,0.9830027911,-0.0282669637,Yes,No,High,Safe,At Risk
2024-03-12 05:00:00,March,286.5,96.3,1,28.35,7.89,7.97,2.79,3,3,0,0,29.1,33.9,24.1,0.73,3,13,5,7.997567032,0.3765836219,-0.003654685597,No,No,High,Safe,At Risk
2024-03-12 06:00:00,March,286.5,96.3,1,28.35,7.89,7.97,2.79,3,3,0,0,29.1,33.9,24.1,0.73,3,13.05263158,4.736842105,8.007774591,0.4071872368,-0.001842279052,Yes,No,High,Safe,At Risk
2024-03-12 07:00:00,March,286.5,96.3,1,28.35,7.89,7.97,2.79,3,3,0,1,29.1,33.9,24.1,0.73,3,13.10526316,4.473684211,8.017982149,0.4377908517,-0.00002987250749,No,No,High,Safe,At Risk
2024-03-12 08:00:00,March,286.5,96.3,1,28.35,7.89,7.97,2.79,3,3,0,0,29.1,33.9,24.1,0.73,3,13.15789474,4.210526316,8.028189707,0.4683944666,0.001782534037,Yes,No,High,Safe,At Risk
2024-03-12 09:00:00,March,286.5,96.3,1,28.35,7.89,7.97,2.79,3,3,0,0,29.1,33.9,24.1,0.73,3,13.21052632,3.947368421,8.038397265,0.4989980815,0.003594940582,No,No,High,Safe,At Risk
2024-03-12 10:00:00,March,286.5,96.3,1,28.35,7.89,7.97,2.79,3,3,1,0,29.1,33.9,24.1,0.73,3,13.26315789,3.684210526,8.048604823,0.5296016964,0.005407347127,Yes,No,High,Safe,At Risk
2024-03-12 11:00:00,March,286.5,96.3,1,28.35,7.89,7.97,2.79,3,3,0,0,29.1,33.9,24.1,0.73,3,13.31578947,3.421052632,8.058812381,0.5602053113,0.007219753672,No,No,High,Safe,At Risk
2024-03-12 12:00:00,March,286.5,96.3,1,28.35,7.89,7.97,2.79,3,3,0,0,29.1,33.9,24.1,0.73,3,13.36842105,3.157894737,8.069019939,0.5908089262,0.009032160217,Yes,No,High,Safe,At Risk
2024-03-12 13:00:00,March,286.5,96.3,1,28.35,7.89,7.97,2.79,3,3,0,0,29.1,33.9,24.1,0.73,3,13.42105263,2.894736842,8.079227497,0.6214125412,0.01084456676,No,No,High,Safe,At Risk
2024-03-12 14:00:00,March,286.5,96.3,1,28.35,7.89,7.97,2.79,3,3,0,0,29.1,33.9,24.1,0.73,3,13.47368421,2.631578947,8.089435055,0.6520161561,0.01265697331,Yes,No,High,Safe,At Risk
2024-03-12 15:00:00,March,286.5,96.3,1,28.35,7.89,7.97,2.79,3,3,0,0,29.1,33.9,24.1,0.73,3,13.52631579,2.368421053,8.099642613,0.682619771,0.01446937985,No,No,High,Safe,At Risk
2024-03-12 16:00:00,March,286.5,96.3,1,28.35,7.89,7.97,2.79,3,3,0,0,29.1,33.9,24.1,0.73,3,13.57894737,2.105263158,8.109850172,0.7132233859,0.0162817864,Yes,No,High,Safe,At Risk
2024-03-12 17:00:00,March,286.5,96.3,1,28.35,7.89,7.97,2.79,3,3,0,0,29.1,33.9,24.1,0.73,3,13.63157895,1.842105263,8.12005773,0.7438270008,0.01809419294,No,No,High,Safe,At Risk
2024-03-12 18:00:00,March,286.5,96.3,1,28.35,7.89,7.97,2.79,3,3,0,0,29.1,33.9,24.1,0.73,3,13.68421053,1.578947368,8.130265288,0.7744306157,0.01990659949,Yes,No,High,Safe,At Risk
2024-03-12 19:00:00,March,286.5,96.3,1,28.35,7.89,7.97,2.79,3,3,1,0,29.1,33.9,24.1,0.73,3,13.73684211,1.315789474,8.140472846,0.8050342306,0.02171900603,No,No,High,Safe,At Risk
2024-03-12 20:00:00,March,286.5,96.3,1,28.35,7.89,7.97,2.79,3,3,0,0,29.1,33.9,24.1,0.73,3,13.78947368,1.052631579,8.150680404,0.8356378455,0.02353141258,Yes,No,High,Safe,At Risk
2024-03-12 21:00:00,March,286.5,96.3,1,28.35,7.89,7.97,2.79,3,3,0,0,29.1,33.9,24.1,0.73,3,13.84210526,0.7894736842,8.160887962,0.8662414604,0.02534381912,No,No,High,Safe,At Risk
2024-03-12 22:00:00,March,286.5,96.3,1,28.35,7.89,7.97,2.79,3,3,0,0,29.1,33.9,24.1,0.73,3,13.89473684,0.5263157895,8.17109552,0.8968450753,0.02715622567,Yes,No,High,Safe,At Risk
2024-03-12 23:00:00,March,286.5,96.3,1,28.35,7.89,7.97,2.79,3,3,0,0,29.1,33.9,24.1,0.73,3,13.94736842,0.2631578947,8.181303078,0.9274486902,0.02896863221,No,No,High,Safe,At Risk
2024-03-13 00:00:00,March,286.5,96.3,1,28.35,7.89,7.97,2.79,3,3,0,0,29.1,33.9,24.1,0.73,3,14,0,8.191510636,0.9580523051,0.03078103876,Yes,No,High,Safe,At Risk
2024-03-13 01:00:00,March,286.5,96.3,1,28.35,7.89,7.97,2.79,3,3,0,0,29.1,33.9,24.1,0.73,3,14,1,8.553743326,0.3269768724,0.1729076011,No,No,High,Safe,At Risk
2024-03-13 02:00:00,March,286.5,96.3,1,28.35,7.89,7.97,2.79,3,3,0,0,29.1,33.9,24.1,0.73,3,14,2,8.296609343,0.2752578801,0.4802479293,Yes,No,High,Safe,At Risk
2024-03-13 03:00:00,March,286.5,96.3,1,28.35,7.89,7.97,2.79,3,3,1,0,29.1,33.9,24.1,0.73,3,14,3,8.019396506,0.9508548675,-0.007955824596,No,No,High,Safe,At Risk
2024-03-13 04:00:00,March,286.5,96.3,1,28.35,7.89,7.97,2.79,3,3,0,0,29.1,33.9,24.1,0.73,3,14,4,8.155011951,0.3321208934,0.8926700898,Yes,No,High,Safe,At Risk
2024-03-13 05:00:00,March,286.5,96.3,1,28.35,7.89,7.97,2.79,3,3,0,1,29.1,33.9,24.1,0.73,3,14,5,8.330026105,0.4189370838,0.04053323181,No,No,High,Safe,At Risk
2024-03-13 06:00:00,March,286.5,96.3,1,28.35,7.89,7.97,2.79,3,3,0,0,29.1,33.9,24.1,0.73,3,14.05263158,4.736842105,8.312934646,0.4173419818,0.03861153125,Yes,No,High,Safe,At Risk
2024-03-13 07:00:00,March,286.5,96.3,1,28.35,7.89,7.97,2.79,3,3,0,0,29.1,33.9,24.1,0.73,3,14.10526316,4.473684211,8.295843186,0.4157468798,0.03668983068,No,No,High,Safe,At Risk
2024-03-13 08:00:00,March,286.5,96.3,1,28.35,7.89,7.97,2.79,3,3,1,0,29.1,33.9,24.1,0.73,3,14.15789474,4.210526316,8.278751726,0.4141517778,0.03476813012,Yes,No,High,Safe,At Risk
2024-03-13 09:00:00,March,286.5,96.3,1,28.35,7.89,7.97,2.79,3,3,0,0,29.1,33.9,24.1,0.73,3,14.21052632,3.947368421,8.261660267,0.4125566758,0.03284642956,No,No,High,Safe,At Risk
2024-03-13 10:00:00,March,286.5,96.3,1,28.35,7.89,7.97,2.79,3,3,1,0,29.1,33.9,24.1,0.73,3,14.26315789,3.684210526,8.244568807,0.4109615738,0.030924729,Yes,No,High,Safe,At Risk
2024-03-13 11:00:00,March,286.5,96.3,1,28.35,7.89,7.97,2.79,3,3,0,0,29.1,33.9,24.1,0.73,3,14.31578947,3.421052632,8.227477348,0.4093664718,0.02900302843,No,No,High,Safe,At Risk
2024-03-13 12:00:00,March,286.5,96.3,1,28.35,7.89,7.97,2.79,3,3,0,0,29.1,33.9,24.1,0.73,3,14.36842105,3.157894737,8.210385888,0.4077713698,0.02708132787,Yes,No,High,Safe,At Risk
2024-03-13 13:00:00,March,286.5,96.3,1,28.35,7.89,7.97,2.79,3,3,0,0,29.1,33.9,24.1,0.73,3,14.42105263,2.894736842,8.193294428,0.4061762678,0.02515962731,No,No,High,Safe,At Risk
2024-03-13 14:00:00,March,286.5,96.3,1,28.35,7.89,7.97,2.79,3,3,0,0,29.1,33.9,24.1,0.73,3,14.47368421,2.631578947,8.176202969,0.4045811658,0.02323792674,Yes,No,High,Safe,At Risk
2024-03-13 15:00:00,March,286.5,96.3,1,28.35,7.89,7.97,2.79,3,3,0,0,29.1,33.9,24.1,0.73,3,14.52631579,2.368421053,8.159111509,0.4029860638,0.02131622618,No,No,High,Safe,At Risk
2024-03-13 16:00:00,March,286.5,96.3,1,28.35,7.89,7.97,2.79,3,3,0,0,29.1,33.9,24.1,0.73,3,14.57894737,2.105263158,8.142020049,0.4013909618,0.01939452562,Yes,No,High,Safe,At Risk
2024-03-13 17:00:00,March,286.5,96.3,1,28.35,7.89,7.97,2.79,3,3,0,0,29.1,33.9,24.1,0.73,3,14.63157895,1.842105263,8.12492859,0.3997958598,0.01747282506,No,No,High,Safe,At Risk
2024-03-13 18:00:00,March,286.5,96.3,1,28.35,7.89,7.97,2.79,3,3,0,0,29.1,33.9,24.1,0.73,3,14.68421053,1.578947368,8.10783713,0.3982007579,0.01555112449,Yes,No,High,Safe,At Risk
2024-03-13 19:00:00,March,286.5,96.3,1,28.35,7.89,7.97,2.79,3,3,0,1,29.1,33.9,24.1,0.73,3,14.73684211,1.315789474,8.09074567,0.3966056559,0.01362942393,No,No,High,Safe,At Risk
2024-03-13 20:00:00,March,286.5,96.3,1,28.35,7.89,7.97,2.79,3,3,0,0,29.1,33.9,24.1,0.73,3,14.78947368,1.052631579,8.073654211,0.3950105539,0.01170772337,Yes,No,High,Safe,At Risk
2024-03-13 21:00:00,March,286.5,96.3,1,28.35,7.89,7.97,2.79,3,3,0,0,29.1,33.9,24.1,0.73,3,14.84210526,0.7894736842,8.056562751,0.3934154519,0.009786022804,No,No,High,Safe,At Risk
2024-03-13 22:00:00,March,286.5,96.3,1,28.35,7.89,7.97,2.79,3,3,1,0,29.1,33.9,24.1,0.73,3,14.89473684,0.5263157895,8.039471292,0.3918203499,0.007864322241,Yes,No,High,Safe,At Risk
2024-03-13 23:00:00,March,286.5,96.3,1,28.35,7.89,7.97,2.79,3,3,0,0,29.1,33.9,24.1,0.73,3,14.94736842,0.2631578947,8.022379832,0.3902252479,0.005942621679,No,No,High,Safe,At Risk
2024-03-14 00:00:00,March,286.5,96.3,1,28.35,7.89,7.97,2.79,3,3,0,1,29.1,33.9,24.1,0.73,3,15,0,8.005288372,0.3886301459,0.004020921116,Yes,No,High,Safe,At Risk
2024-03-14 01:00:00,March,286.5,96.3,1,28.35,7.89,7.97,2.79,3,3,1,0,29.1,33.9,24.1,0.73,3,15,1,8.246595847,0.3256967876,0.13404705,No,No,High,Safe,At Risk
2024-03-14 02:00:00,March,286.5,96.3,1,28.35,7.89,7.97,2.79,3,3,1,1,29.1,33.9,24.1,0.73,3,15,2,7.998103245,0.9398908378,0.03224799318,Yes,No,High,Safe,At Risk
2024-03-14 03:00:00,March,286.5,96.3,1,28.35,7.89,7.97,2.79,3,3,0,0,29.1,33.9,24.1,0.73,3,15,3,8.213414123,0.2739892513,0.9696062379,No,No,High,Safe,At Risk
2024-03-14 04:00:00,March,286.5,96.3,1,28.35,7.89,7.97,2.79,3,3,0,0,29.1,33.9,24.1,0.73,3,15,4,8.110032994,0.9603629577,0.004881466184,Yes,No,High,Safe,At Risk
2024-03-14 05:00:00,March,286.5,96.3,1,28.35,7.89,7.97,2.79,3,3,1,0,29.1,33.9,24.1,0.73,3,15,5,8.111011369,0.404147225,0.03416103454,No,No,High,Safe,At Risk
2024-03-14 06:00:00,March,286.5,96.3,1,28.35,7.89,7.97,2.79,3,3,0,0,29.1,33.9,24.1,0.73,3,15.05263158,4.736842105,8.096320462,0.4045514016,0.03116894157,Yes,No,High,Safe,At Risk
2024-03-14 07:00:00,March,286.5,96.3,1,28.35,7.89,7.97,2.79,3,3,0,0,29.1,33.9,24.1,0.73,3,15.10526316,4.473684211,8.081629555,0.4049555782,0.0281768486,No,No,High,Safe,At Risk
2024-03-14 08:00:00,March,286.5,96.3,1,28.35,7.89,7.97,2.79,3,3,1,0,29.1,33.9,24.1,0.73,3,15.15789474,4.210526316,8.066938648,0.4053597548,0.02518475563,Yes,No,High,Safe,At Risk
2024-03-14 09:00:00,March,286.5,96.3,1,28.35,7.89,7.97,2.79,3,3,0,0,29.1,33.9,24.1,0.73,3,15.21052632,3.947368421,8.05224774,0.4057639314,0.02219266265,No,No,High,Safe,At Risk
2024-03-14 10:00:00,March,286.5,96.3,1,28.35,7.89,7.97,2.79,3,3,0,0,29.1,33.9,24.1,0.73,3,15.26315789,3.684210526,8.037556833,0.406168108,0.01920056968,Yes,No,High,Safe,At Risk
2024-03-14 11:00:00,March,286.5,96.3,1,28.35,7.89,7.97,2.79,3,3,0,0,29.1,33.9,24.1,0.73,3,15.31578947,3.421052632,8.022865926,0.4065722846,0.01620847671,No,No,High,Safe,At Risk
2024-03-14 12:00:00,March,286.5,96.3,1,28.35,7.89,7.97,2.79,3,3,0,0,29.1,33.9,24.1,0.73,3,15.36842105,3.157894737,8.008175019,0.4069764612,0.01321638374,Yes,No,High,Safe,At Risk
2024-03-14 13:00:00,March,286.5,96.3,1,28.35,7.89,7.97,2.79,3,3,0,0,29.1,33.9,24.1,0.73,3,15.42105263,2.894736842,7.993484112,0.4073806378,0.01022429077,No,No,High,Safe,At Risk
2024-03-14 14:00:00,March,286.5,96.3,1,28.35,7.89,7.97,2.79,3,3,0,0,29.1,33.9,24.1,0.73,3,15.47368421,2.631578947,7.978793205,0.4077848144,0.007232197801,Yes,No,High,Safe,At Risk
2024-03-14 15:00:00,March,286.5,96.3,1,28.35,7.89,7.97,2.79,3,3,1,0,29.1,33.9,24.1,0.73,3,15.52631579,2.368421053,7.964102297,0.408188991,0.00424010483,No,No,High,Safe,At Risk
2024-03-14 16:00:00,March,286.5,96.3,1,28.35,7.89,7.97,2.79,3,3,0,0,29.1,33.9,24.1,0.73,3,15.57894737,2.105263158,7.94941139,0.4085931675,0.001248011859,Yes,No,High,Safe,At Risk
2024-03-14 17:00:00,March,286.5,96.3,1,28.35,7.89,7.97,2.79,3,3,0,0,29.1,33.9,24.1,0.73,3,15.63157895,1.842105263,7.934720483,0.4089973441,-0.001744081111,No,No,High,Safe,At Risk
2024-03-14 18:00:00,March,286.5,96.3,1,28.35,7.89,7.97,2.79,3,3,1,0,29.1,33.9,24.1,0.73,3,15.68421053,1.578947368,7.920029576,0.4094015207,-0.004736174082,Yes,No,High,Safe,At Risk
2024-03-14 19:00:00,March,286.5,96.3,1,28.35,7.89,7.97,2.79,3,3,0,0,29.1,33.9,24.1,0.73,3,15.73684211,1.315789474,7.905338669,0.4098056973,-0.007728267053,No,No,High,Safe,At Risk
2024-03-14 20:00:00,March,286.5,96.3,1,28.35,7.89,7.97,2.79,3,3,0,0,29.1,33.9,24.1,0.73,3,15.78947368,1.052631579,7.890647762,0.4102098739,-0.01072036002,Yes,No,High,Safe,At Risk
2024-03-14 21:00:00,March,286.5,96.3,1,28.35,7.89,7.97,2.79,3,3,0,0,29.1,33.9,24.1,0.73,3,15.84210526,0.7894736842,7.875956854,0.4106140505,-0.01371245299,No,No,High,Safe,At Risk
2024-03-14 22:00:00,March,286.5,96.3,1,28.35,7.89,7.97,2.79,3,3,0,0,29.1,33.9,24.1,0.73,3,15.89473684,0.5263157895,7.861265947,0.4110182271,-0.01670454597,Yes,No,High,Safe,At Risk
2024-03-14 23:00:00,March,286.5,96.3,1,28.35,7.89,7.97,2.79,3,3,0,0,29.1,33.9,24.1,0.73,3,15.94736842,0.2631578947,7.84657504,0.4114224037,-0.01969663894,No,No,High,Safe,At Risk
2024-03-15 00:00:00,March,286.5,96.3,1,28.35,7.89,7.97,2.79,3,3,0,0,29.1,33.9,24.1,0.73,3,16,0,7.831884133,0.4118265803,-0.02268873191,Yes,No,High,Safe,At Risk
2024-03-15 01:00:00,March,286.5,96.3,1,28.35,7.89,7.97,2.79,3,3,0,0,29.1,33.9,24.1,0.73,3,16,1,8.231226747,0.3097298397,0.1637739999,No,No,High,Safe,At Risk
2024-03-15 02:00:00,March,286.5,96.3,1,28.35,7.89,7.97,2.79,3,3,0,0,29.1,33.9,24.1,0.73,3,16,2,7.753016617,0.3099710869,0.4943670182,Yes,No,High,Safe,At Risk
2024-03-15 03:00:00,March,286.5,96.3,1,28.35,7.89,7.97,2.79,3,3,0,0,29.1,33.9,24.1,0.73,3,16,3,8.651993984,0.3269186628,0.8772092057,No,No,High,Safe,At Risk
2024-03-15 04:00:00,March,286.5,96.3,1,28.35,7.89,7.97,2.79,3,3,0,0,29.1,33.9,24.1,0.73,3,16,4,8.177492867,0.3073366641,0.8095400885,Yes,No,High,Safe,At Risk
2024-03-15 05:00:00,March,286.5,96.3,1,28.35,7.89,7.97,2.79,3,3,0,0,29.1,33.9,24.1,0.73,3,16,5,7.807589975,0.3696340447,0.02485904831,No,No,High,Safe,At Risk
2024-03-15 06:00:00,March,286.5,96.3,1,28.35,7.89,7.97,2.79,3,3,0,0,29.1,33.9,24.1,0.73,3,16.05263158,4.736842105,7.830042074,0.3724596876,0.0253631416,Yes,No,High,Safe,At Risk
2024-03-15 07:00:00,March,286.5,96.3,1,28.35,7.89,7.97,2.79,3,3,0,0,29.1,33.9,24.1,0.73,3,16.10526316,4.473684211,7.852494174,0.3752853304,0.02586723489,No,No,High,Safe,At Risk
2024-03-15 08:00:00,March,286.5,96.3,1,28.35,7.89,7.97,2.79,3,3,0,0,29.1,33.9,24.1,0.73,3,16.15789474,4.210526316,7.874946274,0.3781109733,0.02637132819,Yes,No,High,Safe,At Risk
2024-03-15 09:00:00,March,286.5,96.3,1,28.35,7.89,7.97,2.79,3,3,0,0,29.1,33.9,24.1,0.73,3,16.21052632,3.947368421,7.897398373,0.3809366162,0.02687542148,No,No,High,Safe,At Risk
2024-03-15 10:00:00,March,286.5,96.3,1,28.35,7.89,7.97,2.79,3,3,1,0,29.1,33.9,24.1,0.73,3,16.26315789,3.684210526,7.919850473,0.3837622591,0.02737951477,Yes,No,High,Safe,At Risk
2024-03-15 11:00:00,March,286.5,96.3,1,28.35,7.89,7.97,2.79,3,3,0,0,29.1,33.9,24.1,0.73,3,16.31578947,3.421052632,7.942302573,0.386587902,0.02788360806,No,No,High,Safe,At Risk
2024-03-15 12:00:00,March,286.5,96.3,1,28.35,7.89,7.97,2.79,3,3,0,0,29.1,33.9,24.1,0.73,3,16.36842105,3.157894737,7.964754672,0.3894135448,0.02838770135,Yes,No,High,Safe,At Risk
2024-03-15 13:00:00,March,286.5,96.3,1,28.35,7.89,7.97,2.79,3,3,0,0,29.1,33.9,24.1,0.73,3,16.42105263,2.894736842,7.987206772,0.3922391877,0.02889179464,No,No,High,Safe,At Risk
2024-03-15 14:00:00,March,286.5,96.3,1,28.35,7.89,7.97,2.79,3,3,0,0,29.1,33.9,24.1,0.73,3,16.47368421,2.631578947,8.009658871,0.3950648306,0.02939588793,Yes,No,High,Safe,At Risk
2024-03-15 15:00:00,March,286.5,96.3,1,28.35,7.89,7.97,2.79,3,3,1,0,29.1,33.9,24.1,0.73,3,16.52631579,2.368421053,8.032110971,0.3978904735,0.02989998122,No,No,High,Safe,At Risk
2024-03-15 16:00:00,March,286.5,96.3,1,28.35,7.89,7.97,2.79,3,3,0,0,29.1,33.9,24.1,0.73,3,16.57894737,2.105263158,8.054563071,0.4007161163,0.03040407452,Yes,No,High,Safe,At Risk
2024-03-15 17:00:00,March,286.5,96.3,1,28.35,7.89,7.97,2.79,3,3,0,0,29.1,33.9,24.1,0.73,3,16.63157895,1.842105263,8.07701517,0.4035417592,0.03090816781,No,No,High,Safe,At Risk
2024-03-15 18:00:00,March,286.5,96.3,1,28.35,7.89,7.97,2.79,3,3,0,0,29.1,33.9,24.1,0.73,3,16.68421053,1.578947368,8.09946727,0.4063674021,0.0314122611,Yes,No,High,Safe,At Risk
2024-03-15 19:00:00,March,286.5,96.3,1,28.35,7.89,7.97,2.79,3,3,0,0,29.1,33.9,24.1,0.73,3,16.73684211,1.315789474,8.12191937,0.409193045,0.03191635439,No,No,High,Safe,At Risk
2024-03-15 20:00:00,March,286.5,96.3,1,28.35,7.89,7.97,2.79,3,3,0,1,29.1,33.9,24.1,0.73,3,16.78947368,1.052631579,8.144371469,0.4120186879,0.03242044768,Yes,No,High,Safe,At Risk
2024-03-15 21:00:00,March,286.5,96.3,1,28.35,7.89,7.97,2.79,3,3,0,0,29.1,33.9,24.1,0.73,3,16.84210526,0.7894736842,8.166823569,0.4148443307,0.03292454097,No,No,High,Safe,At Risk
2024-03-15 22:00:00,March,286.5,96.3,1,28.35,7.89,7.97,2.79,3,3,0,0,29.1,33.9,24.1,0.73,3,16.89473684,0.5263157895,8.189275668,0.4176699736,0.03342863426,Yes,No,High,Safe,At Risk
2024-03-15 23:00:00,March,286.5,96.3,1,28.35,7.89,7.97,2.79,3,3,0,0,29.1,33.9,24.1,0.73,3,16.94736842,0.2631578947,8.211727768,0.4204956165,0.03393272755,No,No,High,Safe,At Risk
2024-03-16 00:00:00,March,286.5,96.3,1,28.35,7.89,7.97,2.79,3,3,0,0,29.1,33.9,24.1,0.73,3,17,0,8.234179868,0.4233212594,0.03443682085,Yes,No,High,Safe,At Risk
2024-03-16 01:00:00,March,286.5,96.3,1,28.35,7.89,7.97,2.79,3,3,0,0,29.1,33.9,24.1,0.73,3,17,1,8.144205771,0.340995776,0.1236298417,No,No,High,Safe,At Risk
2024-03-16 02:00:00,March,286.5,96.3,1,28.35,7.89,7.97,2.79,3,3,0,1,29.1,33.9,24.1,0.73,3,17,2,8.053458218,0.2987885549,0.5262499989,Yes,No,High,Safe,At Risk
2024-03-16 03:00:00,March,286.5,96.3,1,28.35,7.89,7.97,2.79,3,3,0,0,29.1,33.9,24.1,0.73,3,17,3,7.950541337,0.2222548167,0.9046797598,No,No,High,Safe,At Risk
2024-03-16 04:00:00,March,286.5,96.3,1,28.35,7.89,7.97,2.79,3,3,1,0,29.1,33.9,24.1,0.73,3,17,4,7.946355072,0.2827411172,0.9439184059,Yes,No,High,Safe,At Risk
2024-03-16 05:00:00,March,286.5,96.3,1,28.35,7.89,7.97,2.79,3,3,0,1,29.1,33.9,24.1,0.73,3,17,5,8.069340606,0.4029658635,0.03729251993,No,No,High,Safe,At Risk
2024-03-16 06:00:00,March,286.5,96.3,1,28.35,7.89,7.97,2.79,3,3,0,1,29.1,33.9,24.1,0.73,3,17.05263158,4.736842105,8.104324011,0.4042300419,0.03700871362,Yes,No,High,Safe,At Risk
2024-03-16 07:00:00,March,286.5,96.3,1,28.35,7.89,7.97,2.79,3,3,0,0,29.1,33.9,24.1,0.73,3,17.10526316,4.473684211,8.139307415,0.4054942204,0.03672490731,No,No,High,Safe,At Risk
2024-03-16 08:00:00,March,286.5,96.3,1,28.35,7.89,7.97,2.79,3,3,1,0,29.1,33.9,24.1,0.73,3,17.15789474,4.210526316,8.17429082,0.4067583989,0.036441101,Yes,No,High,Safe,At Risk
2024-03-16 09:00:00,March,286.5,96.3,1,28.35,7.89,7.97,2.79,3,3,0,0,29.1,33.9,24.1,0.73,3,17.21052632,3.947368421,8.209274225,0.4080225773,0.03615729469,No,No,High,Safe,At Risk
2024-03-16 10:00:00,March,286.5,96.3,1,28.35,7.89,7.97,2.79,3,3,0,0,29.1,33.9,24.1,0.73,3,17.26315789,3.684210526,8.24425763,0.4092867558,0.03587348838,Yes,No,High,Safe,At Risk
2024-03-16 11:00:00,March,286.5,96.3,1,28.35,7.89,7.97,2.79,3,3,0,0,29.1,33.9,24.1,0.73,3,17.31578947,3.421052632,8.279241035,0.4105509343,0.03558968208,No,No,High,Safe,At Risk
2024-03-16 12:00:00,March,286.5,96.3,1,28.35,7.89,7.97,2.79,3,3,0,0,29.1,33.9,24.1,0.73,3,17.36842105,3.157894737,8.314224439,0.4118151127,0.03530587577,Yes,No,High,Safe,At Risk
2024-03-16 13:00:00,March,286.5,96.3,1,28.35,7.89,7.97,2.79,3,3,0,0,29.1,33.9,24.1,0.73,3,17.42105263,2.894736842,8.349207844,0.4130792912,0.03502206946,No,No,High,Safe,At Risk
2024-03-16 14:00:00,March,286.5,96.3,1,28.35,7.89,7.97,2.79,3,3,0,0,29.1,33.9,24.1,0.73,3,17.47368421,2.631578947,8.384191249,0.4143434697,0.03473826315,Yes,No,High,Safe,At Risk
2024-03-16 15:00:00,March,286.5,96.3,1,28.35,7.89,7.97,2.79,3,3,0,0,29.1,33.9,24.1,0.73,3,17.52631579,2.368421053,8.419174654,0.4156076481,0.03445445684,No,No,High,Safe,At Risk
2024-03-16 16:00:00,March,286.5,96.3,1,28.35,7.89,7.97,2.79,3,3,0,1,29.1,33.9,24.1,0.73,3,17.57894737,2.105263158,8.454158059,0.4168718266,0.03417065053,Yes,No,High,Safe,At Risk
2024-03-16 17:00:00,March,286.5,96.3,1,28.35,7.89,7.97,2.79,3,3,0,0,29.1,33.9,24.1,0.73,3,17.63157895,1.842105263,8.489141463,0.4181360051,0.03388684422,No,No,High,Safe,At Risk
2024-03-16 18:00:00,March,286.5,96.3,1,28.35,7.89,7.97,2.79,3,3,1,0,29.1,33.9,24.1,0.73,3,17.68421053,1.578947368,8.524124868,0.4194001835,0.03360303792,Yes,No,High,Safe,At Risk
2024-03-16 19:00:00,March,286.5,96.3,1,28.35,7.89,7.97,2.79,3,3,0,0,29.1,33.9,24.1,0.73,3,17.73684211,1.315789474,8.559108273,0.420664362,0.03331923161,No,No,High,Safe,At Risk
2024-03-16 20:00:00,March,286.5,96.3,1,28.35,7.89,7.97,2.79,3,3,0,0,29.1,33.9,24.1,0.73,3,17.78947368,1.052631579,8.594091678,0.4219285405,0.0330354253,Yes,No,High,Safe,At Risk
2024-03-16 21:00:00,March,286.5,96.3,1,28.35,7.89,7.97,2.79,3,3,0,0,29.1,33.9,24.1,0.73,3,17.84210526,0.7894736842,8.629075083,0.4231927189,0.03275161899,No,No,High,Safe,At Risk
2024-03-16 22:00:00,March,286.5,96.3,1,28.35,7.89,7.97,2.79,3,3,1,1,29.1,33.9,24.1,0.73,3,17.89473684,0.5263157895,8.664058487,0.4244568974,0.03246781268,Yes,No,High,Safe,At Risk
2024-03-16 23:00:00,March,286.5,96.3,1,28.35,7.89,7.97,2.79,3,3,0,0,29.1,33.9,24.1,0.73,3,17.94736842,0.2631578947,8.699041892,0.4257210759,0.03218400637,No,No,High,Safe,At Risk
2024-03-17 00:00:00,March,286.5,96.3,1,28.35,7.89,7.97,2.79,3,3,0,0,29.1,33.9,24.1,0.73,3,18,0,8.734025297,0.4269852543,0.03190020006,Yes,No,High,Safe,At Risk
2024-03-17 01:00:00,March,286.5,96.3,1,28.35,7.89,7.97,2.79,3,3,0,0,29.1,33.9,24.1,0.73,3,18,1,8.290020202,0.3420303081,0.1372953112,No,No,High,Safe,At Risk
2024-03-17 02:00:00,March,286.5,96.3,1,28.35,7.89,7.97,2.79,3,3,0,0,29.1,33.9,24.1,0.73,3,18,2,8.189978489,0.3168857481,0.5017723165,Yes,No,High,Safe,At Risk
2024-03-17 03:00:00,March,286.5,96.3,1,28.35,7.89,7.97,2.79,3,3,0,0,29.1,33.9,24.1,0.73,3,18,3,8.004431691,0.584828781,0.04678414698,No,No,High,Safe,At Risk
2024-03-17 04:00:00,March,286.5,96.3,1,28.35,7.89,7.97,2.79,3,3,0,0,29.1,33.9,24.1,0.73,3,18,4,8.457493051,0.2896009272,0.9414568532,Yes,No,High,Safe,At Risk
2024-03-17 05:00:00,March,286.5,96.3,1,28.35,7.89,7.97,2.79,3,3,1,0,29.1,33.9,24.1,0.73,3,18,5,8.262031352,0.3914690081,0.002538867225,No,No,High,Safe,At Risk
2024-03-17 06:00:00,March,286.5,96.3,1,28.35,7.89,7.97,2.79,3,3,0,0,29.1,33.9,24.1,0.73,3,18.05263158,4.736842105,8.257281033,0.3919370337,0.003199919804,Yes,No,High,Safe,At Risk
2024-03-17 07:00:00,March,286.5,96.3,1,28.35,7.89,7.97,2.79,3,3,0,0,29.1,33.9,24.1,0.73,3,18.10526316,4.473684211,8.252530714,0.3924050593,0.003860972383,No,No,High,Safe,At Risk
2024-03-17 08:00:00,March,286.5,96.3,1,28.35,7.89,7.97,2.79,3,3,1,1,29.1,33.9,24.1,0.73,3,18.15789474,4.210526316,8.247780395,0.392873085,0.004522024962,Yes,No,High,Safe,At Risk
2024-03-17 09:00:00,March,286.5,96.3,1,28.35,7.89,7.97,2.79,3,3,0,0,29.1,33.9,24.1,0.73,3,18.21052632,3.947368421,8.243030076,0.3933411106,0.005183077541,No,No,High,Safe,At Risk
2024-03-17 10:00:00,March,286.5,96.3,1,28.35,7.89,7.97,2.79,3,3,0,0,29.1,33.9,24.1,0.73,3,18.26315789,3.684210526,8.238279757,0.3938091362,0.00584413012,Yes,No,High,Safe,At Risk
2024-03-17 11:00:00,March,286.5,96.3,1,28.35,7.89,7.97,2.79,3,3,1,0,29.1,33.9,24.1,0.73,3,18.31578947,3.421052632,8.233529438,0.3942771619,0.006505182699,No,No,High,Safe,At Risk
2024-03-17 12:00:00,March,286.5,96.3,1,28.35,7.89,7.97,2.79,3,3,1,0,29.1,33.9,24.1,0.73,3,18.36842105,3.157894737,8.228779119,0.3947451875,0.007166235278,Yes,No,High,Safe,At Risk
2024-03-17 13:00:00,March,286.5,96.3,1,28.35,7.89,7.97,2.79,3,3,1,0,29.1,33.9,24.1,0.73,3,18.42105263,2.894736842,8.2240288,0.3952132131,0.007827287856,No,No,High,Safe,At Risk
2024-03-17 14:00:00,March,286.5,96.3,1,28.35,7.89,7.97,2.79,3,3,0,0,29.1,33.9,24.1,0.73,3,18.47368421,2.631578947,8.219278481,0.3956812388,0.008488340435,Yes,No,High,Safe,At Risk
2024-03-17 15:00:00,March,286.5,96.3,1,28.35,7.89,7.97,2.79,3,3,0,0,29.1,33.9,24.1,0.73,3,18.52631579,2.368421053,8.214528162,0.3961492644,0.009149393014,No,No,High,Safe,At Risk
2024-03-17 16:00:00,March,286.5,96.3,1,28.35,7.89,7.97,2.79,3,3,0,0,29.1,33.9,24.1,0.73,3,18.57894737,2.105263158,8.209777843,0.3966172901,0.009810445593,Yes,No,High,Safe,At Risk
2024-03-17 17:00:00,March,286.5,96.3,1,28.35,7.89,7.97,2.79,3,3,1,0,29.1,33.9,24.1,0.73,3,18.63157895,1.842105263,8.205027524,0.3970853157,0.01047149817,No,No,High,Safe,At Risk
2024-03-17 18:00:00,March,286.5,96.3,1,28.35,7.89,7.97,2.79,3,3,0,0,29.1,33.9,24.1,0.73,3,18.68421053,1.578947368,8.200277205,0.3975533413,0.01113255075,Yes,No,High,Safe,At Risk
2024-03-17 19:00:00,March,286.5,96.3,1,28.35,7.89,7.97,2.79,3,3,0,0,29.1,33.9,24.1,0.73,3,18.73684211,1.315789474,8.195526886,0.398021367,0.01179360333,No,No,High,Safe,At Risk
2024-03-17 20:00:00,March,286.5,96.3,1,28.35,7.89,7.97,2.79,3,3,1,0,29.1,33.9,24.1,0.73,3,18.78947368,1.052631579,8.190776567,0.3984893926,0.01245465591,Yes,No,High,Safe,At Risk
2024-03-17 21:00:00,March,286.5,96.3,1,28.35,7.89,7.97,2.79,3,3,1,0,29.1,33.9,24.1,0.73,3,18.84210526,0.7894736842,8.186026248,0.3989574182,0.01311570849,No,No,High,Safe,At Risk
2024-03-17 22:00:00,March,286.5,96.3,1,28.35,7.89,7.97,2.79,3,3,0,0,29.1,33.9,24.1,0.73,3,18.89473684,0.5263157895,8.181275929,0.3994254439,0.01377676107,Yes,No,High,Safe,At Risk
2024-03-17 23:00:00,March,286.5,96.3,1,28.35,7.89,7.97,2.79,3,3,1,0,29.1,33.9,24.1,0.73,3,18.94736842,0.2631578947,8.17652561,0.3998934695,0.01443781365,No,No,High,Safe,At Risk
2024-03-18 00:00:00,March,286.5,96.3,1,28.35,7.89,7.97,2.79,3,3,0,0,29.1,33.9,24.1,0.73,3,19,0,8.171775291,0.4003614951,0.01509886622,Yes,No,High,Safe,At Risk
2024-03-18 01:00:00,March,286.5,96.3,1,28.35,7.89,7.97,2.79,3,3,0,0,29.1,33.9,24.1,0.73,3,19,1,8.173335834,0.3514150584,0.1273026924,No,No,High,Safe,At Risk
2024-03-18 02:00:00,March,286.5,96.3,1,28.35,7.89,7.97,2.79,3,3,0,0,29.1,33.9,24.1,0.73,3,19,2,8.173623376,0.3510007924,0.4441728744,Yes,No,High,Safe,At Risk
2024-03-18 03:00:00,March,286.5,96.3,1,28.35,7.89,7.97,2.79,3,3,1,0,29.1,33.9,24.1,0.73,3,19,3,8.170376198,0.2651616497,0.9313101282,No,No,High,Safe,At Risk
2024-03-18 04:00:00,March,286.5,96.3,1,28.35,7.89,7.97,2.79,3,3,0,0,29.1,33.9,24.1,0.73,3,19,4,8.447526515,0.2794632958,0.9446527137,Yes,No,High,Safe,At Risk
2024-03-18 05:00:00,March,286.5,96.3,1,28.35,7.89,7.97,2.79,3,3,0,0,29.1,33.9,24.1,0.73,3,19,5,8.431510185,0.4308021794,0.02354070054,No,No,High,Safe,At Risk
2024-03-18 06:00:00,March,286.5,96.3,1,28.35,7.89,7.97,2.79,3,3,0,0,29.1,33.9,24.1,0.73,3,19.05263158,4.736842105,8.404516623,0.4300294859,0.02280022046,Yes,No,High,Safe,At Risk
2024-03-18 07:00:00,March,286.5,96.3,1,28.35,7.89,7.97,2.79,3,3,0,0,29.1,33.9,24.1,0.73,3,19.10526316,4.473684211,8.377523061,0.4292567923,0.02205974037,No,No,High,Safe,At Risk
2024-03-18 08:00:00,March,286.5,96.3,1,28.35,7.89,7.97,2.79,3,3,0,0,29.1,33.9,24.1,0.73,3,19.15789474,4.210526316,8.350529499,0.4284840987,0.02131926029,Yes,No,High,Safe,At Risk
2024-03-18 09:00:00,March,286.5,96.3,1,28.35,7.89,7.97,2.79,3,3,0,1,29.1,33.9,24.1,0.73,3,19.21052632,3.947368421,8.323535937,0.4277114051,0.0205787802,No,No,High,Safe,At Risk
2024-03-18 10:00:00,March,286.5,96.3,1,28.35,7.89,7.97,2.79,3,3,1,0,29.1,33.9,24.1,0.73,3,19.26315789,3.684210526,8.296542375,0.4269387115,0.01983830011,Yes,No,High,Safe,At Risk
2024-03-18 11:00:00,March,286.5,96.3,1,28.35,7.89,7.97,2.79,3,3,1,0,29.1,33.9,24.1,0.73,3,19.31578947,3.421052632,8.269548813,0.4261660179,0.01909782003,No,No,High,Safe,At Risk
2024-03-18 12:00:00,March,286.5,96.3,1,28.35,7.89,7.97,2.79,3,3,0,0,29.1,33.9,24.1,0.73,3,19.36842105,3.157894737,8.242555251,0.4253933243,0.01835733994,Yes,No,High,Safe,At Risk
2024-03-18 13:00:00,March,286.5,96.3,1,28.35,7.89,7.97,2.79,3,3,0,0,29.1,33.9,24.1,0.73,3,19.42105263,2.894736842,8.215561689,0.4246206307,0.01761685986,No,No,High,Safe,At Risk
2024-03-18 14:00:00,March,286.5,96.3,1,28.35,7.89,7.97,2.79,3,3,0,0,29.1,33.9,24.1,0.73,3,19.47368421,2.631578947,8.188568127,0.4238479372,0.01687637977,Yes,No,High,Safe,At Risk
2024-03-18 15:00:00,March,286.5,96.3,1,28.35,7.89,7.97,2.79,3,3,0,0,29.1,33.9,24.1,0.73,3,19.52631579,2.368421053,8.161574565,0.4230752436,0.01613589968,No,No,High,Safe,At Risk
2024-03-18 16:00:00,March,286.5,96.3,1,28.35,7.89,7.97,2.79,3,3,0,0,29.1,33.9,24.1,0.73,3,19.57894737,2.105263158,8.134581004,0.42230255,0.0153954196,Yes,No,High,Safe,At Risk
2024-03-18 17:00:00,March,286.5,96.3,1,28.35,7.89,7.97,2.79,3,3,0,0,29.1,33.9,24.1,0.73,3,19.63157895,1.842105263,8.107587442,0.4215298564,0.01465493951,No,No,High,Safe,At Risk
2024-03-18 18:00:00,March,286.5,96.3,1,28.35,7.89,7.97,2.79,3,3,0,0,29.1,33.9,24.1,0.73,3,19.68421053,1.578947368,8.08059388,0.4207571628,0.01391445943,Yes,No,High,Safe,At Risk
2024-03-18 19:00:00,March,286.5,96.3,1,28.35,7.89,7.97,2.79,3,3,0,0,29.1,33.9,24.1,0.73,3,19.73684211,1.315789474,8.053600318,0.4199844692,0.01317397934,No,No,High,Safe,At Risk
2024-03-18 20:00:00,March,286.5,96.3,1,28.35,7.89,7.97,2.79,3,3,0,0,29.1,33.9,24.1,0.73,3,19.78947368,1.052631579,8.026606756,0.4192117756,0.01243349925,Yes,No,High,Safe,At Risk
2024-03-18 21:00:00,March,286.5,96.3,1,28.35,7.89,7.97,2.79,3,3,0,0,29.1,33.9,24.1,0.73,3,19.84210526,0.7894736842,7.999613194,0.4184390821,0.01169301917,No,No,High,Safe,At Risk
2024-03-18 22:00:00,March,286.5,96.3,1,28.35,7.89,7.97,2.79,3,3,0,0,29.1,33.9,24.1,0.73,3,19.89473684,0.5263157895,7.972619632,0.4176663885,0.01095253908,Yes,No,High,Safe,At Risk
2024-03-18 23:00:00,March,286.5,96.3,1,28.35,7.89,7.97,2.79,3,3,0,0,29.1,33.9,24.1,0.73,3,19.94736842,0.2631578947,7.94562607,0.4168936949,0.010212059,No,No,High,Safe,At Risk
2024-03-19 00:00:00,March,286.5,96.3,1,28.35,7.89,7.97,2.79,3,3,0,0,29.1,33.9,24.1,0.73,3,20,0,7.918632508,0.4161210013,0.00947157891,Yes,No,High,Safe,At Risk
2024-03-19 01:00:00,March,286.5,96.3,1,28.35,7.89,7.97,2.79,3,3,0,0,29.1,33.9,24.1,0.73,3,20,1,8.40973607,0.359313293,0.427016115,No,No,High,Safe,At Risk
2024-03-19 02:00:00,March,286.5,96.3,1,28.35,7.89,7.97,2.79,3,3,0,0,29.1,33.9,24.1,0.73,3,20,2,7.878546446,0.9925377893,-0.02102460189,Yes,No,High,Safe,At Risk
2024-03-19 03:00:00,March,286.5,96.3,1,28.35,7.89,7.97,2.79,3,3,0,0,29.1,33.9,24.1,0.73,3,20,3,8.020759374,0.9120233454,-0.02244770138,No,No,High,Safe,At Risk
2024-03-19 04:00:00,March,286.5,96.3,1,28.35,7.89,7.97,2.79,3,3,1,0,29.1,33.9,24.1,0.73,3,20,4,7.996445091,1.0010623,0.0008888573415,Yes,No,High,Safe,At Risk
2024-03-19 05:00:00,March,286.5,96.3,1,28.35,7.89,7.97,2.79,3,3,0,0,29.1,33.9,24.1,0.73,3,20,5,8.070302807,0.369186148,0.009546296614,No,No,High,Safe,At Risk
2024-03-19 06:00:00,March,286.5,96.3,1,28.35,7.89,7.97,2.79,3,3,0,0,29.1,33.9,24.1,0.73,3,20.05263158,4.736842105,8.087360097,0.3712764061,0.01100748863,Yes,No,High,Safe,At Risk
2024-03-19 07:00:00,March,286.5,96.3,1,28.35,7.89,7.97,2.79,3,3,0,0,29.1,33.9,24.1,0.73,3,20.10526316,4.473684211,8.104417386,0.3733666641,0.01246868064,No,No,High,Safe,At Risk
2024-03-19 08:00:00,March,286.5,96.3,1,28.35,7.89,7.97,2.79,3,3,1,0,29.1,33.9,24.1,0.73,3,20.15789474,4.210526316,8.121474676,0.3754569222,0.01392987266,Yes,No,High,Safe,At Risk
2024-03-19 09:00:00,March,286.5,96.3,1,28.35,7.89,7.97,2.79,3,3,0,0,29.1,33.9,24.1,0.73,3,20.21052632,3.947368421,8.138531965,0.3775471802,0.01539106467,No,No,High,Safe,At Risk
2024-03-19 10:00:00,March,286.5,96.3,1,28.35,7.89,7.97,2.79,3,3,0,0,29.1,33.9,24.1,0.73,3,20.26315789,3.684210526,8.155589255,0.3796374382,0.01685225669,Yes,No,High,Safe,At Risk
2024-03-19 11:00:00,March,286.5,96.3,1,28.35,7.89,7.97,2.79,3,3,1,0,29.1,33.9,24.1,0.73,3,20.31578947,3.421052632,8.172646544,0.3817276963,0.0183134487,No,No,High,Safe,At Risk
2024-03-19 12:00:00,March,286.5,96.3,1,28.35,7.89,7.97,2.79,3,3,0,0,29.1,33.9,24.1,0.73,3,20.36842105,3.157894737,8.189703834,0.3838179543,0.01977464072,Yes,No,High,Safe,At Risk
2024-03-19 13:00:00,March,286.5,96.3,1,28.35,7.89,7.97,2.79,3,3,0,0,29.1,33.9,24.1,0.73,3,20.42105263,2.894736842,8.206761123,0.3859082124,0.02123583273,No,No,High,Safe,At Risk
2024-03-19 14:00:00,March,286.5,96.3,1,28.35,7.89,7.97,2.79,3,3,0,0,29.1,33.9,24.1,0.73,3,20.47368421,2.631578947,8.223818413,0.3879984704,0.02269702475,Yes,No,High,Safe,At Risk
2024-03-19 15:00:00,March,286.5,96.3,1,28.35,7.89,7.97,2.79,3,3,0,0,29.1,33.9,24.1,0.73,3,20.52631579,2.368421053,8.240875702,0.3900887284,0.02415821676,No,No,High,Safe,At Risk
2024-03-19 16:00:00,March,286.5,96.3,1,28.35,7.89,7.97,2.79,3,3,0,0,29.1,33.9,24.1,0.73,3,20.57894737,2.105263158,8.257932992,0.3921789865,0.02561940877,Yes,No,High,Safe,At Risk
2024-03-19 17:00:00,March,286.5,96.3,1,28.35,7.89,7.97,2.79,3,3,0,1,29.1,33.9,24.1,0.73,3,20.63157895,1.842105263,8.274990281,0.3942692445,0.02708060079,No,No,High,Safe,At Risk
2024-03-19 18:00:00,March,286.5,96.3,1,28.35,7.89,7.97,2.79,3,3,0,0,29.1,33.9,24.1,0.73,3,20.68421053,1.578947368,8.292047571,0.3963595026,0.0285417928,Yes,No,High,Safe,At Risk
2024-03-19 19:00:00,March,286.5,96.3,1,28.35,7.89,7.97,2.79,3,3,0,0,29.1,33.9,24.1,0.73,3,20.73684211,1.315789474,8.30910486,0.3984497606,0.03000298482,No,No,High,Safe,At Risk
2024-03-19 20:00:00,March,286.5,96.3,1,28.35,7.89,7.97,2.79,3,3,1,0,29.1,33.9,24.1,0.73,3,20.78947368,1.052631579,8.32616215,0.4005400187,0.03146417683,Yes,No,High,Safe,At Risk
2024-03-19 21:00:00,March,286.5,96.3,1,28.35,7.89,7.97,2.79,3,3,0,0,29.1,33.9,24.1,0.73,3,20.84210526,0.7894736842,8.343219439,0.4026302767,0.03292536885,No,No,High,Safe,At Risk
2024-03-19 22:00:00,March,286.5,96.3,1,28.35,7.89,7.97,2.79,3,3,0,0,29.1,33.9,24.1,0.73,3,20.89473684,0.5263157895,8.360276729,0.4047205347,0.03438656086,Yes,No,High,Safe,At Risk
2024-03-19 23:00:00,March,286.5,96.3,1,28.35,7.89,7.97,2.79,3,3,0,0,29.1,33.9,24.1,0.73,3,20.94736842,0.2631578947,8.377334018,0.4068107928,0.03584775288,No,No,High,Safe,At Risk
2024-03-20 00:00:00,March,286.5,96.3,1,28.35,7.89,7.97,2.79,3,3,0,0,29.1,33.9,24.1,0.73,3,21,0,8.394391308,0.4089010508,0.03730894489,Yes,No,High,Safe,At Risk
2024-03-20 01:00:00,March,286.5,96.3,1,28.35,7.89,7.97,2.79,3,3,0,0,29.1,33.9,24.1,0.73,3,21,1,8.569390313,0.3206459804,0.1090345745,No,No,High,Safe,At Risk
2024-03-20 02:00:00,March,286.5,96.3,1,28.35,7.89,7.97,2.79,3,3,0,0,29.1,33.9,24.1,0.73,3,21,2,8.159251281,0.351101105,0.4918797933,Yes,No,High,Safe,At Risk
2024-03-20 03:00:00,March,286.5,96.3,1,28.35,7.89,7.97,2.79,3,3,0,0,29.1,33.9,24.1,0.73,3,21,3,8.077828082,0.9521629859,-0.0133554939,No,No,High,Safe,At Risk
2024-03-20 04:00:00,March,286.5,96.3,1,28.35,7.89,7.97,2.79,3,3,0,0,29.1,33.9,24.1,0.73,3,21,4,8.277732067,0.2964614094,0.9525075769,Yes,No,High,Safe,At Risk
2024-03-20 05:00:00,March,286.5,96.3,1,28.35,7.89,7.97,2.79,3,3,0,1,29.1,33.9,24.1,0.73,3,21,5,8.045920145,0.4185451102,0.02793175296,No,No,High,Safe,At Risk
2024-03-20 06:00:00,March,286.5,96.3,1,28.35,7.89,7.97,2.79,3,3,0,0,29.1,33.9,24.1,0.73,3,21.05263158,4.736842105,8.044723434,0.44733859,0.02798990965,Yes,No,High,Safe,At Risk
2024-03-20 07:00:00,March,286.5,96.3,1,28.35,7.89,7.97,2.79,3,3,0,0,29.1,33.9,24.1,0.73,3,21.10526316,4.473684211,8.043526723,0.4761320698,0.02804806634,No,No,High,Safe,At Risk
2024-03-20 08:00:00,March,286.5,96.3,1,28.35,7.89,7.97,2.79,3,3,0,0,29.1,33.9,24.1,0.73,3,21.15789474,4.210526316,8.042330013,0.5049255496,0.02810622303,Yes,No,High,Safe,At Risk
2024-03-20 09:00:00,March,286.5,96.3,1,28.35,7.89,7.97,2.79,3,3,0,0,29.1,33.9,24.1,0.73,3,21.21052632,3.947368421,8.041133302,0.5337190294,0.02816437972,No,No,High,Safe,At Risk
2024-03-20 10:00:00,March,286.5,96.3,1,28.35,7.89,7.97,2.79,3,3,0,0,29.1,33.9,24.1,0.73,3,21.26315789,3.684210526,8.039936591,0.5625125092,0.02822253641,Yes,No,High,Safe,At Risk
2024-03-20 11:00:00,March,286.5,96.3,1,28.35,7.89,7.97,2.79,3,3,0,0,29.1,33.9,24.1,0.73,3,21.31578947,3.421052632,8.038739881,0.591305989,0.0282806931,No,No,High,Safe,At Risk
2024-03-20 12:00:00,March,286.5,96.3,1,28.35,7.89,7.97,2.79,3,3,0,0,29.1,33.9,24.1,0.73,3,21.36842105,3.157894737,8.03754317,0.6200994688,0.02833884979,Yes,No,High,Safe,At Risk
2024-03-20 13:00:00,March,286.5,96.3,1,28.35,7.89,7.97,2.79,3,3,1,0,29.1,33.9,24.1,0.73,3,21.42105263,2.894736842,8.036346459,0.6488929486,0.02839700648,No,No,High,Safe,At Risk
2024-03-20 14:00:00,March,286.5,96.3,1,28.35,7.89,7.97,2.79,3,3,0,0,29.1,33.9,24.1,0.73,3,21.47368421,2.631578947,8.035149749,0.6776864284,0.02845516317,Yes,No,High,Safe,At Risk
2024-03-20 15:00:00,March,286.5,96.3,1,28.35,7.89,7.97,2.79,3,3,0,0,29.1,33.9,24.1,0.73,3,21.52631579,2.368421053,8.033953038,0.7064799083,0.02851331987,No,No,High,Safe,At Risk
2024-03-20 16:00:00,March,286.5,96.3,1,28.35,7.89,7.97,2.79,3,3,0,0,29.1,33.9,24.1,0.73,3,21.57894737,2.105263158,8.032756327,0.7352733881,0.02857147656,Yes,No,High,Safe,At Risk
2024-03-20 17:00:00,March,286.5,96.3,1,28.35,7.89,7.97,2.79,3,3,0,0,29.1,33.9,24.1,0.73,3,21.63157895,1.842105263,8.031559616,0.7640668679,0.02862963325,No,No,High,Safe,At Risk
2024-03-20 18:00:00,March,286.5,96.3,1,28.35,7.89,7.97,2.79,3,3,0,0,29.1,33.9,24.1,0.73,3,21.68421053,1.578947368,8.030362906,0.7928603477,0.02868778994,Yes,No,High,Safe,At Risk
2024-03-20 19:00:00,March,286.5,96.3,1,28.35,7.89,7.97,2.79,3,3,0,0,29.1,33.9,24.1,0.73,3,21.73684211,1.315789474,8.029166195,0.8216538275,0.02874594663,No,No,High,Safe,At Risk
2024-03-20 20:00:00,March,286.5,96.3,1,28.35,7.89,7.97,2.79,3,3,0,0,29.1,33.9,24.1,0.73,3,21.78947368,1.052631579,8.027969484,0.8504473073,0.02880410332,Yes,No,High,Safe,At Risk
2024-03-20 21:00:00,March,286.5,96.3,1,28.35,7.89,7.97,2.79,3,3,0,0,29.1,33.9,24.1,0.73,3,21.84210526,0.7894736842,8.026772774,0.8792407871,0.02886226001,No,No,High,Safe,At Risk
2024-03-20 22:00:00,March,286.5,96.3,1,28.35,7.89,7.97,2.79,3,3,0,0,29.1,33.9,24.1,0.73,3,21.89473684,0.5263157895,8.025576063,0.9080342669,0.0289204167,Yes,No,High,Safe,At Risk
2024-03-20 23:00:00,March,286.5,96.3,1,28.35,7.89,7.97,2.79,3,3,0,0,29.1,33.9,24.1,0.73,3,21.94736842,0.2631578947,8.024379352,0.9368277467,0.02897857339,No,No,High,Safe,At Risk
2024-03-21 00:00:00,March,286.5,96.3,1,28.35,7.89,7.97,2.79,3,3,0,0,29.1,33.9,24.1,0.73,3,22,0,8.023182642,0.9656212265,0.02903673008,Yes,No,High,Safe,At Risk
2024-03-21 01:00:00,March,286.5,96.3,1,28.35,7.89,7.97,2.79,3,3,0,0,29.1,33.9,24.1,0.73,3,22,1,8.398325343,0.3212774807,0.1299001256,No,No,High,Safe,At Risk
2024-03-21 02:00:00,March,286.5,96.3,1,28.35,7.89,7.97,2.79,3,3,0,0,29.1,33.9,24.1,0.73,3,22,2,8.540150552,0.9266295236,0.01329330596,Yes,No,High,Safe,At Risk
2024-03-21 03:00:00,March,286.5,96.3,1,28.35,7.89,7.97,2.79,3,3,0,0,29.1,33.9,24.1,0.73,3,22,3,8.074163783,0.9754900862,-0.0176110009,No,No,High,Safe,At Risk
2024-03-21 04:00:00,March,286.5,96.3,1,28.35,7.89,7.97,2.79,3,3,0,0,29.1,33.9,24.1,0.73,3,22,4,7.805494921,0.9837918998,-0.009154763499,Yes,No,High,Safe,At Risk
2024-03-21 05:00:00,March,286.5,96.3,1,28.35,7.89,7.97,2.79,3,3,0,0,29.1,33.9,24.1,0.73,3,22,5,8.253634623,0.4017548583,0.0003558183346,No,No,High,Safe,At Risk
2024-03-21 06:00:00,March,286.5,96.3,1,28.35,7.89,7.97,2.79,3,3,0,0,29.1,33.9,24.1,0.73,3,22.05263158,4.736842105,8.233166896,0.4313539145,0.001268087017,Yes,No,High,Safe,At Risk
2024-03-21 07:00:00,March,286.5,96.3,1,28.35,7.89,7.97,2.79,3,3,1,0,29.1,33.9,24.1,0.73,3,22.10526316,4.473684211,8.212699168,0.4609529707,0.0021803557,No,No,High,Safe,At Risk
2024-03-21 08:00:00,March,286.5,96.3,1,28.35,7.89,7.97,2.79,3,3,0,0,29.1,33.9,24.1,0.73,3,22.15789474,4.210526316,8.192231441,0.490552027,0.003092624382,Yes,No,High,Safe,At Risk
2024-03-21 09:00:00,March,286.5,96.3,1,28.35,7.89,7.97,2.79,3,3,1,0,29.1,33.9,24.1,0.73,3,22.21052632,3.947368421,8.171763713,0.5201510832,0.004004893065,No,No,High,Safe,At Risk
2024-03-21 10:00:00,March,286.5,96.3,1,28.35,7.89,7.97,2.79,3,3,0,1,29.1,33.9,24.1,0.73,3,22.26315789,3.684210526,8.151295986,0.5497501394,0.004917161747,Yes,No,High,Safe,At Risk
2024-03-21 11:00:00,March,286.5,96.3,1,28.35,7.89,7.97,2.79,3,3,0,0,29.1,33.9,24.1,0.73,3,22.31578947,3.421052632,8.130828258,0.5793491956,0.00582943043,No,No,High,Safe,At Risk
2024-03-21 12:00:00,March,286.5,96.3,1,28.35,7.89,7.97,2.79,3,3,1,0,29.1,33.9,24.1,0.73,3,22.36842105,3.157894737,8.110360531,0.6089482518,0.006741699112,Yes,No,High,Safe,At Risk
2024-03-21 13:00:00,March,286.5,96.3,1,28.35,7.89,7.97,2.79,3,3,0,0,29.1,33.9,24.1,0.73,3,22.42105263,2.894736842,8.089892804,0.638547308,0.007653967795,No,No,High,Safe,At Risk
2024-03-21 14:00:00,March,286.5,96.3,1,28.35,7.89,7.97,2.79,3,3,0,0,29.1,33.9,24.1,0.73,3,22.47368421,2.631578947,8.069425076,0.6681463643,0.008566236478,Yes,No,High,Safe,At Risk
2024-03-21 15:00:00,March,286.5,96.3,1,28.35,7.89,7.97,2.79,3,3,0,0,29.1,33.9,24.1,0.73,3,22.52631579,2.368421053,8.048957349,0.6977454205,0.00947850516,No,No,High,Safe,At Risk
2024-03-21 16:00:00,March,286.5,96.3,1,28.35,7.89,7.97,2.79,3,3,0,0,29.1,33.9,24.1,0.73,3,22.57894737,2.105263158,8.028489621,0.7273444767,0.01039077384,Yes,No,High,Safe,At Risk
2024-03-21 17:00:00,March,286.5,96.3,1,28.35,7.89,7.97,2.79,3,3,1,1,29.1,33.9,24.1,0.73,3,22.63157895,1.842105263,8.008021894,0.7569435329,0.01130304253,No,No,High,Safe,At Risk
2024-03-21 18:00:00,March,286.5,96.3,1,28.35,7.89,7.97,2.79,3,3,0,0,29.1,33.9,24.1,0.73,3,22.68421053,1.578947368,7.987554166,0.7865425891,0.01221531121,Yes,No,High,Safe,At Risk
2024-03-21 19:00:00,March,286.5,96.3,1,28.35,7.89,7.97,2.79,3,3,1,0,29.1,33.9,24.1,0.73,3,22.73684211,1.315789474,7.967086439,0.8161416453,0.01312757989,No,No,High,Safe,At Risk
2024-03-21 20:00:00,March,286.5,96.3,1,28.35,7.89,7.97,2.79,3,3,0,0,29.1,33.9,24.1,0.73,3,22.78947368,1.052631579,7.946618711,0.8457407016,0.01403984857,Yes,No,High,Safe,At Risk
2024-03-21 21:00:00,March,286.5,96.3,1,28.35,7.89,7.97,2.79,3,3,0,0,29.1,33.9,24.1,0.73,3,22.84210526,0.7894736842,7.926150984,0.8753397578,0.01495211726,No,No,High,Safe,At Risk
2024-03-21 22:00:00,March,286.5,96.3,1,28.35,7.89,7.97,2.79,3,3,0,0,29.1,33.9,24.1,0.73,3,22.89473684,0.5263157895,7.905683256,0.904938814,0.01586438594,Yes,No,High,Safe,At Risk
2024-03-21 23:00:00,March,286.5,96.3,1,28.35,7.89,7.97,2.79,3,3,1,0,29.1,33.9,24.1,0.73,3,22.94736842,0.2631578947,7.885215529,0.9345378702,0.01677665462,No,No,High,Safe,At Risk
2024-03-22 00:00:00,March,286.5,96.3,1,28.35,7.89,7.97,2.79,3,3,0,0,29.1,33.9,24.1,0.73,3,23,0,7.864747801,0.9641369264,0.0176889233,Yes,No,High,Safe,At Risk
2024-03-22 01:00:00,March,286.5,96.3,1,28.35,7.89,7.97,2.79,3,3,0,0,29.1,33.9,24.1,0.73,3,23,1,7.817588539,0.337059295,0.1443172845,No,No,High,Safe,At Risk
2024-03-22 02:00:00,March,286.5,96.3,1,28.35,7.89,7.97,2.79,3,3,0,0,29.1,33.9,24.1,0.73,3,23,2,8.261527254,0.9882556791,0.03546627072,Yes,No,High,Safe,At Risk
2024-03-22 03:00:00,March,286.5,96.3,1,28.35,7.89,7.97,2.79,3,3,1,1,29.1,33.9,24.1,0.73,3,23,3,7.890794804,0.9673336207,-0.01635472475,No,No,High,Safe,At Risk
2024-03-22 04:00:00,March,286.5,96.3,1,28.35,7.89,7.97,2.79,3,3,0,0,29.1,33.9,24.1,0.73,3,23,4,8.291370838,0.259075085,0.8783899441,Yes,No,High,Safe,At Risk
2024-03-22 05:00:00,March,286.5,96.3,1,28.35,7.89,7.97,2.79,3,3,1,0,29.1,33.9,24.1,0.73,3,23,5,7.928300896,0.3767151286,0.03156405157,No,No,High,Safe,At Risk
2024-03-22 06:00:00,March,286.5,96.3,1,28.35,7.89,7.97,2.79,3,3,0,0,29.1,33.9,24.1,0.73,3,23.05263158,4.736842105,7.928935636,0.3775593057,0.02982686692,Yes,No,High,Safe,At Risk
2024-03-22 07:00:00,March,286.5,96.3,1,28.35,7.89,7.97,2.79,3,3,1,0,29.1,33.9,24.1,0.73,3,23.10526316,4.473684211,7.929570375,0.3784034827,0.02808968228,No,No,High,Safe,At Risk
2024-03-22 08:00:00,March,286.5,96.3,1,28.35,7.89,7.97,2.79,3,3,0,0,29.1,33.9,24.1,0.73,3,23.15789474,4.210526316,7.930205115,0.3792476598,0.02635249764,Yes,No,High,Safe,At Risk
2024-03-22 09:00:00,March,286.5,96.3,1,28.35,7.89,7.97,2.79,3,3,0,0,29.1,33.9,24.1,0.73,3,23.21052632,3.947368421,7.930839855,0.3800918369,0.02461531299,No,No,High,Safe,At Risk
2024-03-22 10:00:00,March,286.5,96.3,1,28.35,7.89,7.97,2.79,3,3,0,0,29.1,33.9,24.1,0.73,3,23.26315789,3.684210526,7.931474595,0.3809360139,0.02287812835,Yes,No,High,Safe,At Risk
2024-03-22 11:00:00,March,286.5,96.3,1,28.35,7.89,7.97,2.79,3,3,0,0,29.1,33.9,24.1,0.73,3,23.31578947,3.421052632,7.932109334,0.381780191,0.02114094371,No,No,High,Safe,At Risk
2024-03-22 12:00:00,March,286.5,96.3,1,28.35,7.89,7.97,2.79,3,3,0,0,29.1,33.9,24.1,0.73,3,23.36842105,3.157894737,7.932744074,0.3826243681,0.01940375906,Yes,No,High,Safe,At Risk
2024-03-22 13:00:00,March,286.5,96.3,1,28.35,7.89,7.97,2.79,3,3,0,0,29.1,33.9,24.1,0.73,3,23.42105263,2.894736842,7.933378814,0.3834685451,0.01766657442,No,No,High,Safe,At Risk
2024-03-22 14:00:00,March,286.5,96.3,1,28.35,7.89,7.97,2.79,3,3,0,1,29.1,33.9,24.1,0.73,3,23.47368421,2.631578947,7.934013554,0.3843127222,0.01592938978,Yes,No,High,Safe,At Risk
2024-03-22 15:00:00,March,286.5,96.3,1,28.35,7.89,7.97,2.79,3,3,0,0,29.1,33.9,24.1,0.73,3,23.52631579,2.368421053,7.934648293,0.3851568993,0.01419220513,No,No,High,Safe,At Risk
2024-03-22 16:00:00,March,286.5,96.3,1,28.35,7.89,7.97,2.79,3,3,0,0,29.1,33.9,24.1,0.73,3,23.57894737,2.105263158,7.935283033,0.3860010763,0.01245502049,Yes,No,High,Safe,At Risk
2024-03-22 17:00:00,March,286.5,96.3,1,28.35,7.89,7.97,2.79,3,3,0,0,29.1,33.9,24.1,0.73,3,23.63157895,1.842105263,7.935917773,0.3868452534,0.01071783585,No,No,High,Safe,At Risk
2024-03-22 18:00:00,March,286.5,96.3,1,28.35,7.89,7.97,2.79,3,3,0,0,29.1,33.9,24.1,0.73,3,23.68421053,1.578947368,7.936552512,0.3876894305,0.008980651203,Yes,No,High,Safe,At Risk
2024-03-22 19:00:00,March,286.5,96.3,1,28.35,7.89,7.97,2.79,3,3,0,0,29.1,33.9,24.1,0.73,3,23.73684211,1.315789474,7.937187252,0.3885336076,0.00724346656,No,No,High,Safe,At Risk
2024-03-22 20:00:00,March,286.5,96.3,1,28.35,7.89,7.97,2.79,3,3,0,0,29.1,33.9,24.1,0.73,3,23.78947368,1.052631579,7.937821992,0.3893777846,0.005506281917,Yes,No,High,Safe,At Risk
2024-03-22 21:00:00,March,286.5,96.3,1,28.35,7.89,7.97,2.79,3,3,0,0,29.1,33.9,24.1,0.73,3,23.84210526,0.7894736842,7.938456732,0.3902219617,0.003769097274,No,No,High,Safe,At Risk
2024-03-22 22:00:00,March,286.5,96.3,1,28.35,7.89,7.97,2.79,3,3,1,0,29.1,33.9,24.1,0.73,3,23.89473684,0.5263157895,7.939091471,0.3910661388,0.00203191263,Yes,No,High,Safe,At Risk
2024-03-22 23:00:00,March,286.5,96.3,1,28.35,7.89,7.97,2.79,3,3,0,0,29.1,33.9,24.1,0.73,3,23.94736842,0.2631578947,7.939726211,0.3919103158,0.0002947279871,No,No,High,Safe,At Risk
2024-03-23 00:00:00,March,286.5,96.3,1,28.35,7.89,7.97,2.79,3,3,1,0,29.1,33.9,24.1,0.73,3,24,0,7.940360951,0.3927544929,-0.001442456656,Yes,No,High,Safe,At Risk
2024-03-23 01:00:00,March,286.5,96.3,1,28.35,7.89,7.97,2.79,3,3,0,0,29.1,33.9,24.1,0.73,3,24,1,8.50981258,0.3153869352,0.09142640279,No,No,High,Safe,At Risk
2024-03-23 02:00:00,March,286.5,96.3,1,28.35,7.89,7.97,2.79,3,3,1,0,29.1,33.9,24.1,0.73,3,24,2,7.757851789,0.9216437232,-0.01720592028,Yes,No,High,Safe,At Risk
2024-03-23 03:00:00,March,286.5,96.3,1,28.35,7.89,7.97,2.79,3,3,0,1,29.1,33.9,24.1,0.73,3,24,3,8.213667082,0.3352322105,0.8676107781,No,No,High,Safe,At Risk
2024-03-23 04:00:00,March,286.5,96.3,1,28.35,7.89,7.97,2.79,3,3,1,0,29.1,33.9,24.1,0.73,3,24,4,8.339260896,0.3114674375,0.8330462434,Yes,No,High,Safe,At Risk
2024-03-23 05:00:00,March,286.5,96.3,1,28.35,7.89,7.97,2.79,3,3,0,0,29.1,33.9,24.1,0.73,3,24,5,8.399753478,0.3622251888,-0.01202216634,No,No,High,Safe,At Risk
2024-03-23 06:00:00,March,286.5,96.3,1,28.35,7.89,7.97,2.79,3,3,1,0,29.1,33.9,24.1,0.73,3,24.05263158,4.736842105,8.406421562,0.3652133582,-0.01010127559,Yes,No,High,Safe,At Risk
2024-03-23 07:00:00,March,286.5,96.3,1,28.35,7.89,7.97,2.79,3,3,0,0,29.1,33.9,24.1,0.73,3,24.10526316,4.473684211,8.413089646,0.3682015277,-0.008180384836,No,No,High,Safe,At Risk
2024-03-23 08:00:00,March,286.5,96.3,1,28.35,7.89,7.97,2.79,3,3,0,0,29.1,33.9,24.1,0.73,3,24.15789474,4.210526316,8.41975773,0.3711896971,-0.006259494082,Yes,No,High,Safe,At Risk
2024-03-23 09:00:00,March,286.5,96.3,1,28.35,7.89,7.97,2.79,3,3,0,0,29.1,33.9,24.1,0.73,3,24.21052632,3.947368421,8.426425814,0.3741778665,-0.004338603328,No,No,High,Safe,At Risk
2024-03-23 10:00:00,March,286.5,96.3,1,28.35,7.89,7.97,2.79,3,3,0,0,29.1,33.9,24.1,0.73,3,24.26315789,3.684210526,8.433093897,0.3771660359,-0.002417712573,Yes,No,High,Safe,At Risk
2024-03-23 11:00:00,March,286.5,96.3,1,28.35,7.89,7.97,2.79,3,3,1,1,29.1,33.9,24.1,0.73,3,24.31578947,3.421052632,8.439761981,0.3801542053,-0.0004968218193,No,No,High,Safe,At Risk
2024-03-23 12:00:00,March,286.5,96.3,1,28.35,7.89,7.97,2.79,3,3,0,0,29.1,33.9,24.1,0.73,3,24.36842105,3.157894737,8.446430065,0.3831423747,0.001424068935,Yes,No,High,Safe,At Risk
2024-03-23 13:00:00,March,286.5,96.3,1,28.35,7.89,7.97,2.79,3,3,0,0,29.1,33.9,24.1,0.73,3,24.42105263,2.894736842,8.453098149,0.3861305441,0.003344959689,No,No,High,Safe,At Risk
2024-03-23 14:00:00,March,286.5,96.3,1,28.35,7.89,7.97,2.79,3,3,0,1,29.1,33.9,24.1,0.73,3,24.47368421,2.631578947,8.459766233,0.3891187135,0.005265850443,Yes,No,High,Safe,At Risk
2024-03-23 15:00:00,March,286.5,96.3,1,28.35,7.89,7.97,2.79,3,3,1,1,29.1,33.9,24.1,0.73,3,24.52631579,2.368421053,8.466434317,0.3921068829,0.007186741197,No,No,High,Safe,At Risk
2024-03-23 16:00:00,March,286.5,96.3,1,28.35,7.89,7.97,2.79,3,3,0,0,29.1,33.9,24.1,0.73,3,24.57894737,2.105263158,8.473102401,0.3950950523,0.009107631952,Yes,No,High,Safe,At Risk
2024-03-23 17:00:00,March,286.5,96.3,1,28.35,7.89,7.97,2.79,3,3,0,0,29.1,33.9,24.1,0.73,3,24.63157895,1.842105263,8.479770484,0.3980832217,0.01102852271,No,No,High,Safe,At Risk
2024-03-23 18:00:00,March,286.5,96.3,1,28.35,7.89,7.97,2.79,3,3,0,0,29.1,33.9,24.1,0.73,3,24.68421053,1.578947368,8.486438568,0.4010713911,0.01294941346,Yes,No,High,Safe,At Risk
2024-03-23 19:00:00,March,286.5,96.3,1,28.35,7.89,7.97,2.79,3,3,0,0,29.1,33.9,24.1,0.73,3,24.73684211,1.315789474,8.493106652,0.4040595605,0.01487030421,No,No,High,Safe,At Risk
2024-03-23 20:00:00,March,286.5,96.3,1,28.35,7.89,7.97,2.79,3,3,1,0,29.1,33.9,24.1,0.73,3,24.78947368,1.052631579,8.499774736,0.4070477299,0.01679119497,Yes,No,High,Safe,At Risk
2024-03-23 21:00:00,March,286.5,96.3,1,28.35,7.89,7.97,2.79,3,3,0,0,29.1,33.9,24.1,0.73,3,24.84210526,0.7894736842,8.50644282,0.4100358993,0.01871208572,No,No,High,Safe,At Risk
2024-03-23 22:00:00,March,286.5,96.3,1,28.35,7.89,7.97,2.79,3,3,0,0,29.1,33.9,24.1,0.73,3,24.89473684,0.5263157895,8.513110904,0.4130240687,0.02063297648,Yes,No,High,Safe,At Risk
2024-03-23 23:00:00,March,286.5,96.3,1,28.35,7.89,7.97,2.79,3,3,0,0,29.1,33.9,24.1,0.73,3,24.94736842,0.2631578947,8.519778988,0.4160122381,0.02255386723,No,No,High,Safe,At Risk
2024-03-24 00:00:00,March,286.5,96.3,1,28.35,7.89,7.97,2.79,3,3,1,0,29.1,33.9,24.1,0.73,3,25,0,8.526447072,0.4190004075,0.02447475799,Yes,No,High,Safe,At Risk
2024-03-24 01:00:00,March,286.5,96.3,1,28.35,7.89,7.97,2.79,3,3,0,0,29.1,33.9,24.1,0.73,3,25,1,7.886850995,0.9395399953,0.007957592728,No,No,High,Safe,At Risk
2024-03-24 02:00:00,March,286.5,96.3,1,28.35,7.89,7.97,2.79,3,3,0,0,29.1,33.9,24.1,0.73,3,25,2,7.711528112,0.9499949564,0.01653984138,Yes,No,High,Safe,At Risk
2024-03-24 03:00:00,March,286.5,96.3,1,28.35,7.89,7.97,2.79,3,3,0,0,29.1,33.9,24.1,0.73,3,25,3,8.218446843,0.3089969411,0.8495326965,No,No,High,Safe,At Risk
2024-03-24 04:00:00,March,286.5,96.3,1,28.35,7.89,7.97,2.79,3,3,0,0,29.1,33.9,24.1,0.73,3,25,4,7.926039606,0.9570566112,0.03148116392,Yes,No,High,Safe,At Risk
2024-03-24 05:00:00,March,286.5,96.3,1,28.35,7.89,7.97,2.79,3,3,0,0,29.1,33.9,24.1,0.73,3,25,5,7.980000883,0.987230301,-0.02974443522,No,No,High,Safe,At Risk
2024-03-24 06:00:00,March,286.5,96.3,1,28.35,7.89,7.97,2.79,3,3,1,0,29.1,33.9,24.1,0.73,3,25.05263158,4.736842105,7.989923405,0.9573427088,-0.02775458015,Yes,No,High,Safe,At Risk
2024-03-24 07:00:00,March,286.5,96.3,1,28.35,7.89,7.97,2.79,3,3,0,0,29.1,33.9,24.1,0.73,3,25.10526316,4.473684211,7.999845928,0.9274551165,-0.02576472508,No,No,High,Safe,At Risk
2024-03-24 08:00:00,March,286.5,96.3,1,28.35,7.89,7.97,2.79,3,3,0,0,29.1,33.9,24.1,0.73,3,25.15789474,4.210526316,8.00976845,0.8975675242,-0.02377487,Yes,No,High,Safe,At Risk
2024-03-24 09:00:00,March,286.5,96.3,1,28.35,7.89,7.97,2.79,3,3,0,1,29.1,33.9,24.1,0.73,3,25.21052632,3.947368421,8.019690972,0.867679932,-0.02178501493,No,No,High,Safe,At Risk
2024-03-24 10:00:00,March,286.5,96.3,1,28.35,7.89,7.97,2.79,3,3,0,0,29.1,33.9,24.1,0.73,3,25.26315789,3.684210526,8.029613494,0.8377923397,-0.01979515986,Yes,No,High,Safe,At Risk
2024-03-24 11:00:00,March,286.5,96.3,1,28.35,7.89,7.97,2.79,3,3,0,0,29.1,33.9,24.1,0.73,3,25.31578947,3.421052632,8.039536016,0.8079047475,-0.01780530479,No,No,High,Safe,At Risk
2024-03-24 12:00:00,March,286.5,96.3,1,28.35,7.89,7.97,2.79,3,3,0,0,29.1,33.9,24.1,0.73,3,25.36842105,3.157894737,8.049458538,0.7780171552,-0.01581544972,Yes,No,High,Safe,At Risk
2024-03-24 13:00:00,March,286.5,96.3,1,28.35,7.89,7.97,2.79,3,3,0,1,29.1,33.9,24.1,0.73,3,25.42105263,2.894736842,8.05938106,0.7481295629,-0.01382559465,No,No,High,Safe,At Risk
2024-03-24 14:00:00,March,286.5,96.3,1,28.35,7.89,7.97,2.79,3,3,0,0,29.1,33.9,24.1,0.73,3,25.47368421,2.631578947,8.069303583,0.7182419707,-0.01183573958,Yes,No,High,Safe,At Risk
2024-03-24 15:00:00,March,286.5,96.3,1,28.35,7.89,7.97,2.79,3,3,0,1,29.1,33.9,24.1,0.73,3,25.52631579,2.368421053,8.079226105,0.6883543784,-0.009845884507,No,No,High,Safe,At Risk
2024-03-24 16:00:00,March,286.5,96.3,1,28.35,7.89,7.97,2.79,3,3,0,0,29.1,33.9,24.1,0.73,3,25.57894737,2.105263158,8.089148627,0.6584667861,-0.007856029436,Yes,No,High,Safe,At Risk
2024-03-24 17:00:00,March,286.5,96.3,1,28.35,7.89,7.97,2.79,3,3,0,1,29.1,33.9,24.1,0.73,3,25.63157895,1.842105263,8.099071149,0.6285791939,-0.005866174365,No,No,High,Safe,At Risk
2024-03-24 18:00:00,March,286.5,96.3,1,28.35,7.89,7.97,2.79,3,3,0,0,29.1,33.9,24.1,0.73,3,25.68421053,1.578947368,8.108993671,0.5986916016,-0.003876319294,Yes,No,High,Safe,At Risk
2024-03-24 19:00:00,March,286.5,96.3,1,28.35,7.89,7.97,2.79,3,3,0,0,29.1,33.9,24.1,0.73,3,25.73684211,1.315789474,8.118916193,0.5688040094,-0.001886464223,No,No,High,Safe,At Risk
2024-03-24 20:00:00,March,286.5,96.3,1,28.35,7.89,7.97,2.79,3,3,0,0,29.1,33.9,24.1,0.73,3,25.78947368,1.052631579,8.128838716,0.5389164171,0.0001033908483,Yes,No,High,Safe,At Risk
2024-03-24 21:00:00,March,286.5,96.3,1,28.35,7.89,7.97,2.79,3,3,0,0,29.1,33.9,24.1,0.73,3,25.84210526,0.7894736842,8.138761238,0.5090288248,0.002093245919,No,No,High,Safe,At Risk
2024-03-24 22:00:00,March,286.5,96.3,1,28.35,7.89,7.97,2.79,3,3,0,0,29.1,33.9,24.1,0.73,3,25.89473684,0.5263157895,8.14868376,0.4791412326,0.00408310099,Yes,No,High,Safe,At Risk
2024-03-24 23:00:00,March,286.5,96.3,1,28.35,7.89,7.97,2.79,3,3,0,0,29.1,33.9,24.1,0.73,3,25.94736842,0.2631578947,8.158606282,0.4492536403,0.006072956062,No,No,High,Safe,At Risk
2024-03-25 00:00:00,March,286.5,96.3,1,28.35,7.89,7.97,2.79,3,3,0,0,29.1,33.9,24.1,0.73,3,26,0,8.168528804,0.419366048,0.008062811133,Yes,No,High,Safe,At Risk
2024-03-25 01:00:00,March,286.5,96.3,1,28.35,7.89,7.97,2.79,3,3,1,0,29.1,33.9,24.1,0.73,3,26,1,8.533404559,0.2876817522,0.1256374665,No,No,High,Safe,At Risk
2024-03-25 02:00:00,March,286.5,96.3,1,28.35,7.89,7.97,2.79,3,3,1,0,29.1,33.9,24.1,0.73,3,26,2,8.034943208,0.3357908875,0.4687109652,Yes,No,High,Safe,At Risk
2024-03-25 03:00:00,March,286.5,96.3,1,28.35,7.89,7.97,2.79,3,3,0,0,29.1,33.9,24.1,0.73,3,26,3,8.320400147,0.3144668821,0.8356913439,No,No,High,Safe,At Risk
2024-03-25 04:00:00,March,286.5,96.3,1,28.35,7.89,7.97,2.79,3,3,0,1,29.1,33.9,24.1,0.73,3,26,4,7.708868855,0.9894717041,0.006109825137,Yes,No,High,Safe,At Risk
2024-03-25 05:00:00,March,286.5,96.3,1,28.35,7.89,7.97,2.79,3,3,0,0,29.1,33.9,24.1,0.73,3,26,5,8.242242126,0.3786528787,0.01766088334,No,No,High,Safe,At Risk
2024-03-25 06:00:00,March,286.5,96.3,1,28.35,7.89,7.97,2.79,3,3,0,0,29.1,33.9,24.1,0.73,3,26.05263158,4.736842105,8.233359818,0.3807253563,0.01775348887,Yes,No,High,Safe,At Risk
2024-03-25 07:00:00,March,286.5,96.3,1,28.35,7.89,7.97,2.79,3,3,0,0,29.1,33.9,24.1,0.73,3,26.10526316,4.473684211,8.22447751,0.3827978339,0.01784609439,No,No,High,Safe,At Risk
2024-03-25 08:00:00,March,286.5,96.3,1,28.35,7.89,7.97,2.79,3,3,0,0,29.1,33.9,24.1,0.73,3,26.15789474,4.210526316,8.215595202,0.3848703115,0.01793869992,Yes,No,High,Safe,At Risk
2024-03-25 09:00:00,March,286.5,96.3,1,28.35,7.89,7.97,2.79,3,3,0,0,29.1,33.9,24.1,0.73,3,26.21052632,3.947368421,8.206712893,0.3869427891,0.01803130544,No,No,High,Safe,At Risk
2024-03-25 10:00:00,March,286.5,96.3,1,28.35,7.89,7.97,2.79,3,3,0,0,29.1,33.9,24.1,0.73,3,26.26315789,3.684210526,8.197830585,0.3890152667,0.01812391097,Yes,No,High,Safe,At Risk
2024-03-25 11:00:00,March,286.5,96.3,1,28.35,7.89,7.97,2.79,3,3,1,0,29.1,33.9,24.1,0.73,3,26.31578947,3.421052632,8.188948277,0.3910877443,0.01821651649,No,No,High,Safe,At Risk
2024-03-25 12:00:00,March,286.5,96.3,1,28.35,7.89,7.97,2.79,3,3,0,0,29.1,33.9,24.1,0.73,3,26.36842105,3.157894737,8.180065969,0.3931602219,0.01830912201,Yes,No,High,Safe,At Risk
2024-03-25 13:00:00,March,286.5,96.3,1,28.35,7.89,7.97,2.79,3,3,0,0,29.1,33.9,24.1,0.73,3,26.42105263,2.894736842,8.171183661,0.3952326995,0.01840172754,No,No,High,Safe,At Risk
2024-03-25 14:00:00,March,286.5,96.3,1,28.35,7.89,7.97,2.79,3,3,0,0,29.1,33.9,24.1,0.73,3,26.47368421,2.631578947,8.162301353,0.3973051772,0.01849433306,Yes,No,High,Safe,At Risk
2024-03-25 15:00:00,March,286.5,96.3,1,28.35,7.89,7.97,2.79,3,3,0,0,29.1,33.9,24.1,0.73,3,26.52631579,2.368421053,8.153419045,0.3993776548,0.01858693859,No,No,High,Safe,At Risk
2024-03-25 16:00:00,March,286.5,96.3,1,28.35,7.89,7.97,2.79,3,3,0,0,29.1,33.9,24.1,0.73,3,26.57894737,2.105263158,8.144536737,0.4014501324,0.01867954411,Yes,No,High,Safe,At Risk
2024-03-25 17:00:00,March,286.5,96.3,1,28.35,7.89,7.97,2.79,3,3,0,0,29.1,33.9,24.1,0.73,3,26.63157895,1.842105263,8.135654429,0.40352261,0.01877214964,No,No,High,Safe,At Risk
2024-03-25 18:00:00,March,286.5,96.3,1,28.35,7.89,7.97,2.79,3,3,0,0,29.1,33.9,24.1,0.73,3,26.68421053,1.578947368,8.126772121,0.4055950876,0.01886475516,Yes,No,High,Safe,At Risk
2024-03-25 19:00:00,March,286.5,96.3,1,28.35,7.89,7.97,2.79,3,3,0,0,29.1,33.9,24.1,0.73,3,26.73684211,1.315789474,8.117889813,0.4076675652,0.01895736068,No,No,High,Safe,At Risk
2024-03-25 20:00:00,March,286.5,96.3,1,28.35,7.89,7.97,2.79,3,3,0,0,29.1,33.9,24.1,0.73,3,26.78947368,1.052631579,8.109007505,0.4097400428,0.01904996621,Yes,No,High,Safe,At Risk
2024-03-25 21:00:00,March,286.5,96.3,1,28.35,7.89,7.97,2.79,3,3,0,0,29.1,33.9,24.1,0.73,3,26.84210526,0.7894736842,8.100125197,0.4118125204,0.01914257173,No,No,High,Safe,At Risk
2024-03-25 22:00:00,March,286.5,96.3,1,28.35,7.89,7.97,2.79,3,3,0,1,29.1,33.9,24.1,0.73,3,26.89473684,0.5263157895,8.091242889,0.413884998,0.01923517726,Yes,No,High,Safe,At Risk
2024-03-25 23:00:00,March,286.5,96.3,1,28.35,7.89,7.97,2.79,3,3,0,0,29.1,33.9,24.1,0.73,3,26.94736842,0.2631578947,8.082360581,0.4159574756,0.01932778278,No,No,High,Safe,At Risk
2024-03-26 00:00:00,March,286.5,96.3,1,28.35,7.89,7.97,2.79,3,3,0,0,29.1,33.9,24.1,0.73,3,27,0,8.073478273,0.4180299532,0.01942038831,Yes,No,High,Safe,At Risk
2024-03-26 01:00:00,March,286.5,96.3,1,28.35,7.89,7.97,2.79,3,3,0,0,29.1,33.9,24.1,0.73,3,27,1,8.58181339,0.3260225172,0.1299934713,No,No,High,Safe,At Risk
2024-03-26 02:00:00,March,286.5,96.3,1,28.35,7.89,7.97,2.79,3,3,0,1,29.1,33.9,24.1,0.73,3,27,2,8.075631991,0.3725790701,0.4395702816,Yes,No,High,Safe,At Risk
2024-03-26 03:00:00,March,286.5,96.3,1,28.35,7.89,7.97,2.79,3,3,0,1,29.1,33.9,24.1,0.73,3,27,3,8.173064527,0.2493538834,0.9271670228,No,No,High,Safe,At Risk
2024-03-26 04:00:00,March,286.5,96.3,1,28.35,7.89,7.97,2.79,3,3,0,0,29.1,33.9,24.1,0.73,3,27,4,7.546426636,0.9501606142,0.001681980855,Yes,No,High,Safe,At Risk
2024-03-26 05:00:00,March,286.5,96.3,1,28.35,7.89,7.97,2.79,3,3,1,0,29.1,33.9,24.1,0.73,3,27,5,8.018288141,0.3737956592,0.01921988577,No,No,High,Safe,At Risk
2024-03-26 06:00:00,March,286.5,96.3,1,28.35,7.89,7.97,2.79,3,3,0,1,29.1,33.9,24.1,0.73,3,27.05263158,4.736842105,8.001100898,0.4040094877,0.01793465282,Yes,No,High,Safe,At Risk
2024-03-26 07:00:00,March,286.5,96.3,1,28.35,7.89,7.97,2.79,3,3,1,0,29.1,33.9,24.1,0.73,3,27.10526316,4.473684211,7.983913654,0.4342233162,0.01664941987,No,No,High,Safe,At Risk
2024-03-26 08:00:00,March,286.5,96.3,1,28.35,7.89,7.97,2.79,3,3,1,0,29.1,33.9,24.1,0.73,3,27.15789474,4.210526316,7.96672641,0.4644371447,0.01536418692,Yes,No,High,Safe,At Risk
2024-03-26 09:00:00,March,286.5,96.3,1,28.35,7.89,7.97,2.79,3,3,0,0,29.1,33.9,24.1,0.73,3,27.21052632,3.947368421,7.949539167,0.4946509732,0.01407895397,No,No,High,Safe,At Risk
2024-03-26 10:00:00,March,286.5,96.3,1,28.35,7.89,7.97,2.79,3,3,0,0,29.1,33.9,24.1,0.73,3,27.26315789,3.684210526,7.932351923,0.5248648017,0.01279372102,Yes,No,High,Safe,At Risk
2024-03-26 11:00:00,March,286.5,96.3,1,28.35,7.89,7.97,2.79,3,3,1,0,29.1,33.9,24.1,0.73,3,27.31578947,3.421052632,7.915164679,0.5550786302,0.01150848807,No,No,High,Safe,At Risk
2024-03-26 12:00:00,March,286.5,96.3,1,28.35,7.89,7.97,2.79,3,3,0,0,29.1,33.9,24.1,0.73,3,27.36842105,3.157894737,7.897977436,0.5852924587,0.01022325512,Yes,No,High,Safe,At Risk
2024-03-26 13:00:00,March,286.5,96.3,1,28.35,7.89,7.97,2.79,3,3,0,0,29.1,33.9,24.1,0.73,3,27.42105263,2.894736842,7.880790192,0.6155062872,0.008938022174,No,No,High,Safe,At Risk
2024-03-26 14:00:00,March,286.5,96.3,1,28.35,7.89,7.97,2.79,3,3,0,0,29.1,33.9,24.1,0.73,3,27.47368421,2.631578947,7.863602948,0.6457201157,0.007652789224,Yes,No,High,Safe,At Risk
2024-03-26 15:00:00,March,286.5,96.3,1,28.35,7.89,7.97,2.79,3,3,0,0,29.1,33.9,24.1,0.73,3,27.52631579,2.368421053,7.846415705,0.6759339442,0.006367556274,No,No,High,Safe,At Risk
2024-03-26 16:00:00,March,286.5,96.3,1,28.35,7.89,7.97,2.79,3,3,0,0,29.1,33.9,24.1,0.73,3,27.57894737,2.105263158,7.829228461,0.7061477727,0.005082323324,Yes,No,High,Safe,At Risk
2024-03-26 17:00:00,March,286.5,96.3,1,28.35,7.89,7.97,2.79,3,3,0,0,29.1,33.9,24.1,0.73,3,27.63157895,1.842105263,7.812041217,0.7363616012,0.003797090374,No,No,High,Safe,At Risk
2024-03-26 18:00:00,March,286.5,96.3,1,28.35,7.89,7.97,2.79,3,3,0,0,29.1,33.9,24.1,0.73,3,27.68421053,1.578947368,7.794853974,0.7665754297,0.002511857424,Yes,No,High,Safe,At Risk
2024-03-26 19:00:00,March,286.5,96.3,1,28.35,7.89,7.97,2.79,3,3,0,0,29.1,33.9,24.1,0.73,3,27.73684211,1.315789474,7.77766673,0.7967892582,0.001226624474,No,No,High,Safe,At Risk
2024-03-26 20:00:00,March,286.5,96.3,1,28.35,7.89,7.97,2.79,3,3,1,0,29.1,33.9,24.1,0.73,3,27.78947368,1.052631579,7.760479486,0.8270030867,-0.00005860847628,Yes,No,High,Safe,At Risk
2024-03-26 21:00:00,March,286.5,96.3,1,28.35,7.89,7.97,2.79,3,3,0,0,29.1,33.9,24.1,0.73,3,27.84210526,0.7894736842,7.743292243,0.8572169152,-0.001343841426,No,No,High,Safe,At Risk
2024-03-26 22:00:00,March,286.5,96.3,1,28.35,7.89,7.97,2.79,3,3,0,0,29.1,33.9,24.1,0.73,3,27.89473684,0.5263157895,7.726104999,0.8874307437,-0.002629074376,Yes,No,High,Safe,At Risk
2024-03-26 23:00:00,March,286.5,96.3,1,28.35,7.89,7.97,2.79,3,3,0,0,29.1,33.9,24.1,0.73,3,27.94736842,0.2631578947,7.708917755,0.9176445722,-0.003914307326,No,No,High,Safe,At Risk
2024-03-27 00:00:00,March,286.5,96.3,1,28.35,7.89,7.97,2.79,3,3,0,0,29.1,33.9,24.1,0.73,3,28,0,7.691730512,0.9478584007,-0.005199540276,Yes,No,High,Safe,At Risk
2024-03-27 01:00:00,March,286.5,96.3,1,28.35,7.89,7.97,2.79,3,3,0,0,29.1,33.9,24.1,0.73,3,28,1,8.343231114,0.3670884765,0.117736676,No,No,High,Safe,At Risk
2024-03-27 02:00:00,March,286.5,96.3,1,28.35,7.89,7.97,2.79,3,3,1,0,29.1,33.9,24.1,0.73,3,28,2,7.905980056,1.006052402,-0.044951497,Yes,No,High,Safe,At Risk
2024-03-27 03:00:00,March,286.5,96.3,1,28.35,7.89,7.97,2.79,3,3,0,0,29.1,33.9,24.1,0.73,3,28,3,8.110001488,0.2438049221,0.924302756,No,No,High,Safe,At Risk
2024-03-27 04:00:00,March,286.5,96.3,1,28.35,7.89,7.97,2.79,3,3,1,0,29.1,33.9,24.1,0.73,3,28,4,8.225565695,0.2793878763,0.8451581431,Yes,No,High,Safe,At Risk
2024-03-27 05:00:00,March,286.5,96.3,1,28.35,7.89,7.97,2.79,3,3,0,0,29.1,33.9,24.1,0.73,3,28,5,8.17697772,0.3979621005,0.004335011499,No,No,High,Safe,At Risk
2024-03-27 06:00:00,March,286.3932967,96.2632967,1,28.34285714,7.873516484,7.969340659,2.803076923,3.010989011,3.010989011,0,0,29.1,33.9,24.1,0.7741758242,3.010989011,27.7032967,4.945054945,8.176331273,0.3978794487,0.004563571592,Yes,No,High,Safe,At Risk
2024-03-27 07:00:00,March,286.2865934,96.22659341,1,28.33571429,7.857032967,7.968681319,2.816153846,3.021978022,3.021978022,0,0,29.1,33.9,24.1,0.8183516484,3.021978022,27.40659341,4.89010989,8.175684827,0.3977967969,0.004792131686,No,No,High,Safe,At Risk
2024-03-27 08:00:00,March,286.1798901,96.18989011,1,28.32857143,7.840549451,7.968021978,2.829230769,3.032967033,3.032967033,0,1,29.1,33.9,24.1,0.8625274725,3.032967033,27.10989011,4.835164835,8.175038381,0.3977141451,0.005020691779,Yes,No,High,Safe,At Risk
2024-03-27 09:00:00,March,286.0731868,96.15318681,1,28.32142857,7.824065934,7.967362637,2.842307692,3.043956044,3.043956044,1,1,29.1,33.9,24.1,0.9067032967,3.043956044,26.81318681,4.78021978,8.174391935,0.3976314933,0.005249251873,No,No,High,Safe,At Risk
2024-03-27 10:00:00,March,285.9664835,96.11648352,1,28.31428571,7.807582418,7.966703297,2.855384615,3.054945055,3.054945055,0,0,29.1,33.9,24.1,0.9508791209,3.054945055,26.51648352,4.725274725,8.173745488,0.3975488416,0.005477811967,Yes,No,High,Safe,At Risk
2024-03-27 11:00:00,March,285.8597802,96.07978022,1,28.30714286,7.791098901,7.966043956,2.868461538,3.065934066,3.065934066,0,0,29.1,33.9,24.1,0.9950549451,3.065934066,26.21978022,4.67032967,8.173099042,0.3974661898,0.00570637206,No,No,High,Safe,At Risk
2024-03-27 12:00:00,March,285.7530769,96.04307692,1,28.3,7.774615385,7.965384615,2.881538462,3.076923077,3.076923077,0,1,29.1,33.9,24.1,1.039230769,3.076923077,25.92307692,4.615384615,8.172452596,0.397383538,0.005934932154,Yes,No,High,Safe,At Risk
2024-03-27 13:00:00,March,285.6463736,96.00637363,1,28.29285714,7.758131868,7.964725275,2.894615385,3.087912088,3.087912088,0,0,29.1,33.9,24.1,1.083406593,3.087912088,25.62637363,4.56043956,8.17180615,0.3973008862,0.006163492247,No,No,High,Safe,At Risk
2024-03-27 14:00:00,March,285.5396703,95.96967033,1,28.28571429,7.741648352,7.964065934,2.907692308,3.098901099,3.098901099,0,1,29.1,33.9,24.1,1.127582418,3.098901099,25.32967033,4.505494505,8.171159703,0.3972182344,0.006392052341,Yes,No,High,Safe,At Risk
2024-03-27 15:00:00,March,285.432967,95.93296703,1,28.27857143,7.725164835,7.963406593,2.920769231,3.10989011,3.10989011,0,0,29.1,33.9,24.1,1.171758242,3.10989011,25.03296703,4.450549451,8.170513257,0.3971355826,0.006620612435,No,No,High,Safe,At Risk
2024-03-27 16:00:00,March,285.3262637,95.89626374,1,28.27142857,7.708681319,7.962747253,2.933846154,3.120879121,3.120879121,0,0,29.1,33.9,24.1,1.215934066,3.120879121,24.73626374,4.395604396,8.169866811,0.3970529308,0.006849172528,Yes,No,High,Safe,At Risk
2024-03-27 17:00:00,March,285.2195604,95.85956044,1,28.26428571,7.692197802,7.962087912,2.946923077,3.131868132,3.131868132,0,0,29.1,33.9,24.1,1.26010989,3.131868132,24.43956044,4.340659341,8.169220365,0.396970279,0.007077732622,No,No,High,Safe,At Risk
2024-03-27 18:00:00,March,285.1128571,95.82285714,1,28.25714286,7.675714286,7.961428571,2.96,3.142857143,3.142857143,0,0,29.1,33.9,24.1,1.304285714,3.142857143,24.14285714,4.285714286,8.168573918,0.3968876272,0.007306292715,Yes,No,High,Safe,At Risk
2024-03-27 19:00:00,March,285.0061538,95.78615385,1,28.25,7.659230769,7.960769231,2.973076923,3.153846154,3.153846154,0,0,29.1,33.9,24.1,1.348461538,3.153846154,23.84615385,4.230769231,8.167927472,0.3968049754,0.007534852809,No,No,High,Safe,At Risk
2024-03-27 20:00:00,March,284.8994505,95.74945055,1,28.24285714,7.642747253,7.96010989,2.986153846,3.164835165,3.164835165,1,0,29.1,33.9,24.1,1.392637363,3.164835165,23.54945055,4.175824176,8.167281026,0.3967223236,0.007763412903,Yes,No,High,Safe,At Risk
2024-03-27 21:00:00,March,284.7927473,95.71274725,1,28.23571429,7.626263736,7.959450549,2.999230769,3.175824176,3.175824176,0,0,29.1,33.9,24.1,1.436813187,3.175824176,23.25274725,4.120879121,8.16663458,0.3966396718,0.007991972996,No,No,High,Safe,At Risk
2024-03-27 22:00:00,March,284.686044,95.67604396,1,28.22857143,7.60978022,7.958791209,3.012307692,3.186813187,3.186813187,0,0,29.1,33.9,24.1,1.480989011,3.186813187,22.95604396,4.065934066,8.165988133,0.39655702,0.00822053309,Yes,No,High,Safe,At Risk
2024-03-27 23:00:00,March,284.5793407,95.63934066,1,28.22142857,7.593296703,7.958131868,3.025384615,3.197802198,3.197802198,0,0,29.1,33.9,24.1,1.525164835,3.197802198,22.65934066,4.010989011,8.165341687,0.3964743682,0.008449093183,No,No,High,Safe,At Risk
2024-03-28 00:00:00,March,284.4726374,95.60263736,1,28.21428571,7.576813187,7.957472527,3.038461538,3.208791209,3.208791209,1,0,29.1,33.9,24.1,1.569340659,3.208791209,22.36263736,3.956043956,8.164695241,0.3963917164,0.008677653277,Yes,No,High,Safe,At Risk
2024-03-28 01:00:00,March,284.3659341,95.56593407,1,28.20714286,7.56032967,7.956813187,3.051538462,3.21978022,3.21978022,0,0,29.1,33.9,24.1,1.613516484,3.21978022,22.06593407,3.901098901,8.164048795,0.3963090647,0.008906213371,No,No,High,Safe,At Risk
2024-03-28 02:00:00,March,284.2592308,95.52923077,1,28.2,7.543846154,7.956153846,3.064615385,3.230769231,3.230769231,0,0,29.1,33.9,24.1,1.657692308,3.230769231,21.76923077,3.846153846,8.163402348,0.3962264129,0.009134773464,Yes,No,High,Safe,At Risk
2024-03-28 03:00:00,March,284.1525275,95.49252747,1,28.19285714,7.527362637,7.955494505,3.077692308,3.241758242,3.241758242,0,0,29.1,33.9,24.1,1.701868132,3.241758242,21.47252747,3.791208791,8.162755902,0.3961437611,0.009363333558,No,No,High,Safe,At Risk
2024-03-28 04:00:00,March,284.0458242,95.45582418,1,28.18571429,7.510879121,7.954835165,3.090769231,3.252747253,3.252747253,1,0,29.1,33.9,24.1,1.746043956,3.252747253,21.17582418,3.736263736,8.162109456,0.3960611093,0.009591893651,Yes,No,High,Safe,At Risk
2024-03-28 05:00:00,March,283.9391209,95.41912088,1,28.17857143,7.494395604,7.954175824,3.103846154,3.263736264,3.263736264,0,0,29.1,33.9,24.1,1.79021978,3.263736264,20.87912088,3.681318681,8.16146301,0.3959784575,0.009820453745,No,No,High,Safe,At Risk
2024-03-28 06:00:00,March,283.8324176,95.38241758,1,28.17142857,7.477912088,7.953516484,3.116923077,3.274725275,3.274725275,1,0,29.1,33.9,24.1,1.834395604,3.274725275,20.58241758,3.626373626,8.160816563,0.3958958057,0.01004901384,Yes,No,High,Safe,At Risk
2024-03-28 07:00:00,March,283.7257143,95.34571429,1,28.16428571,7.461428571,7.952857143,3.13,3.285714286,3.285714286,0,0,29.1,33.9,24.1,1.878571429,3.285714286,20.28571429,3.571428571,8.160170117,0.3958131539,0.01027757393,No,No,High,Safe,At Risk
2024-03-28 08:00:00,March,283.619011,95.30901099,1,28.15714286,7.444945055,7.952197802,3.143076923,3.296703297,3.296703297,0,1,29.1,33.9,24.1,1.922747253,3.296703297,19.98901099,3.516483516,8.159523671,0.3957305021,0.01050613403,Yes,No,High,Safe,At Risk
2024-03-28 09:00:00,March,283.5123077,95.27230769,1,28.15,7.428461538,7.951538462,3.156153846,3.307692308,3.307692308,0,0,29.1,33.9,24.1,1.966923077,3.307692308,19.69230769,3.461538462,8.158877225,0.3956478503,0.01073469412,No,No,High,Safe,At Risk
2024-03-28 10:00:00,March,283.4056044,95.2356044,1,28.14285714,7.411978022,7.950879121,3.169230769,3.318681319,3.318681319,0,0,29.1,33.9,24.1,2.011098901,3.318681319,19.3956044,3.406593407,8.158230778,0.3955651985,0.01096325421,Yes,No,High,Safe,At Risk
2024-03-28 11:00:00,March,283.2989011,95.1989011,1,28.13571429,7.395494505,7.95021978,3.182307692,3.32967033,3.32967033,0,0,29.1,33.9,24.1,2.055274725,3.32967033,19.0989011,3.351648352,8.157584332,0.3954825467,0.01119181431,No,No,High,Safe,At Risk
2024-03-28 12:00:00,March,283.1921978,95.1621978,1,28.12857143,7.379010989,7.94956044,3.195384615,3.340659341,3.340659341,0,0,29.1,33.9,24.1,2.099450549,3.340659341,18.8021978,3.296703297,8.156937886,0.3953998949,0.0114203744,Yes,No,High,Safe,At Risk
2024-03-28 13:00:00,March,283.0854945,95.12549451,1,28.12142857,7.362527473,7.948901099,3.208461538,3.351648352,3.351648352,0,0,29.1,33.9,24.1,2.143626374,3.351648352,18.50549451,3.241758242,8.15629144,0.3953172431,0.01164893449,No,No,High,Safe,At Risk
2024-03-28 14:00:00,March,282.9787912,95.08879121,1,28.11428571,7.346043956,7.948241758,3.221538462,3.362637363,3.362637363,0,0,29.1,33.9,24.1,2.187802198,3.362637363,18.20879121,3.186813187,8.155644993,0.3952345913,0.01187749459,Yes,No,High,Safe,At Risk
2024-03-28 15:00:00,March,282.8720879,95.05208791,1,28.10714286,7.32956044,7.947582418,3.234615385,3.373626374,3.373626374,0,1,29.1,33.9,24.1,2.231978022,3.373626374,17.91208791,3.131868132,8.154998547,0.3951519396,0.01210605468,No,No,High,Safe,At Risk
2024-03-28 16:00:00,March,282.7653846,95.01538462,1,28.1,7.313076923,7.946923077,3.247692308,3.384615385,3.384615385,0,0,29.1,33.9,24.1,2.276153846,3.384615385,17.61538462,3.076923077,8.154352101,0.3950692878,0.01233461477,Yes,No,High,Safe,At Risk
2024-03-28 17:00:00,March,282.6586813,94.97868132,1,28.09285714,7.296593407,7.946263736,3.260769231,3.395604396,3.395604396,0,0,29.1,33.9,24.1,2.32032967,3.395604396,17.31868132,3.021978022,8.153705655,0.394986636,0.01256317487,No,No,High,Safe,At Risk
2024-03-28 18:00:00,March,282.551978,94.94197802,1,28.08571429,7.28010989,7.945604396,3.273846154,3.406593407,3.406593407,1,0,29.1,33.9,24.1,2.364505495,3.406593407,17.02197802,2.967032967,8.153059208,0.3949039842,0.01279173496,Yes,No,High,Safe,At Risk
2024-03-28 19:00:00,March,282.4452747,94.90527473,1,28.07857143,7.263626374,7.944945055,3.286923077,3.417582418,3.417582418,0,0,29.1,33.9,24.1,2.408681319,3.417582418,16.72527473,2.912087912,8.152412762,0.3948213324,0.01302029506,No,No,High,Safe,At Risk
2024-03-28 20:00:00,March,282.3385714,94.86857143,1,28.07142857,7.247142857,7.944285714,3.3,3.428571429,3.428571429,0,0,29.1,33.9,24.1,2.452857143,3.428571429,16.42857143,2.857142857,8.151766316,0.3947386806,0.01324885515,Yes,No,High,Safe,At Risk
2024-03-28 21:00:00,March,282.2318681,94.83186813,1,28.06428571,7.230659341,7.943626374,3.313076923,3.43956044,3.43956044,1,0,29.1,33.9,24.1,2.497032967,3.43956044,16.13186813,2.802197802,8.15111987,0.3946560288,0.01347741524,No,No,High,Safe,At Risk
2024-03-28 22:00:00,March,282.1251648,94.79516484,1,28.05714286,7.214175824,7.942967033,3.326153846,3.450549451,3.450549451,0,0,29.1,33.9,24.1,2.541208791,3.450549451,15.83516484,2.747252747,8.150473423,0.394573377,0.01370597534,Yes,No,High,Safe,At Risk
2024-03-28 23:00:00,March,282.0184615,94.75846154,1,28.05,7.197692308,7.942307692,3.339230769,3.461538462,3.461538462,0,0,29.1,33.9,24.1,2.585384615,3.461538462,15.53846154,2.692307692,8.149826977,0.3944907252,0.01393453543,No,No,High,Safe,At Risk
2024-03-29 00:00:00,March,281.9117582,94.72175824,1,28.04285714,7.181208791,7.941648352,3.352307692,3.472527473,3.472527473,0,0,29.1,33.9,24.1,2.62956044,3.472527473,15.24175824,2.637362637,8.149180531,0.3944080734,0.01416309552,Yes,No,High,Safe,At Risk
2024-03-29 01:00:00,March,281.8050549,94.68505495,1,28.03571429,7.164725275,7.940989011,3.365384615,3.483516484,3.483516484,0,0,29.1,33.9,24.1,2.673736264,3.483516484,14.94505495,2.582417582,8.148534085,0.3943254216,0.01439165562,No,No,High,Safe,At Risk
2024-03-29 02:00:00,March,281.6983516,94.64835165,1,28.02857143,7.148241758,7.94032967,3.378461538,3.494505495,3.494505495,0,0,29.1,33.9,24.1,2.717912088,3.494505495,14.64835165,2.527472527,8.147887638,0.3942427698,0.01462021571,Yes,No,High,Safe,At Risk
2024-03-29 03:00:00,March,281.5916484,94.61164835,1,28.02142857,7.131758242,7.93967033,3.391538462,3.505494505,3.505494505,1,0,29.1,33.9,24.1,2.762087912,3.505494505,14.35164835,2.472527473,8.147241192,0.394160118,0.0148487758,No,No,High,Safe,At Risk
2024-03-29 04:00:00,March,281.4849451,94.57494505,1,28.01428571,7.115274725,7.939010989,3.404615385,3.516483516,3.516483516,0,0,29.1,33.9,24.1,2.806263736,3.516483516,14.05494505,2.417582418,8.146594746,0.3940774662,0.0150773359,Yes,No,High,Safe,At Risk
2024-03-29 05:00:00,March,281.3782418,94.53824176,1,28.00714286,7.098791209,7.938351648,3.417692308,3.527472527,3.527472527,0,1,29.1,33.9,24.1,2.85043956,3.527472527,13.75824176,2.362637363,8.1459483,0.3939948144,0.01530589599,No,No,High,Safe,At Risk
2024-03-29 06:00:00,March,281.2715385,94.50153846,1,28,7.082307692,7.937692308,3.430769231,3.538461538,3.538461538,1,1,29.1,33.9,24.1,2.894615385,3.538461538,13.46153846,2.307692308,8.145301853,0.3939121627,0.01553445609,Yes,No,Normal,Safe,Stable
2024-03-29 07:00:00,March,281.1648352,94.46483516,1,27.99285714,7.065824176,7.937032967,3.443846154,3.549450549,3.549450549,0,0,29.1,33.9,24.1,2.938791209,3.549450549,13.16483516,2.252747253,8.144655407,0.3938295109,0.01576301618,No,No,Normal,Safe,Stable
2024-03-29 08:00:00,March,281.0581319,94.42813187,1,27.98571429,7.049340659,7.936373626,3.456923077,3.56043956,3.56043956,0,0,29.1,33.9,24.1,2.982967033,3.56043956,12.86813187,2.197802198,8.144008961,0.3937468591,0.01599157627,Yes,No,Normal,Safe,Stable
2024-03-29 09:00:00,March,280.9514286,94.39142857,1,27.97857143,7.032857143,7.935714286,3.47,3.571428571,3.571428571,1,0,29.1,33.9,24.1,3.027142857,3.571428571,12.57142857,2.142857143,8.143362515,0.3936642073,0.01622013637,No,No,Normal,Safe,Stable
2024-03-29 10:00:00,March,280.8447253,94.35472527,1,27.97142857,7.016373626,7.935054945,3.483076923,3.582417582,3.582417582,0,0,29.1,33.9,24.1,3.071318681,3.582417582,12.27472527,2.087912088,8.142716068,0.3935815555,0.01644869646,Yes,No,Normal,Safe,Stable
2024-03-29 11:00:00,March,280.738022,94.31802198,1,27.96428571,6.99989011,7.934395604,3.496153846,3.593406593,3.593406593,0,0,29.1,33.9,24.1,3.115494505,3.593406593,11.97802198,2.032967033,8.142069622,0.3934989037,0.01667725655,No,No,Normal,Safe,Stable
2024-03-29 12:00:00,March,280.6313187,94.28131868,1,27.95714286,6.983406593,7.933736264,3.509230769,3.604395604,3.604395604,0,0,29.1,33.9,24.1,3.15967033,3.604395604,11.68131868,1.978021978,8.141423176,0.3934162519,0.01690581665,Yes,No,Normal,Safe,Stable
2024-03-29 13:00:00,March,280.5246154,94.24461538,1,27.95,6.966923077,7.933076923,3.522307692,3.615384615,3.615384615,0,0,29.1,33.9,24.1,3.203846154,3.615384615,11.38461538,1.923076923,8.14077673,0.3933336001,0.01713437674,No,No,Normal,Safe,Stable
2024-03-29 14:00:00,March,280.4179121,94.20791209,1,27.94285714,6.95043956,7.932417582,3.535384615,3.626373626,3.626373626,1,0,29.1,33.9,24.1,3.248021978,3.626373626,11.08791209,1.868131868,8.140130283,0.3932509483,0.01736293683,Yes,No,Normal,Safe,Stable
2024-03-29 15:00:00,March,280.3112088,94.17120879,1,27.93571429,6.933956044,7.931758242,3.548461538,3.637362637,3.637362637,1,0,29.1,33.9,24.1,3.292197802,3.637362637,10.79120879,1.813186813,8.139483837,0.3931682965,0.01759149693,No,No,Normal,Safe,Stable
2024-03-29 16:00:00,March,280.2045055,94.13450549,1,27.92857143,6.917472527,7.931098901,3.561538462,3.648351648,3.648351648,1,1,29.1,33.9,24.1,3.336373626,3.648351648,10.49450549,1.758241758,8.138837391,0.3930856447,0.01782005702,Yes,No,Normal,Safe,Stable
2024-03-29 17:00:00,March,280.0978022,94.0978022,1,27.92142857,6.900989011,7.93043956,3.574615385,3.659340659,3.659340659,0,0,29.1,33.9,24.1,3.380549451,3.659340659,10.1978022,1.703296703,8.138190945,0.3930029929,0.01804861712,No,No,Normal,Safe,Stable
2024-03-29 18:00:00,March,279.9910989,94.0610989,1,27.91428571,6.884505495,7.92978022,3.587692308,3.67032967,3.67032967,0,0,29.1,33.9,24.1,3.424725275,3.67032967,9.901098901,1.648351648,8.137544498,0.3929203411,0.01827717721,Yes,No,Normal,Safe,Stable
2024-03-29 19:00:00,March,279.8843956,94.0243956,1,27.90714286,6.868021978,7.929120879,3.600769231,3.681318681,3.681318681,1,1,29.1,33.9,24.1,3.468901099,3.681318681,9.604395604,1.593406593,8.136898052,0.3928376893,0.0185057373,No,No,Normal,Safe,Stable
2024-03-29 20:00:00,March,279.7776923,93.98769231,1,27.9,6.851538462,7.928461538,3.613846154,3.692307692,3.692307692,1,0,29.1,33.9,24.1,3.513076923,3.692307692,9.307692308,1.538461538,8.136251606,0.3927550375,0.0187342974,Yes,No,Normal,Safe,Stable
2024-03-29 21:00:00,March,279.670989,93.95098901,1,27.89285714,6.835054945,7.927802198,3.626923077,3.703296703,3.703296703,0,0,29.1,33.9,24.1,3.557252747,3.703296703,9.010989011,1.483516484,8.13560516,0.3926723858,0.01896285749,No,No,Normal,Safe,Stable
2024-03-29 22:00:00,March,279.5642857,93.91428571,1,27.88571429,6.818571429,7.927142857,3.64,3.714285714,3.714285714,0,0,29.1,33.9,24.1,3.601428571,3.714285714,8.714285714,1.428571429,8.134958713,0.392589734,0.01919141758,Yes,No,Normal,Safe,Stable
2024-03-29 23:00:00,March,279.4575824,93.87758242,1,27.87857143,6.802087912,7.926483516,3.653076923,3.725274725,3.725274725,0,0,29.1,33.9,24.1,3.645604396,3.725274725,8.417582418,1.373626374,8.134312267,0.3925070822,0.01941997768,No,No,Normal,Safe,Stable
2024-03-30 00:00:00,March,279.3508791,93.84087912,1,27.87142857,6.785604396,7.925824176,3.666153846,3.736263736,3.736263736,0,1,29.1,33.9,24.1,3.68978022,3.736263736,8.120879121,1.318681319,8.133665821,0.3924244304,0.01964853777,Yes,No,Normal,Safe,Stable
2024-03-30 01:00:00,March,279.2441758,93.80417582,1,27.86428571,6.769120879,7.925164835,3.679230769,3.747252747,3.747252747,0,0,29.1,33.9,24.1,3.733956044,3.747252747,7.824175824,1.263736264,8.133019375,0.3923417786,0.01987709786,No,No,Normal,Safe,Stable
2024-03-30 02:00:00,March,279.1374725,93.76747253,1,27.85714286,6.752637363,7.924505495,3.692307692,3.758241758,3.758241758,0,0,29.1,33.9,24.1,3.778131868,3.758241758,7.527472527,1.208791209,8.132372928,0.3922591268,0.02010565796,Yes,No,Normal,Safe,Stable
2024-03-30 03:00:00,March,279.0307692,93.73076923,1,27.85,6.736153846,7.923846154,3.705384615,3.769230769,3.769230769,1,0,29.1,33.9,24.1,3.822307692,3.769230769,7.230769231,1.153846154,8.131726482,0.392176475,0.02033421805,No,No,Normal,Safe,Stable
2024-03-30 04:00:00,March,278.9240659,93.69406593,1,27.84285714,6.71967033,7.923186813,3.718461538,3.78021978,3.78021978,0,0,29.1,33.9,24.1,3.866483516,3.78021978,6.934065934,1.098901099,8.131080036,0.3920938232,0.02056277814,Yes,No,Normal,Safe,Stable
2024-03-30 05:00:00,March,278.8173626,93.65736264,1,27.83571429,6.703186813,7.922527473,3.731538462,3.791208791,3.791208791,0,0,29.1,33.9,24.1,3.910659341,3.791208791,6.637362637,1.043956044,8.13043359,0.3920111714,0.02079133824,No,No,Normal,Safe,Stable
2024-03-30 06:00:00,March,278.7106593,93.62065934,1,27.82857143,6.686703297,7.921868132,3.744615385,3.802197802,3.802197802,0,0,29.1,33.9,24.1,3.954835165,3.802197802,6.340659341,0.989010989,8.129787143,0.3919285196,0.02101989833,Yes,No,Normal,Safe,Stable
2024-03-30 07:00:00,March,278.603956,93.58395604,1,27.82142857,6.67021978,7.921208791,3.757692308,3.813186813,3.813186813,0,0,29.1,33.9,24.1,3.999010989,3.813186813,6.043956044,0.9340659341,8.129140697,0.3918458678,0.02124845843,No,No,Normal,Safe,Stable
2024-03-30 08:00:00,March,278.4972527,93.54725275,1,27.81428571,6.653736264,7.920549451,3.770769231,3.824175824,3.824175824,0,0,29.1,33.9,24.1,4.043186813,3.824175824,5.747252747,0.8791208791,8.128494251,0.391763216,0.02147701852,Yes,No,Normal,Safe,Stable
2024-03-30 09:00:00,March,278.3905495,93.51054945,1,27.80714286,6.637252747,7.91989011,3.783846154,3.835164835,3.835164835,0,0,29.1,33.9,24.1,4.087362637,3.835164835,5.450549451,0.8241758242,8.127847805,0.3916805642,0.02170557861,No,No,Normal,Safe,Stable
2024-03-30 10:00:00,March,278.2838462,93.47384615,1,27.8,6.620769231,7.919230769,3.796923077,3.846153846,3.846153846,1,0,29.1,33.9,24.1,4.131538462,3.846153846,5.153846154,0.7692307692,8.127201358,0.3915979124,0.02193413871,Yes,No,Normal,Safe,Stable
2024-03-30 11:00:00,March,278.1771429,93.43714286,1,27.79285714,6.604285714,7.918571429,3.81,3.857142857,3.857142857,0,0,29.1,33.9,24.1,4.175714286,3.857142857,4.857142857,0.7142857143,8.126554912,0.3915152607,0.0221626988,No,No,Normal,Safe,Stable
2024-03-30 12:00:00,March,278.0704396,93.40043956,1,27.78571429,6.587802198,7.917912088,3.823076923,3.868131868,3.868131868,0,0,29.1,33.9,24.1,4.21989011,3.868131868,4.56043956,0.6593406593,8.125908466,0.3914326089,0.02239125889,Yes,No,Normal,Safe,Stable
2024-03-30 13:00:00,March,277.9637363,93.36373626,1,27.77857143,6.571318681,7.917252747,3.836153846,3.879120879,3.879120879,0,0,29.1,33.9,24.1,4.264065934,3.879120879,4.263736264,0.6043956044,8.12526202,0.3913499571,0.02261981899,No,No,Normal,Safe,Stable
2024-03-30 14:00:00,March,277.857033,93.32703297,1,27.77142857,6.554835165,7.916593407,3.849230769,3.89010989,3.89010989,0,0,29.1,33.9,24.1,4.308241758,3.89010989,3.967032967,0.5494505495,8.124615573,0.3912673053,0.02284837908,Yes,No,Normal,Safe,Stable
2024-03-30 15:00:00,March,277.7503297,93.29032967,1,27.76428571,6.538351648,7.915934066,3.862307692,3.901098901,3.901098901,0,0,29.1,33.9,24.1,4.352417582,3.901098901,3.67032967,0.4945054945,8.123969127,0.3911846535,0.02307693917,No,No,Normal,Safe,Stable
2024-03-30 16:00:00,March,277.6436264,93.25362637,1,27.75714286,6.521868132,7.915274725,3.875384615,3.912087912,3.912087912,0,0,29.1,33.9,24.1,4.396593407,3.912087912,3.373626374,0.4395604396,8.123322681,0.3911020017,0.02330549927,Yes,No,Normal,Safe,Stable
2024-03-30 17:00:00,March,277.5369231,93.21692308,1,27.75,6.505384615,7.914615385,3.888461538,3.923076923,3.923076923,0,0,29.1,33.9,24.1,4.440769231,3.923076923,3.076923077,0.3846153846,8.122676235,0.3910193499,0.02353405936,No,No,Normal,Safe,Stable
2024-03-30 18:00:00,March,277.4302198,93.18021978,1,27.74285714,6.488901099,7.913956044,3.901538462,3.934065934,3.934065934,0,0,29.1,33.9,24.1,4.484945055,3.934065934,2.78021978,0.3296703297,8.122029788,0.3909366981,0.02376261946,Yes,No,Normal,Safe,Stable
2024-03-30 19:00:00,March,277.3235165,93.14351648,1,27.73571429,6.472417582,7.913296703,3.914615385,3.945054945,3.945054945,1,0,29.1,33.9,24.1,4.529120879,3.945054945,2.483516484,0.2747252747,8.121383342,0.3908540463,0.02399117955,No,No,Normal,Safe,Stable
2024-03-30 20:00:00,March,277.2168132,93.10681319,1,27.72857143,6.455934066,7.912637363,3.927692308,3.956043956,3.956043956,0,0,29.1,33.9,24.1,4.573296703,3.956043956,2.186813187,0.2197802198,8.120736896,0.3907713945,0.02421973964,Yes,No,Normal,Safe,Stable
2024-03-30 21:00:00,March,277.1101099,93.07010989,1,27.72142857,6.439450549,7.911978022,3.940769231,3.967032967,3.967032967,0,0,29.1,33.9,24.1,4.617472527,3.967032967,1.89010989,0.1648351648,8.12009045,0.3906887427,0.02444829974,No,No,Normal,Safe,Stable
2024-03-30 22:00:00,March,277.0034066,93.03340659,1,27.71428571,6.422967033,7.911318681,3.953846154,3.978021978,3.978021978,0,0,29.1,33.9,24.1,4.661648352,3.978021978,1.593406593,0.1098901099,8.119444003,0.3906060909,0.02467685983,Yes,No,Normal,Safe,Stable
2024-03-30 23:00:00,March,276.8967033,92.9967033,1,27.70714286,6.406483516,7.910659341,3.966923077,3.989010989,3.989010989,0,0,29.1,33.9,24.1,4.705824176,3.989010989,1.296703297,0.05494505495,8.118797557,0.3905234391,0.02490541992,No,No,Normal,Safe,Stable
2024-03-31 00:00:00,April,276.79,92.96,1,27.7,6.39,7.91,3.98,4,4,0,1,29.1,33.9,24.1,4.75,4,1,0,8.118151111,0.3904407873,0.02513398002,Yes,No,Normal,Safe,Stable
2024-03-31 01:00:00,April,276.79,92.96,1,27.7,6.39,7.91,3.98,4,4,0,1,29.1,33.9,24.1,4.75,4,1,1,8.138618252,0.9912957118,0.02111713199,No,No,Normal,Safe,Stable
2024-03-31 02:00:00,April,276.79,92.96,1,27.7,6.39,7.91,3.98,4,4,1,0,29.1,33.9,24.1,4.75,4,1,2,8.383190447,0.2907054959,0.5232174284,Yes,No,Normal,Safe,Stable
2024-03-31 03:00:00,April,276.79,92.96,1,27.7,6.39,7.91,3.98,4,4,0,1,29.1,33.9,24.1,4.75,4,1,3,7.99517434,0.9241562227,0.01764319341,No,No,Normal,Safe,Stable
2024-03-31 04:00:00,April,276.79,92.96,1,27.7,6.39,7.91,3.98,4,4,0,0,29.1,33.9,24.1,4.75,4,1,4,7.59997175,0.930006743,0.006414578233,Yes,No,Normal,Safe,Stable
2024-03-31 05:00:00,April,276.79,92.96,1,27.7,6.39,7.91,3.98,4,4,0,0,29.1,33.9,24.1,4.75,4,1,5,8.131883274,0.3938018109,0.00597315757,No,No,Normal,Safe,Stable
2024-03-31 06:00:00,April,276.79,92.96,1,27.7,6.39,7.91,3.98,4,4,0,0,29.1,33.9,24.1,4.75,4,1.052631579,4.736842105,8.114273822,0.3950450507,0.005661995018,Yes,No,Normal,Safe,Stable
2024-03-31 07:00:00,April,276.79,92.96,1,27.7,6.39,7.91,3.98,4,4,1,0,29.1,33.9,24.1,4.75,4,1.105263158,4.473684211,8.09666437,0.3962882905,0.005350832466,No,No,Normal,Safe,Stable
2024-03-31 08:00:00,April,276.79,92.96,1,27.7,6.39,7.91,3.98,4,4,1,0,29.1,33.9,24.1,4.75,4,1.157894737,4.210526316,8.079054917,0.3975315303,0.005039669915,Yes,No,Normal,Safe,Stable
2024-03-31 09:00:00,April,276.79,92.96,1,27.7,6.39,7.91,3.98,4,4,1,0,29.1,33.9,24.1,4.75,4,1.210526316,3.947368421,8.061445465,0.3987747701,0.004728507363,No,No,Normal,Safe,Stable
2024-03-31 10:00:00,April,276.79,92.96,1,27.7,6.39,7.91,3.98,4,4,0,0,29.1,33.9,24.1,4.75,4,1.263157895,3.684210526,8.043836013,0.4000180099,0.004417344811,Yes,No,Normal,Safe,Stable
2024-03-31 11:00:00,April,276.79,92.96,1,27.7,6.39,7.91,3.98,4,4,0,0,29.1,33.9,24.1,4.75,4,1.315789474,3.421052632,8.02622656,0.4012612497,0.004106182259,No,No,Normal,Safe,Stable
2024-03-31 12:00:00,April,276.79,92.96,1,27.7,6.39,7.91,3.98,4,4,0,0,29.1,33.9,24.1,4.75,4,1.368421053,3.157894737,8.008617108,0.4025044895,0.003795019708,Yes,No,Normal,Safe,Stable
2024-03-31 13:00:00,April,276.79,92.96,1,27.7,6.39,7.91,3.98,4,4,0,0,29.1,33.9,24.1,4.75,4,1.421052632,2.894736842,7.991007656,0.4037477293,0.003483857156,No,No,Normal,Safe,Stable
2024-03-31 14:00:00,April,276.79,92.96,1,27.7,6.39,7.91,3.98,4,4,0,0,29.1,33.9,24.1,4.75,4,1.473684211,2.631578947,7.973398203,0.4049909691,0.003172694604,Yes,No,Normal,Safe,Stable
2024-03-31 15:00:00,April,276.79,92.96,1,27.7,6.39,7.91,3.98,4,4,0,0,29.1,33.9,24.1,4.75,4,1.526315789,2.368421053,7.955788751,0.4062342089,0.002861532053,No,No,Normal,Safe,Stable
2024-03-31 16:00:00,April,276.79,92.96,1,27.7,6.39,7.91,3.98,4,4,0,0,29.1,33.9,24.1,4.75,4,1.578947368,2.105263158,7.938179299,0.4074774487,0.002550369501,Yes,No,Normal,Safe,Stable
2024-03-31 17:00:00,April,276.79,92.96,1,27.7,6.39,7.91,3.98,4,4,0,0,29.1,33.9,24.1,4.75,4,1.631578947,1.842105263,7.920569846,0.4087206885,0.002239206949,No,No,Normal,Safe,Stable
2024-03-31 18:00:00,April,276.79,92.96,1,27.7,6.39,7.91,3.98,4,4,0,0,29.1,33.9,24.1,4.75,4,1.684210526,1.578947368,7.902960394,0.4099639283,0.001928044398,Yes,No,Normal,Safe,Stable
2024-03-31 19:00:00,April,276.79,92.96,1,27.7,6.39,7.91,3.98,4,4,0,0,29.1,33.9,24.1,4.75,4,1.736842105,1.315789474,7.885350942,0.4112071681,0.001616881846,No,No,Normal,Safe,Stable
2024-03-31 20:00:00,April,276.79,92.96,1,27.7,6.39,7.91,3.98,4,4,0,0,29.1,33.9,24.1,4.75,4,1.789473684,1.052631579,7.867741489,0.4124504079,0.001305719294,Yes,No,Normal,Safe,Stable
2024-03-31 21:00:00,April,276.79,92.96,1,27.7,6.39,7.91,3.98,4,4,1,0,29.1,33.9,24.1,4.75,4,1.842105263,0.7894736842,7.850132037,0.4136936477,0.0009945567426,No,No,Normal,Safe,Stable
2024-03-31 22:00:00,April,276.79,92.96,1,27.7,6.39,7.91,3.98,4,4,0,0,29.1,33.9,24.1,4.75,4,1.894736842,0.5263157895,7.832522585,0.4149368875,0.000683394191,Yes,No,Normal,Safe,Stable
2024-03-31 23:00:00,April,276.79,92.96,1,27.7,6.39,7.91,3.98,4,4,0,0,29.1,33.9,24.1,4.75,4,1.947368421,0.2631578947,7.814913132,0.4161801273,0.0003722316393,No,No,Normal,Safe,Stable
2024-04-01 00:00:00,April,276.79,92.96,1,27.7,6.39,7.91,3.98,4,4,0,0,29.1,33.9,24.1,4.75,4,2,0,7.79730368,0.4174233671,0.00006106908759,Yes,No,Normal,Safe,Stable
2024-04-01 01:00:00,April,276.79,92.96,1,27.7,6.39,7.91,3.98,4,4,0,0,29.1,33.9,24.1,4.75,4,2,1,8.040870658,0.9726500316,0.008547896757,No,No,Normal,Safe,Stable
2024-04-01 02:00:00,April,276.79,92.96,1,27.7,6.39,7.91,3.98,4,4,0,0,29.1,33.9,24.1,4.75,4,2,2,7.980925412,0.9605367738,0.0006845525231,Yes,No,Normal,Safe,Stable
2024-04-01 03:00:00,April,276.79,92.96,1,27.7,6.39,7.91,3.98,4,4,1,0,29.1,33.9,24.1,4.75,4,2,3,8.290735574,0.1871359504,0.8933252876,No,No,Normal,Safe,Stable
2024-04-01 04:00:00,April,276.79,92.96,1,27.7,6.39,7.91,3.98,4,4,0,0,29.1,33.9,24.1,4.75,4,2,4,8.395882811,0.3195302224,0.849070617,Yes,No,Normal,Safe,Stable
2024-04-01 05:00:00,April,276.79,92.96,1,27.7,6.39,7.91,3.98,4,4,0,0,29.1,33.9,24.1,4.75,4,2,5,7.757016944,0.3956170971,0.02002294479,No,No,Normal,Safe,Stable
2024-04-01 06:00:00,April,276.79,92.96,1,27.7,6.39,7.91,3.98,4,4,0,0,29.1,33.9,24.1,4.75,4,2.052631579,4.736842105,7.766421074,0.3955653485,0.02050873855,Yes,No,Normal,Safe,Stable
2024-04-01 07:00:00,April,276.79,92.96,1,27.7,6.39,7.91,3.98,4,4,0,1,29.1,33.9,24.1,4.75,4,2.105263158,4.473684211,7.775825205,0.3955135998,0.02099453231,No,No,Normal,Safe,Stable
2024-04-01 08:00:00,April,276.79,92.96,1,27.7,6.39,7.91,3.98,4,4,0,0,29.1,33.9,24.1,4.75,4,2.157894737,4.210526316,7.785229335,0.3954618512,0.02148032607,Yes,No,Normal,Safe,Stable
2024-04-01 09:00:00,April,276.79,92.96,1,27.7,6.39,7.91,3.98,4,4,1,0,29.1,33.9,24.1,4.75,4,2.210526316,3.947368421,7.794633466,0.3954101026,0.02196611984,No,No,Normal,Safe,Stable
2024-04-01 10:00:00,April,276.79,92.96,1,27.7,6.39,7.91,3.98,4,4,0,0,29.1,33.9,24.1,4.75,4,2.263157895,3.684210526,7.804037596,0.3953583539,0.0224519136,Yes,No,Normal,Safe,Stable
2024-04-01 11:00:00,April,276.79,92.96,1,27.7,6.39,7.91,3.98,4,4,1,0,29.1,33.9,24.1,4.75,4,2.315789474,3.421052632,7.813441727,0.3953066053,0.02293770736,No,No,Normal,Safe,Stable
2024-04-01 12:00:00,April,276.79,92.96,1,27.7,6.39,7.91,3.98,4,4,1,1,29.1,33.9,24.1,4.75,4,2.368421053,3.157894737,7.822845857,0.3952548567,0.02342350112,Yes,No,Normal,Safe,Stable
2024-04-01 13:00:00,April,276.79,92.96,1,27.7,6.39,7.91,3.98,4,4,0,0,29.1,33.9,24.1,4.75,4,2.421052632,2.894736842,7.832249988,0.3952031081,0.02390929488,No,No,Normal,Safe,Stable
2024-04-01 14:00:00,April,276.79,92.96,1,27.7,6.39,7.91,3.98,4,4,0,0,29.1,33.9,24.1,4.75,4,2.473684211,2.631578947,7.841654118,0.3951513594,0.02439508865,Yes,No,Normal,Safe,Stable
2024-04-01 15:00:00,April,276.79,92.96,1,27.7,6.39,7.91,3.98,4,4,0,0,29.1,33.9,24.1,4.75,4,2.526315789,2.368421053,7.851058249,0.3950996108,0.02488088241,No,No,Normal,Safe,Stable
2024-04-01 16:00:00,April,276.79,92.96,1,27.7,6.39,7.91,3.98,4,4,0,1,29.1,33.9,24.1,4.75,4,2.578947368,2.105263158,7.860462379,0.3950478622,0.02536667617,Yes,No,Normal,Safe,Stable
2024-04-01 17:00:00,April,276.79,92.96,1,27.7,6.39,7.91,3.98,4,4,0,0,29.1,33.9,24.1,4.75,4,2.631578947,1.842105263,7.86986651,0.3949961136,0.02585246993,No,No,Normal,Safe,Stable
2024-04-01 18:00:00,April,276.79,92.96,1,27.7,6.39,7.91,3.98,4,4,0,0,29.1,33.9,24.1,4.75,4,2.684210526,1.578947368,7.87927064,0.3949443649,0.02633826369,Yes,No,Normal,Safe,Stable
2024-04-01 19:00:00,April,276.79,92.96,1,27.7,6.39,7.91,3.98,4,4,0,0,29.1,33.9,24.1,4.75,4,2.736842105,1.315789474,7.888674771,0.3948926163,0.02682405746,No,No,Normal,Safe,Stable
2024-04-01 20:00:00,April,276.79,92.96,1,27.7,6.39,7.91,3.98,4,4,0,1,29.1,33.9,24.1,4.75,4,2.789473684,1.052631579,7.898078901,0.3948408677,0.02730985122,Yes,No,Normal,Safe,Stable
2024-04-01 21:00:00,April,276.79,92.96,1,27.7,6.39,7.91,3.98,4,4,0,0,29.1,33.9,24.1,4.75,4,2.842105263,0.7894736842,7.907483032,0.394789119,0.02779564498,No,No,Normal,Safe,Stable
2024-04-01 22:00:00,April,276.79,92.96,1,27.7,6.39,7.91,3.98,4,4,0,0,29.1,33.9,24.1,4.75,4,2.894736842,0.5263157895,7.916887162,0.3947373704,0.02828143874,Yes,No,Normal,Safe,Stable
2024-04-01 23:00:00,April,276.79,92.96,1,27.7,6.39,7.91,3.98,4,4,0,0,29.1,33.9,24.1,4.75,4,2.947368421,0.2631578947,7.926291293,0.3946856218,0.02876723251,No,No,Normal,Safe,Stable
2024-04-02 00:00:00,April,276.79,92.96,1,27.7,6.39,7.91,3.98,4,4,0,0,29.1,33.9,24.1,4.75,4,3,0,7.935695423,0.3946338732,0.02925302627,Yes,No,Normal,Safe,Stable
2024-04-02 01:00:00,April,276.79,92.96,1,27.7,6.39,7.91,3.98,4,4,0,0,29.1,33.9,24.1,4.75,4,3,1,8.580978633,0.3346672944,0.1052704175,No,No,Normal,Safe,Stable
2024-04-02 02:00:00,April,276.79,92.96,1,27.7,6.39,7.91,3.98,4,4,1,0,29.1,33.9,24.1,4.75,4,3,2,8.391311912,0.3595557689,0.4492514781,Yes,No,Normal,Safe,Stable
2024-04-02 03:00:00,April,276.79,92.96,1,27.7,6.39,7.91,3.98,4,4,0,0,29.1,33.9,24.1,4.75,4,3,3,8.41612996,0.1801473481,0.8774440002,No,No,Normal,Safe,Stable
2024-04-02 04:00:00,April,276.79,92.96,1,27.7,6.39,7.91,3.98,4,4,1,0,29.1,33.9,24.1,4.75,4,3,4,7.628520625,0.9853470997,0.01375384416,Yes,No,Normal,Safe,Stable
2024-04-02 05:00:00,April,276.79,92.96,1,27.7,6.39,7.91,3.98,4,4,0,0,29.1,33.9,24.1,4.75,4,3,5,8.340766263,0.4230568377,0.01276450987,No,No,Normal,Safe,Stable
2024-04-02 06:00:00,April,276.79,92.96,1,27.7,6.39,7.91,3.98,4,4,0,0,29.1,33.9,24.1,4.75,4,3.052631579,4.736842105,8.329950268,0.4524498021,0.01098365732,Yes,No,Normal,Safe,Stable
2024-04-02 07:00:00,April,276.79,92.96,1,27.7,6.39,7.91,3.98,4,4,0,0,29.1,33.9,24.1,4.75,4,3.105263158,4.473684211,8.319134273,0.4818427666,0.00920280478,No,No,Normal,Safe,Stable
2024-04-02 08:00:00,April,276.79,92.96,1,27.7,6.39,7.91,3.98,4,4,0,0,29.1,33.9,24.1,4.75,4,3.157894737,4.210526316,8.308318278,0.511235731,0.007421952235,Yes,No,Normal,Safe,Stable
2024-04-02 09:00:00,April,276.79,92.96,1,27.7,6.39,7.91,3.98,4,4,1,0,29.1,33.9,24.1,4.75,4,3.210526316,3.947368421,8.297502283,0.5406286954,0.00564109969,No,No,Normal,Safe,Stable
2024-04-02 10:00:00,April,276.79,92.96,1,27.7,6.39,7.91,3.98,4,4,0,0,29.1,33.9,24.1,4.75,4,3.263157895,3.684210526,8.286686288,0.5700216598,0.003860247145,Yes,No,Normal,Safe,Stable
2024-04-02 11:00:00,April,276.79,92.96,1,27.7,6.39,7.91,3.98,4,4,0,0,29.1,33.9,24.1,4.75,4,3.315789474,3.421052632,8.275870293,0.5994146243,0.0020793946,No,No,Normal,Safe,Stable
2024-04-02 12:00:00,April,276.79,92.96,1,27.7,6.39,7.91,3.98,4,4,0,0,29.1,33.9,24.1,4.75,4,3.368421053,3.157894737,8.265054298,0.6288075887,0.0002985420552,Yes,No,Normal,Safe,Stable
2024-04-02 13:00:00,April,276.79,92.96,1,27.7,6.39,7.91,3.98,4,4,0,0,29.1,33.9,24.1,4.75,4,3.421052632,2.894736842,8.254238303,0.6582005531,-0.00148231049,No,No,Normal,Safe,Stable
2024-04-02 14:00:00,April,276.79,92.96,1,27.7,6.39,7.91,3.98,4,4,0,0,29.1,33.9,24.1,4.75,4,3.473684211,2.631578947,8.243422308,0.6875935175,-0.003263163035,Yes,No,Normal,Safe,Stable
2024-04-02 15:00:00,April,276.79,92.96,1,27.7,6.39,7.91,3.98,4,4,0,0,29.1,33.9,24.1,4.75,4,3.526315789,2.368421053,8.232606314,0.7169864819,-0.005044015579,No,No,Normal,Safe,Stable
2024-04-02 16:00:00,April,276.79,92.96,1,27.7,6.39,7.91,3.98,4,4,0,0,29.1,33.9,24.1,4.75,4,3.578947368,2.105263158,8.221790319,0.7463794464,-0.006824868124,Yes,No,Normal,Safe,Stable
2024-04-02 17:00:00,April,276.79,92.96,1,27.7,6.39,7.91,3.98,4,4,0,0,29.1,33.9,24.1,4.75,4,3.631578947,1.842105263,8.210974324,0.7757724108,-0.008605720669,No,No,Normal,Safe,Stable
2024-04-02 18:00:00,April,276.79,92.96,1,27.7,6.39,7.91,3.98,4,4,0,0,29.1,33.9,24.1,4.75,4,3.684210526,1.578947368,8.200158329,0.8051653752,-0.01038657321,Yes,No,Normal,Safe,Stable
2024-04-02 19:00:00,April,276.79,92.96,1,27.7,6.39,7.91,3.98,4,4,0,0,29.1,33.9,24.1,4.75,4,3.736842105,1.315789474,8.189342334,0.8345583396,-0.01216742576,No,No,Normal,Safe,Stable
2024-04-02 20:00:00,April,276.79,92.96,1,27.7,6.39,7.91,3.98,4,4,0,0,29.1,33.9,24.1,4.75,4,3.789473684,1.052631579,8.178526339,0.863951304,-0.0139482783,Yes,No,Normal,Safe,Stable
2024-04-02 21:00:00,April,276.79,92.96,1,27.7,6.39,7.91,3.98,4,4,0,0,29.1,33.9,24.1,4.75,4,3.842105263,0.7894736842,8.167710344,0.8933442685,-0.01572913085,No,No,Normal,Safe,Stable
2024-04-02 22:00:00,April,276.79,92.96,1,27.7,6.39,7.91,3.98,4,4,0,0,29.1,33.9,24.1,4.75,4,3.894736842,0.5263157895,8.156894349,0.9227372329,-0.01750998339,Yes,No,Normal,Safe,Stable
2024-04-02 23:00:00,April,276.79,92.96,1,27.7,6.39,7.91,3.98,4,4,0,0,29.1,33.9,24.1,4.75,4,3.947368421,0.2631578947,8.146078354,0.9521301973,-0.01929083594,No,No,Normal,Safe,Stable
2024-04-03 00:00:00,April,276.79,92.96,1,27.7,6.39,7.91,3.98,4,4,0,0,29.1,33.9,24.1,4.75,4,4,0,8.135262359,0.9815231617,-0.02107168848,Yes,No,Normal,Safe,Stable
2024-04-03 01:00:00,April,276.79,92.96,1,27.7,6.39,7.91,3.98,4,4,0,0,29.1,33.9,24.1,4.75,4,4,1,8.346066603,0.3370300699,0.1137894218,No,No,Normal,Safe,Stable
2024-04-03 02:00:00,April,276.79,92.96,1,27.7,6.39,7.91,3.98,4,4,0,0,29.1,33.9,24.1,4.75,4,4,2,8.282888111,0.934161588,-0.007862967656,Yes,No,Normal,Safe,Stable
2024-04-03 03:00:00,April,276.79,92.96,1,27.7,6.39,7.91,3.98,4,4,0,0,29.1,33.9,24.1,4.75,4,4,3,8.163210791,0.3378010928,0.8579503736,No,No,Normal,Safe,Stable
2024-04-03 04:00:00,April,276.79,92.96,1,27.7,6.39,7.91,3.98,4,4,0,0,29.1,33.9,24.1,4.75,4,4,4,8.24671737,0.9907428902,0.02440683031,Yes,No,Normal,Safe,Stable
2024-04-03 05:00:00,April,276.79,92.96,1,27.7,6.39,7.91,3.98,4,4,0,1,29.1,33.9,24.1,4.75,4,4,5,8.021151376,0.3647099204,0.01755521691,No,No,Normal,Safe,Stable
2024-04-03 06:00:00,April,276.79,92.96,1,27.7,6.39,7.91,3.98,4,4,0,0,29.1,33.9,24.1,4.75,4,4.052631579,4.736842105,8.006638608,0.3955228652,0.01648817595,Yes,No,Normal,Safe,Stable
2024-04-03 07:00:00,April,276.79,92.96,1,27.7,6.39,7.91,3.98,4,4,0,0,29.1,33.9,24.1,4.75,4,4.105263158,4.473684211,7.992125839,0.4263358099,0.01542113498,No,No,Normal,Safe,Stable
2024-04-03 08:00:00,April,276.79,92.96,1,27.7,6.39,7.91,3.98,4,4,1,0,29.1,33.9,24.1,4.75,4,4.157894737,4.210526316,7.977613071,0.4571487547,0.01435409401,Yes,No,Normal,Safe,Stable
2024-04-03 09:00:00,April,276.79,92.96,1,27.7,6.39,7.91,3.98,4,4,0,0,29.1,33.9,24.1,4.75,4,4.210526316,3.947368421,7.963100302,0.4879616994,0.01328705305,No,No,Normal,Safe,Stable
2024-04-03 10:00:00,April,276.79,92.96,1,27.7,6.39,7.91,3.98,4,4,1,0,29.1,33.9,24.1,4.75,4,4.263157895,3.684210526,7.948587534,0.5187746442,0.01222001208,Yes,No,Normal,Safe,Stable
2024-04-03 11:00:00,April,276.79,92.96,1,27.7,6.39,7.91,3.98,4,4,0,0,29.1,33.9,24.1,4.75,4,4.315789474,3.421052632,7.934074766,0.5495875889,0.01115297111,No,No,Normal,Safe,Stable
2024-04-03 12:00:00,April,276.79,92.96,1,27.7,6.39,7.91,3.98,4,4,0,0,29.1,33.9,24.1,4.75,4,4.368421053,3.157894737,7.919561997,0.5804005337,0.01008593014,Yes,No,Normal,Safe,Stable
2024-04-03 13:00:00,April,276.79,92.96,1,27.7,6.39,7.91,3.98,4,4,0,0,29.1,33.9,24.1,4.75,4,4.421052632,2.894736842,7.905049229,0.6112134785,0.009018889177,No,No,Normal,Safe,Stable
2024-04-03 14:00:00,April,276.79,92.96,1,27.7,6.39,7.91,3.98,4,4,1,0,29.1,33.9,24.1,4.75,4,4.473684211,2.631578947,7.89053646,0.6420264232,0.00795184821,Yes,No,Normal,Safe,Stable
2024-04-03 15:00:00,April,276.79,92.96,1,27.7,6.39,7.91,3.98,4,4,0,0,29.1,33.9,24.1,4.75,4,4.526315789,2.368421053,7.876023692,0.672839368,0.006884807243,No,No,Normal,Safe,Stable
2024-04-03 16:00:00,April,276.79,92.96,1,27.7,6.39,7.91,3.98,4,4,0,0,29.1,33.9,24.1,4.75,4,4.578947368,2.105263158,7.861510923,0.7036523127,0.005817766276,Yes,No,Normal,Safe,Stable
2024-04-03 17:00:00,April,276.79,92.96,1,27.7,6.39,7.91,3.98,4,4,0,0,29.1,33.9,24.1,4.75,4,4.631578947,1.842105263,7.846998155,0.7344652575,0.004750725308,No,No,Normal,Safe,Stable
2024-04-03 18:00:00,April,276.79,92.96,1,27.7,6.39,7.91,3.98,4,4,0,0,29.1,33.9,24.1,4.75,4,4.684210526,1.578947368,7.832485387,0.7652782023,0.003683684341,Yes,No,Normal,Safe,Stable
2024-04-03 19:00:00,April,276.79,92.96,1,27.7,6.39,7.91,3.98,4,4,0,0,29.1,33.9,24.1,4.75,4,4.736842105,1.315789474,7.817972618,0.796091147,0.002616643374,No,No,Normal,Safe,Stable
2024-04-03 20:00:00,April,276.79,92.96,1,27.7,6.39,7.91,3.98,4,4,0,0,29.1,33.9,24.1,4.75,4,4.789473684,1.052631579,7.80345985,0.8269040918,0.001549602407,Yes,No,Normal,Safe,Stable
2024-04-03 21:00:00,April,276.79,92.96,1,27.7,6.39,7.91,3.98,4,4,0,0,29.1,33.9,24.1,4.75,4,4.842105263,0.7894736842,7.788947081,0.8577170365,0.0004825614399,No,No,Normal,Safe,Stable
2024-04-03 22:00:00,April,276.79,92.96,1,27.7,6.39,7.91,3.98,4,4,0,0,29.1,33.9,24.1,4.75,4,4.894736842,0.5263157895,7.774434313,0.8885299813,-0.0005844795273,Yes,No,Normal,Safe,Stable
2024-04-03 23:00:00,April,276.79,92.96,1,27.7,6.39,7.91,3.98,4,4,1,0,29.1,33.9,24.1,4.75,4,4.947368421,0.2631578947,7.759921545,0.919342926,-0.001651520494,No,No,Normal,Safe,Stable
2024-04-04 00:00:00,April,276.79,92.96,1,27.7,6.39,7.91,3.98,4,4,1,0,29.1,33.9,24.1,4.75,4,5,0,7.745408776,0.9501558708,-0.002718561462,Yes,No,Normal,Safe,Stable
2024-04-04 01:00:00,April,276.79,92.96,1,27.7,6.39,7.91,3.98,4,4,0,0,29.1,33.9,24.1,4.75,4,5,1,8.404548886,0.3210962436,0.1103617506,No,No,Normal,Safe,Stable
2024-04-04 02:00:00,April,276.79,92.96,1,27.7,6.39,7.91,3.98,4,4,0,0,29.1,33.9,24.1,4.75,4,5,2,7.947520651,0.3120115051,0.422329764,Yes,No,Normal,Safe,Stable
2024-04-04 03:00:00,April,276.79,92.96,1,27.7,6.39,7.91,3.98,4,4,1,0,29.1,33.9,24.1,4.75,4,5,3,8.274241701,0.5614614273,-0.0007800270534,No,No,Normal,Safe,Stable
2024-04-04 04:00:00,April,276.79,92.96,1,27.7,6.39,7.91,3.98,4,4,0,0,29.1,33.9,24.1,4.75,4,5,4,8.111063008,0.2853375549,0.8454341891,Yes,No,Normal,Safe,Stable
2024-04-04 05:00:00,April,276.79,92.96,1,27.7,6.39,7.91,3.98,4,4,0,0,29.1,33.9,24.1,4.75,4,5,5,8.297540275,0.3761499325,0.004293838376,No,No,Normal,Safe,Stable
2024-04-04 06:00:00,April,276.79,92.96,1,27.7,6.39,7.91,3.98,4,4,0,0,29.1,33.9,24.1,4.75,4,5.052631579,4.736842105,8.300540935,0.3777558357,0.005692024868,Yes,No,Normal,Safe,Stable
2024-04-04 07:00:00,April,276.79,92.96,1,27.7,6.39,7.91,3.98,4,4,0,0,29.1,33.9,24.1,4.75,4,5.105263158,4.473684211,8.303541595,0.379361739,0.00709021136,No,No,Normal,Safe,Stable
2024-04-04 08:00:00,April,276.79,92.96,1,27.7,6.39,7.91,3.98,4,4,0,0,29.1,33.9,24.1,4.75,4,5.157894737,4.210526316,8.306542255,0.3809676423,0.008488397851,Yes,No,Normal,Safe,Stable
2024-04-04 09:00:00,April,276.79,92.96,1,27.7,6.39,7.91,3.98,4,4,0,0,29.1,33.9,24.1,4.75,4,5.210526316,3.947368421,8.309542915,0.3825735455,0.009886584343,No,No,Normal,Safe,Stable
2024-04-04 10:00:00,April,276.79,92.96,1,27.7,6.39,7.91,3.98,4,4,0,0,29.1,33.9,24.1,4.75,4,5.263157895,3.684210526,8.312543576,0.3841794488,0.01128477083,Yes,No,Normal,Safe,Stable
2024-04-04 11:00:00,April,276.79,92.96,1,27.7,6.39,7.91,3.98,4,4,0,0,29.1,33.9,24.1,4.75,4,5.315789474,3.421052632,8.315544236,0.3857853521,0.01268295733,No,No,Normal,Safe,Stable
2024-04-04 12:00:00,April,276.79,92.96,1,27.7,6.39,7.91,3.98,4,4,0,0,29.1,33.9,24.1,4.75,4,5.368421053,3.157894737,8.318544896,0.3873912553,0.01408114382,Yes,No,Normal,Safe,Stable
2024-04-04 13:00:00,April,276.79,92.96,1,27.7,6.39,7.91,3.98,4,4,1,0,29.1,33.9,24.1,4.75,4,5.421052632,2.894736842,8.321545556,0.3889971586,0.01547933031,No,No,Normal,Safe,Stable
2024-04-04 14:00:00,April,276.79,92.96,1,27.7,6.39,7.91,3.98,4,4,1,0,29.1,33.9,24.1,4.75,4,5.473684211,2.631578947,8.324546216,0.3906030618,0.0168775168,Yes,No,Normal,Safe,Stable
2024-04-04 15:00:00,April,276.79,92.96,1,27.7,6.39,7.91,3.98,4,4,0,0,29.1,33.9,24.1,4.75,4,5.526315789,2.368421053,8.327546876,0.3922089651,0.01827570329,No,No,Normal,Safe,Stable
2024-04-04 16:00:00,April,276.79,92.96,1,27.7,6.39,7.91,3.98,4,4,0,0,29.1,33.9,24.1,4.75,4,5.578947368,2.105263158,8.330547536,0.3938148684,0.01967388978,Yes,No,Normal,Safe,Stable
2024-04-04 17:00:00,April,276.79,92.96,1,27.7,6.39,7.91,3.98,4,4,0,0,29.1,33.9,24.1,4.75,4,5.631578947,1.842105263,8.333548196,0.3954207716,0.02107207628,No,No,Normal,Safe,Stable
2024-04-04 18:00:00,April,276.79,92.96,1,27.7,6.39,7.91,3.98,4,4,0,0,29.1,33.9,24.1,4.75,4,5.684210526,1.578947368,8.336548857,0.3970266749,0.02247026277,Yes,No,Normal,Safe,Stable
2024-04-04 19:00:00,April,276.79,92.96,1,27.7,6.39,7.91,3.98,4,4,0,0,29.1,33.9,24.1,4.75,4,5.736842105,1.315789474,8.339549517,0.3986325782,0.02386844926,No,No,Normal,Safe,Stable
2024-04-04 20:00:00,April,276.79,92.96,1,27.7,6.39,7.91,3.98,4,4,1,0,29.1,33.9,24.1,4.75,4,5.789473684,1.052631579,8.342550177,0.4002384814,0.02526663575,Yes,No,Normal,Safe,Stable
2024-04-04 21:00:00,April,276.79,92.96,1,27.7,6.39,7.91,3.98,4,4,1,0,29.1,33.9,24.1,4.75,4,5.842105263,0.7894736842,8.345550837,0.4018443847,0.02666482224,No,No,Normal,Safe,Stable
2024-04-04 22:00:00,April,276.79,92.96,1,27.7,6.39,7.91,3.98,4,4,1,0,29.1,33.9,24.1,4.75,4,5.894736842,0.5263157895,8.348551497,0.403450288,0.02806300873,Yes,No,Normal,Safe,Stable
2024-04-04 23:00:00,April,276.79,92.96,1,27.7,6.39,7.91,3.98,4,4,0,0,29.1,33.9,24.1,4.75,4,5.947368421,0.2631578947,8.351552157,0.4050561912,0.02946119522,No,No,Normal,Safe,Stable
2024-04-05 00:00:00,April,276.79,92.96,1,27.7,6.39,7.91,3.98,4,4,0,0,29.1,33.9,24.1,4.75,4,6,0,8.354552817,0.4066620945,0.03085938172,Yes,No,Normal,Safe,Stable
2024-04-05 01:00:00,April,276.79,92.96,1,27.7,6.39,7.91,3.98,4,4,0,0,29.1,33.9,24.1,4.75,4,6,1,8.411309223,0.3441337198,0.1108474067,No,No,Normal,Safe,Stable
2024-04-05 02:00:00,April,276.79,92.96,1,27.7,6.39,7.91,3.98,4,4,1,0,29.1,33.9,24.1,4.75,4,6,2,7.612160256,1.022640087,0.0008171554505,Yes,No,Normal,Safe,Stable
2024-04-05 03:00:00,April,276.79,92.96,1,27.7,6.39,7.91,3.98,4,4,0,0,29.1,33.9,24.1,4.75,4,6,3,7.884810884,0.2846158929,0.8263403588,No,No,Normal,Safe,Stable
2024-04-05 04:00:00,April,276.79,92.96,1,27.7,6.39,7.91,3.98,4,4,0,0,29.1,33.9,24.1,4.75,4,6,4,7.966892398,0.2165477074,0.9928269168,Yes,No,Normal,Safe,Stable
2024-04-05 05:00:00,April,276.79,92.96,1,27.7,6.39,7.91,3.98,4,4,0,0,29.1,33.9,24.1,4.75,4,6,5,8.552241742,0.3945911979,0.02411962461,No,No,Normal,Safe,Stable
2024-04-05 06:00:00,April,276.79,92.96,1,27.7,6.39,7.91,3.98,4,4,1,0,29.1,33.9,24.1,4.75,4,6.052631579,4.736842105,8.520180586,0.3966611034,0.02312851817,Yes,No,Normal,Safe,Stable
2024-04-05 07:00:00,April,276.79,92.96,1,27.7,6.39,7.91,3.98,4,4,1,0,29.1,33.9,24.1,4.75,4,6.105263158,4.473684211,8.48811943,0.3987310089,0.02213741172,No,No,Normal,Safe,Stable
2024-04-05 08:00:00,April,276.79,92.96,1,27.7,6.39,7.91,3.98,4,4,0,0,29.1,33.9,24.1,4.75,4,6.157894737,4.210526316,8.456058274,0.4008009144,0.02114630528,Yes,No,Normal,Safe,Stable
2024-04-05 09:00:00,April,276.79,92.96,1,27.7,6.39,7.91,3.98,4,4,0,0,29.1,33.9,24.1,4.75,4,6.210526316,3.947368421,8.423997117,0.4028708199,0.02015519883,No,No,Normal,Safe,Stable
2024-04-05 10:00:00,April,276.79,92.96,1,27.7,6.39,7.91,3.98,4,4,1,0,29.1,33.9,24.1,4.75,4,6.263157895,3.684210526,8.391935961,0.4049407254,0.01916409239,Yes,No,Normal,Safe,Stable
2024-04-05 11:00:00,April,276.79,92.96,1,27.7,6.39,7.91,3.98,4,4,0,0,29.1,33.9,24.1,4.75,4,6.315789474,3.421052632,8.359874805,0.4070106309,0.01817298594,No,No,Normal,Safe,Stable
2024-04-05 12:00:00,April,276.79,92.96,1,27.7,6.39,7.91,3.98,4,4,0,0,29.1,33.9,24.1,4.75,4,6.368421053,3.157894737,8.327813649,0.4090805364,0.0171818795,Yes,No,Normal,Safe,Stable
2024-04-05 13:00:00,April,276.79,92.96,1,27.7,6.39,7.91,3.98,4,4,0,0,29.1,33.9,24.1,4.75,4,6.421052632,2.894736842,8.295752493,0.4111504419,0.01619077305,No,No,Normal,Safe,Stable
2024-04-05 14:00:00,April,276.79,92.96,1,27.7,6.39,7.91,3.98,4,4,1,0,29.1,33.9,24.1,4.75,4,6.473684211,2.631578947,8.263691337,0.4132203474,0.01519966661,Yes,No,Normal,Safe,Stable
2024-04-05 15:00:00,April,276.79,92.96,1,27.7,6.39,7.91,3.98,4,4,0,0,29.1,33.9,24.1,4.75,4,6.526315789,2.368421053,8.231630181,0.4152902529,0.01420856016,No,No,Normal,Safe,Stable
2024-04-05 16:00:00,April,276.79,92.96,1,27.7,6.39,7.91,3.98,4,4,0,1,29.1,33.9,24.1,4.75,4,6.578947368,2.105263158,8.199569025,0.4173601584,0.01321745372,Yes,No,Normal,Safe,Stable
2024-04-05 17:00:00,April,276.79,92.96,1,27.7,6.39,7.91,3.98,4,4,0,0,29.1,33.9,24.1,4.75,4,6.631578947,1.842105263,8.167507869,0.4194300639,0.01222634727,No,No,Normal,Safe,Stable
2024-04-05 18:00:00,April,276.79,92.96,1,27.7,6.39,7.91,3.98,4,4,0,1,29.1,33.9,24.1,4.75,4,6.684210526,1.578947368,8.135446713,0.4214999694,0.01123524083,Yes,No,Normal,Safe,Stable
2024-04-05 19:00:00,April,276.79,92.96,1,27.7,6.39,7.91,3.98,4,4,0,0,29.1,33.9,24.1,4.75,4,6.736842105,1.315789474,8.103385557,0.4235698749,0.01024413438,No,No,Normal,Safe,Stable
2024-04-05 20:00:00,April,276.79,92.96,1,27.7,6.39,7.91,3.98,4,4,0,0,29.1,33.9,24.1,4.75,4,6.789473684,1.052631579,8.071324401,0.4256397804,0.009253027936,Yes,No,Normal,Safe,Stable
2024-04-05 21:00:00,April,276.79,92.96,1,27.7,6.39,7.91,3.98,4,4,0,0,29.1,33.9,24.1,4.75,4,6.842105263,0.7894736842,8.039263245,0.4277096859,0.008261921491,No,No,Normal,Safe,Stable
2024-04-05 22:00:00,April,276.79,92.96,1,27.7,6.39,7.91,3.98,4,4,0,1,29.1,33.9,24.1,4.75,4,6.894736842,0.5263157895,8.007202089,0.4297795914,0.007270815046,Yes,No,Normal,Safe,Stable
2024-04-05 23:00:00,April,276.79,92.96,1,27.7,6.39,7.91,3.98,4,4,0,0,29.1,33.9,24.1,4.75,4,6.947368421,0.2631578947,7.975140933,0.4318494969,0.006279708601,No,No,Normal,Safe,Stable
2024-04-06 00:00:00,April,276.79,92.96,1,27.7,6.39,7.91,3.98,4,4,0,0,29.1,33.9,24.1,4.75,4,7,0,7.943079777,0.4339194024,0.005288602156,Yes,No,Normal,Safe,Stable
2024-04-06 01:00:00,April,276.79,92.96,1,27.7,6.39,7.91,3.98,4,4,0,0,29.1,33.9,24.1,4.75,4,7,1,8.003630626,0.3541245344,0.1062151974,No,No,Normal,Safe,Stable
2024-04-06 02:00:00,April,276.79,92.96,1,27.7,6.39,7.91,3.98,4,4,1,0,29.1,33.9,24.1,4.75,4,7,2,7.855631321,1.010105101,0.007696996212,Yes,No,Normal,Safe,Stable
2024-04-06 03:00:00,April,276.79,92.96,1,27.7,6.39,7.91,3.98,4,4,1,0,29.1,33.9,24.1,4.75,4,7,3,7.61723942,0.9643372193,0.01948599134,No,No,Normal,Safe,Stable
2024-04-06 04:00:00,April,276.79,92.96,1,27.7,6.39,7.91,3.98,4,4,0,0,29.1,33.9,24.1,4.75,4,7,4,8.228390814,0.1998925393,0.8417686319,Yes,No,Normal,Safe,Stable
2024-04-06 05:00:00,April,276.79,92.96,1,27.7,6.39,7.91,3.98,4,4,0,0,29.1,33.9,24.1,4.75,4,7,5,8.534522769,0.4044719277,0.0372152999,No,No,Normal,Safe,Stable
2024-04-06 06:00:00,April,276.79,92.96,1,27.7,6.39,7.91,3.98,4,4,0,0,29.1,33.9,24.1,4.75,4,7.052631579,4.736842105,8.512179834,0.4051140863,0.03625672846,Yes,No,Normal,Safe,Stable
2024-04-06 07:00:00,April,276.79,92.96,1,27.7,6.39,7.91,3.98,4,4,0,0,29.1,33.9,24.1,4.75,4,7.105263158,4.473684211,8.489836898,0.4057562449,0.03529815701,No,No,Normal,Safe,Stable
2024-04-06 08:00:00,April,276.79,92.96,1,27.7,6.39,7.91,3.98,4,4,0,1,29.1,33.9,24.1,4.75,4,7.157894737,4.210526316,8.467493963,0.4063984035,0.03433958557,Yes,No,Normal,Safe,Stable
2024-04-06 09:00:00,April,276.79,92.96,1,27.7,6.39,7.91,3.98,4,4,0,0,29.1,33.9,24.1,4.75,4,7.210526316,3.947368421,8.445151027,0.407040562,0.03338101412,No,No,Normal,Safe,Stable
2024-04-06 10:00:00,April,276.79,92.96,1,27.7,6.39,7.91,3.98,4,4,0,0,29.1,33.9,24.1,4.75,4,7.263157895,3.684210526,8.422808092,0.4076827206,0.03242244268,Yes,No,Normal,Safe,Stable
2024-04-06 11:00:00,April,276.79,92.96,1,27.7,6.39,7.91,3.98,4,4,0,0,29.1,33.9,24.1,4.75,4,7.315789474,3.421052632,8.400465157,0.4083248792,0.03146387124,No,No,Normal,Safe,Stable
2024-04-06 12:00:00,April,276.79,92.96,1,27.7,6.39,7.91,3.98,4,4,0,0,29.1,33.9,24.1,4.75,4,7.368421053,3.157894737,8.378122221,0.4089670377,0.03050529979,Yes,No,Normal,Safe,Stable
2024-04-06 13:00:00,April,276.79,92.96,1,27.7,6.39,7.91,3.98,4,4,0,0,29.1,33.9,24.1,4.75,4,7.421052632,2.894736842,8.355779286,0.4096091963,0.02954672835,No,No,Normal,Safe,Stable
2024-04-06 14:00:00,April,276.79,92.96,1,27.7,6.39,7.91,3.98,4,4,0,0,29.1,33.9,24.1,4.75,4,7.473684211,2.631578947,8.33343635,0.4102513549,0.02858815691,Yes,No,Normal,Safe,Stable
2024-04-06 15:00:00,April,276.79,92.96,1,27.7,6.39,7.91,3.98,4,4,1,0,29.1,33.9,24.1,4.75,4,7.526315789,2.368421053,8.311093415,0.4108935134,0.02762958546,No,No,Normal,Safe,Stable
2024-04-06 16:00:00,April,276.79,92.96,1,27.7,6.39,7.91,3.98,4,4,0,0,29.1,33.9,24.1,4.75,4,7.578947368,2.105263158,8.28875048,0.411535672,0.02667101402,Yes,No,Normal,Safe,Stable
2024-04-06 17:00:00,April,276.79,92.96,1,27.7,6.39,7.91,3.98,4,4,0,1,29.1,33.9,24.1,4.75,4,7.631578947,1.842105263,8.266407544,0.4121778306,0.02571244258,No,No,Normal,Safe,Stable
2024-04-06 18:00:00,April,276.79,92.96,1,27.7,6.39,7.91,3.98,4,4,0,0,29.1,33.9,24.1,4.75,4,7.684210526,1.578947368,8.244064609,0.4128199892,0.02475387113,Yes,No,Normal,Safe,Stable
2024-04-06 19:00:00,April,276.79,92.96,1,27.7,6.39,7.91,3.98,4,4,0,1,29.1,33.9,24.1,4.75,4,7.736842105,1.315789474,8.221721673,0.4134621477,0.02379529969,No,No,Normal,Safe,Stable
2024-04-06 20:00:00,April,276.79,92.96,1,27.7,6.39,7.91,3.98,4,4,0,0,29.1,33.9,24.1,4.75,4,7.789473684,1.052631579,8.199378738,0.4141043063,0.02283672824,Yes,No,Normal,Safe,Stable
2024-04-06 21:00:00,April,276.79,92.96,1,27.7,6.39,7.91,3.98,4,4,1,0,29.1,33.9,24.1,4.75,4,7.842105263,0.7894736842,8.177035803,0.4147464649,0.0218781568,No,No,Normal,Safe,Stable
2024-04-06 22:00:00,April,276.79,92.96,1,27.7,6.39,7.91,3.98,4,4,0,0,29.1,33.9,24.1,4.75,4,7.894736842,0.5263157895,8.154692867,0.4153886234,0.02091958536,Yes,No,Normal,Safe,Stable
2024-04-06 23:00:00,April,276.79,92.96,1,27.7,6.39,7.91,3.98,4,4,1,0,29.1,33.9,24.1,4.75,4,7.947368421,0.2631578947,8.132349932,0.416030782,0.01996101391,No,No,Normal,Safe,Stable
2024-04-07 00:00:00,April,276.79,92.96,1,27.7,6.39,7.91,3.98,4,4,0,0,29.1,33.9,24.1,4.75,4,8,0,8.110006996,0.4166729406,0.01900244247,Yes,No,Normal,Safe,Stable
2024-04-07 01:00:00,April,276.79,92.96,1,27.7,6.39,7.91,3.98,4,4,0,0,29.1,33.9,24.1,4.75,4,8,1,7.97243027,0.3186861825,0.13451353,No,No,Normal,Safe,Stable
2024-04-07 02:00:00,April,276.79,92.96,1,27.7,6.39,7.91,3.98,4,4,1,0,29.1,33.9,24.1,4.75,4,8,2,7.907110912,0.9504111441,-0.0410935209,Yes,No,Normal,Safe,Stable
2024-04-07 03:00:00,April,276.79,92.96,1,27.7,6.39,7.91,3.98,4,4,0,0,29.1,33.9,24.1,4.75,4,8,3,8.026842831,0.4407844659,0.04066974306,No,No,Normal,Safe,Stable
2024-04-07 04:00:00,April,276.79,92.96,1,27.7,6.39,7.91,3.98,4,4,0,0,29.1,33.9,24.1,4.75,4,8,4,8.225348412,0.2892142462,0.9403558785,Yes,No,Normal,Safe,Stable
2024-04-07 05:00:00,April,276.79,92.96,1,27.7,6.39,7.91,3.98,4,4,0,0,29.1,33.9,24.1,4.75,4,8,5,7.680727003,0.9471249453,0.003862991937,No,No,Normal,Safe,Stable
2024-04-07 06:00:00,April,276.79,92.96,1,27.7,6.39,7.91,3.98,4,4,0,0,29.1,33.9,24.1,4.75,4,8.052631579,4.736842105,7.699906914,0.919409184,0.005419001857,Yes,No,Normal,Safe,Stable
2024-04-07 07:00:00,April,276.79,92.96,1,27.7,6.39,7.91,3.98,4,4,0,0,29.1,33.9,24.1,4.75,4,8.105263158,4.473684211,7.719086824,0.8916934226,0.006975011778,No,No,Normal,Safe,Stable
2024-04-07 08:00:00,April,276.79,92.96,1,27.7,6.39,7.91,3.98,4,4,0,0,29.1,33.9,24.1,4.75,4,8.157894737,4.210526316,7.738266734,0.8639776612,0.008531021699,Yes,No,Normal,Safe,Stable
2024-04-07 09:00:00,April,276.79,92.96,1,27.7,6.39,7.91,3.98,4,4,0,0,29.1,33.9,24.1,4.75,4,8.210526316,3.947368421,7.757446644,0.8362618999,0.01008703162,No,No,Normal,Safe,Stable
2024-04-07 10:00:00,April,276.79,92.96,1,27.7,6.39,7.91,3.98,4,4,1,0,29.1,33.9,24.1,4.75,4,8.263157895,3.684210526,7.776626555,0.8085461385,0.01164304154,Yes,No,Normal,Safe,Stable
2024-04-07 11:00:00,April,276.79,92.96,1,27.7,6.39,7.91,3.98,4,4,1,0,29.1,33.9,24.1,4.75,4,8.315789474,3.421052632,7.795806465,0.7808303771,0.01319905146,No,No,Normal,Safe,Stable
2024-04-07 12:00:00,April,276.79,92.96,1,27.7,6.39,7.91,3.98,4,4,0,0,29.1,33.9,24.1,4.75,4,8.368421053,3.157894737,7.814986375,0.7531146158,0.01475506138,Yes,No,Normal,Safe,Stable
2024-04-07 13:00:00,April,276.79,92.96,1,27.7,6.39,7.91,3.98,4,4,0,0,29.1,33.9,24.1,4.75,4,8.421052632,2.894736842,7.834166285,0.7253988544,0.0163110713,No,No,Normal,Safe,Stable
2024-04-07 14:00:00,April,276.79,92.96,1,27.7,6.39,7.91,3.98,4,4,0,0,29.1,33.9,24.1,4.75,4,8.473684211,2.631578947,7.853346196,0.6976830931,0.01786708122,Yes,No,Normal,Safe,Stable
2024-04-07 15:00:00,April,276.79,92.96,1,27.7,6.39,7.91,3.98,4,4,1,0,29.1,33.9,24.1,4.75,4,8.526315789,2.368421053,7.872526106,0.6699673317,0.01942309114,No,No,Normal,Safe,Stable
2024-04-07 16:00:00,April,276.79,92.96,1,27.7,6.39,7.91,3.98,4,4,0,0,29.1,33.9,24.1,4.75,4,8.578947368,2.105263158,7.891706016,0.6422515703,0.02097910107,Yes,No,Normal,Safe,Stable
2024-04-07 17:00:00,April,276.79,92.96,1,27.7,6.39,7.91,3.98,4,4,0,0,29.1,33.9,24.1,4.75,4,8.631578947,1.842105263,7.910885926,0.614535809,0.02253511099,No,No,Normal,Safe,Stable
2024-04-07 18:00:00,April,276.79,92.96,1,27.7,6.39,7.91,3.98,4,4,1,0,29.1,33.9,24.1,4.75,4,8.684210526,1.578947368,7.930065837,0.5868200476,0.02409112091,Yes,No,Normal,Safe,Stable
2024-04-07 19:00:00,April,276.79,92.96,1,27.7,6.39,7.91,3.98,4,4,0,0,29.1,33.9,24.1,4.75,4,8.736842105,1.315789474,7.949245747,0.5591042863,0.02564713083,No,No,Normal,Safe,Stable
2024-04-07 20:00:00,April,276.79,92.96,1,27.7,6.39,7.91,3.98,4,4,0,0,29.1,33.9,24.1,4.75,4,8.789473684,1.052631579,7.968425657,0.5313885249,0.02720314075,Yes,No,Normal,Safe,Stable
2024-04-07 21:00:00,April,276.79,92.96,1,27.7,6.39,7.91,3.98,4,4,0,0,29.1,33.9,24.1,4.75,4,8.842105263,0.7894736842,7.987605567,0.5036727635,0.02875915067,No,No,Normal,Safe,Stable
2024-04-07 22:00:00,April,276.79,92.96,1,27.7,6.39,7.91,3.98,4,4,0,1,29.1,33.9,24.1,4.75,4,8.894736842,0.5263157895,8.006785478,0.4759570022,0.03031516059,Yes,No,Normal,Safe,Stable
2024-04-07 23:00:00,April,276.79,92.96,1,27.7,6.39,7.91,3.98,4,4,1,0,29.1,33.9,24.1,4.75,4,8.947368421,0.2631578947,8.025965388,0.4482412408,0.03187117051,No,No,Normal,Safe,Stable
2024-04-08 00:00:00,April,276.79,92.96,1,27.7,6.39,7.91,3.98,4,4,0,0,29.1,33.9,24.1,4.75,4,9,0,8.045145298,0.4205254795,0.03342718043,Yes,No,Normal,Safe,Stable
2024-04-08 01:00:00,April,276.79,92.96,1,27.7,6.39,7.91,3.98,4,4,0,0,29.1,33.9,24.1,4.75,4,9,1,8.144082261,0.3389770675,0.1076737694,No,No,Normal,Safe,Stable
2024-04-08 02:00:00,April,276.79,92.96,1,27.7,6.39,7.91,3.98,4,4,0,0,29.1,33.9,24.1,4.75,4,9,2,7.894047197,0.9441731701,0.002757444997,Yes,No,Normal,Safe,Stable
2024-04-08 03:00:00,April,276.79,92.96,1,27.7,6.39,7.91,3.98,4,4,0,0,29.1,33.9,24.1,4.75,4,9,3,8.148479355,0.9779637178,-0.03035069171,No,No,Normal,Safe,Stable
2024-04-08 04:00:00,April,276.79,92.96,1,27.7,6.39,7.91,3.98,4,4,0,1,29.1,33.9,24.1,4.75,4,9,4,8.900171159,0.2079373807,0.9648423502,Yes,No,Normal,Safe,Stable
2024-04-08 05:00:00,April,276.79,92.96,1,27.7,6.39,7.91,3.98,4,4,1,1,29.1,33.9,24.1,4.75,4,9,5,8.286132393,0.3812364407,0.02569480206,No,No,Normal,Safe,Stable
2024-04-08 06:00:00,April,276.79,92.96,1,27.7,6.39,7.91,3.98,4,4,0,0,29.1,33.9,24.1,4.75,4,9.052631579,4.736842105,8.288466172,0.3823253046,0.02521980503,Yes,No,Normal,Safe,Stable
2024-04-08 07:00:00,April,276.79,92.96,1,27.7,6.39,7.91,3.98,4,4,0,0,29.1,33.9,24.1,4.75,4,9.105263158,4.473684211,8.29079995,0.3834141685,0.024744808,No,No,Normal,Safe,Stable
2024-04-08 08:00:00,April,276.79,92.96,1,27.7,6.39,7.91,3.98,4,4,0,0,29.1,33.9,24.1,4.75,4,9.157894737,4.210526316,8.293133728,0.3845030324,0.02426981097,Yes,No,Normal,Safe,Stable
2024-04-08 09:00:00,April,276.79,92.96,1,27.7,6.39,7.91,3.98,4,4,0,0,29.1,33.9,24.1,4.75,4,9.210526316,3.947368421,8.295467506,0.3855918963,0.02379481394,No,No,Normal,Safe,Stable
2024-04-08 10:00:00,April,276.79,92.96,1,27.7,6.39,7.91,3.98,4,4,1,0,29.1,33.9,24.1,4.75,4,9.263157895,3.684210526,8.297801285,0.3866807602,0.02331981691,Yes,No,Normal,Safe,Stable
2024-04-08 11:00:00,April,276.79,92.96,1,27.7,6.39,7.91,3.98,4,4,0,0,29.1,33.9,24.1,4.75,4,9.315789474,3.421052632,8.300135063,0.3877696241,0.02284481988,No,No,Normal,Safe,Stable
2024-04-08 12:00:00,April,276.79,92.96,1,27.7,6.39,7.91,3.98,4,4,0,0,29.1,33.9,24.1,4.75,4,9.368421053,3.157894737,8.302468841,0.388858488,0.02236982286,Yes,No,Normal,Safe,Stable
2024-04-08 13:00:00,April,276.79,92.96,1,27.7,6.39,7.91,3.98,4,4,0,0,29.1,33.9,24.1,4.75,4,9.421052632,2.894736842,8.304802619,0.389947352,0.02189482583,No,No,Normal,Safe,Stable
2024-04-08 14:00:00,April,276.79,92.96,1,27.7,6.39,7.91,3.98,4,4,0,0,29.1,33.9,24.1,4.75,4,9.473684211,2.631578947,8.307136398,0.3910362159,0.0214198288,Yes,No,Normal,Safe,Stable
2024-04-08 15:00:00,April,276.79,92.96,1,27.7,6.39,7.91,3.98,4,4,1,0,29.1,33.9,24.1,4.75,4,9.526315789,2.368421053,8.309470176,0.3921250798,0.02094483177,No,No,Normal,Safe,Stable
2024-04-08 16:00:00,April,276.79,92.96,1,27.7,6.39,7.91,3.98,4,4,0,0,29.1,33.9,24.1,4.75,4,9.578947368,2.105263158,8.311803954,0.3932139437,0.02046983474,Yes,No,Normal,Safe,Stable
2024-04-08 17:00:00,April,276.79,92.96,1,27.7,6.39,7.91,3.98,4,4,0,0,29.1,33.9,24.1,4.75,4,9.631578947,1.842105263,8.314137733,0.3943028076,0.01999483771,No,No,Normal,Safe,Stable
2024-04-08 18:00:00,April,276.79,92.96,1,27.7,6.39,7.91,3.98,4,4,0,0,29.1,33.9,24.1,4.75,4,9.684210526,1.578947368,8.316471511,0.3953916715,0.01951984068,Yes,No,Normal,Safe,Stable
2024-04-08 19:00:00,April,276.79,92.96,1,27.7,6.39,7.91,3.98,4,4,1,0,29.1,33.9,24.1,4.75,4,9.736842105,1.315789474,8.318805289,0.3964805354,0.01904484366,No,No,Normal,Safe,Stable
2024-04-08 20:00:00,April,276.79,92.96,1,27.7,6.39,7.91,3.98,4,4,0,0,29.1,33.9,24.1,4.75,4,9.789473684,1.052631579,8.321139067,0.3975693993,0.01856984663,Yes,No,Normal,Safe,Stable
2024-04-08 21:00:00,April,276.79,92.96,1,27.7,6.39,7.91,3.98,4,4,1,0,29.1,33.9,24.1,4.75,4,9.842105263,0.7894736842,8.323472846,0.3986582632,0.0180948496,No,No,Normal,Safe,Stable
2024-04-08 22:00:00,April,276.79,92.96,1,27.7,6.39,7.91,3.98,4,4,1,0,29.1,33.9,24.1,4.75,4,9.894736842,0.5263157895,8.325806624,0.3997471272,0.01761985257,Yes,No,Normal,Safe,Stable
2024-04-08 23:00:00,April,276.79,92.96,1,27.7,6.39,7.91,3.98,4,4,0,0,29.1,33.9,24.1,4.75,4,9.947368421,0.2631578947,8.328140402,0.4008359911,0.01714485554,No,No,Normal,Safe,Stable
2024-04-09 00:00:00,April,276.79,92.96,1,27.7,6.39,7.91,3.98,4,4,0,0,29.1,33.9,24.1,4.75,4,10,0,8.33047418,0.401924855,0.01666985851,Yes,No,Normal,Safe,Stable
2024-04-09 01:00:00,April,276.79,92.96,1,27.7,6.39,7.91,3.98,4,4,0,0,29.1,33.9,24.1,4.75,4,10,1,8.312118553,0.3221039261,0.1338790007,No,No,Normal,Safe,Stable
2024-04-09 02:00:00,April,276.79,92.96,1,27.7,6.39,7.91,3.98,4,4,0,0,29.1,33.9,24.1,4.75,4,10,2,8.227707307,0.2926524869,0.5224786477,Yes,No,Normal,Safe,Stable
2024-04-09 03:00:00,April,276.79,92.96,1,27.7,6.39,7.91,3.98,4,4,0,0,29.1,33.9,24.1,4.75,4,10,3,7.907413334,0.3233903211,0.8454416691,No,No,Normal,Safe,Stable
2024-04-09 04:00:00,April,276.79,92.96,1,27.7,6.39,7.91,3.98,4,4,0,0,29.1,33.9,24.1,4.75,4,10,4,7.886980323,0.9611803563,0.0138819167,Yes,No,Normal,Safe,Stable
2024-04-09 05:00:00,April,276.79,92.96,1,27.7,6.39,7.91,3.98,4,4,0,0,29.1,33.9,24.1,4.75,4,10,5,8.587390758,0.3977286094,-0.005730119083,No,No,Normal,Safe,Stable
2024-04-09 06:00:00,April,276.79,92.96,1,27.7,6.39,7.91,3.98,4,4,0,0,29.1,33.9,24.1,4.75,4,10.05263158,4.736842105,8.53458494,0.4265836694,-0.004666042768,Yes,No,Normal,Safe,Stable
2024-04-09 07:00:00,April,276.79,92.96,1,27.7,6.39,7.91,3.98,4,4,0,0,29.1,33.9,24.1,4.75,4,10.10526316,4.473684211,8.481779121,0.4554387294,-0.003601966453,No,No,Normal,Safe,Stable
2024-04-09 08:00:00,April,276.79,92.96,1,27.7,6.39,7.91,3.98,4,4,1,0,29.1,33.9,24.1,4.75,4,10.15789474,4.210526316,8.428973303,0.4842937893,-0.002537890138,Yes,No,Normal,Safe,Stable
2024-04-09 09:00:00,April,276.79,92.96,1,27.7,6.39,7.91,3.98,4,4,1,1,29.1,33.9,24.1,4.75,4,10.21052632,3.947368421,8.376167485,0.5131488493,-0.001473813822,No,No,Normal,Safe,Stable
2024-04-09 10:00:00,April,276.79,92.96,1,27.7,6.39,7.91,3.98,4,4,0,0,29.1,33.9,24.1,4.75,4,10.26315789,3.684210526,8.323361666,0.5420039093,-0.0004097375071,Yes,No,Normal,Safe,Stable
2024-04-09 11:00:00,April,276.79,92.96,1,27.7,6.39,7.91,3.98,4,4,0,0,29.1,33.9,24.1,4.75,4,10.31578947,3.421052632,8.270555848,0.5708589692,0.0006543388081,No,No,Normal,Safe,Stable
2024-04-09 12:00:00,April,276.79,92.96,1,27.7,6.39,7.91,3.98,4,4,0,0,29.1,33.9,24.1,4.75,4,10.36842105,3.157894737,8.217750029,0.5997140292,0.001718415123,Yes,No,Normal,Safe,Stable
2024-04-09 13:00:00,April,276.79,92.96,1,27.7,6.39,7.91,3.98,4,4,0,0,29.1,33.9,24.1,4.75,4,10.42105263,2.894736842,8.164944211,0.6285690892,0.002782491439,No,No,Normal,Safe,Stable
2024-04-09 14:00:00,April,276.79,92.96,1,27.7,6.39,7.91,3.98,4,4,1,0,29.1,33.9,24.1,4.75,4,10.47368421,2.631578947,8.112138392,0.6574241491,0.003846567754,Yes,No,Normal,Safe,Stable
2024-04-09 15:00:00,April,276.79,92.96,1,27.7,6.39,7.91,3.98,4,4,0,0,29.1,33.9,24.1,4.75,4,10.52631579,2.368421053,8.059332574,0.6862792091,0.004910644069,No,No,Normal,Safe,Stable
2024-04-09 16:00:00,April,276.79,92.96,1,27.7,6.39,7.91,3.98,4,4,1,0,29.1,33.9,24.1,4.75,4,10.57894737,2.105263158,8.006526756,0.715134269,0.005974720384,Yes,No,Normal,Safe,Stable
2024-04-09 17:00:00,April,276.79,92.96,1,27.7,6.39,7.91,3.98,4,4,0,1,29.1,33.9,24.1,4.75,4,10.63157895,1.842105263,7.953720937,0.743989329,0.007038796699,No,No,Normal,Safe,Stable
2024-04-09 18:00:00,April,276.79,92.96,1,27.7,6.39,7.91,3.98,4,4,0,0,29.1,33.9,24.1,4.75,4,10.68421053,1.578947368,7.900915119,0.772844389,0.008102873015,Yes,No,Normal,Safe,Stable
2024-04-09 19:00:00,April,276.79,92.96,1,27.7,6.39,7.91,3.98,4,4,0,0,29.1,33.9,24.1,4.75,4,10.73684211,1.315789474,7.8481093,0.8016994489,0.00916694933,No,No,Normal,Safe,Stable
2024-04-09 20:00:00,April,276.79,92.96,1,27.7,6.39,7.91,3.98,4,4,0,0,29.1,33.9,24.1,4.75,4,10.78947368,1.052631579,7.795303482,0.8305545089,0.01023102565,Yes,No,Normal,Safe,Stable
2024-04-09 21:00:00,April,276.79,92.96,1,27.7,6.39,7.91,3.98,4,4,0,0,29.1,33.9,24.1,4.75,4,10.84210526,0.7894736842,7.742497663,0.8594095689,0.01129510196,No,No,Normal,Safe,Stable
2024-04-09 22:00:00,April,276.79,92.96,1,27.7,6.39,7.91,3.98,4,4,1,0,29.1,33.9,24.1,4.75,4,10.89473684,0.5263157895,7.689691845,0.8882646288,0.01235917828,Yes,No,Normal,Safe,Stable
2024-04-09 23:00:00,April,276.79,92.96,1,27.7,6.39,7.91,3.98,4,4,0,0,29.1,33.9,24.1,4.75,4,10.94736842,0.2631578947,7.636886027,0.9171196888,0.01342325459,No,No,Normal,Safe,Stable
2024-04-10 00:00:00,April,276.79,92.96,1,27.7,6.39,7.91,3.98,4,4,0,0,29.1,33.9,24.1,4.75,4,11,0,7.584080208,0.9459747488,0.01448733091,Yes,No,Normal,Safe,Stable
2024-04-10 01:00:00,April,276.79,92.96,1,27.7,6.39,7.91,3.98,4,4,0,1,29.1,33.9,24.1,4.75,4,11,1,8.45329271,0.3145588587,0.1573609675,No,No,Normal,Safe,Stable
2024-04-10 02:00:00,April,276.79,92.96,1,27.7,6.39,7.91,3.98,4,4,0,0,29.1,33.9,24.1,4.75,4,11,2,8.012247155,0.9476136556,-0.006896400495,Yes,No,Normal,Safe,Stable
2024-04-10 03:00:00,April,276.79,92.96,1,27.7,6.39,7.91,3.98,4,4,1,1,29.1,33.9,24.1,4.75,4,11,3,8.42614036,0.2654343144,0.9887659606,No,No,Normal,Safe,Stable
2024-04-10 04:00:00,April,276.79,92.96,1,27.7,6.39,7.91,3.98,4,4,0,0,29.1,33.9,24.1,4.75,4,11,4,7.620014441,0.9748584617,0.01023415362,Yes,No,Normal,Safe,Stable
2024-04-10 05:00:00,April,276.79,92.96,1,27.7,6.39,7.91,3.98,4,4,0,0,29.1,33.9,24.1,4.75,4,11,5,8.279411804,0.3603555971,-0.008410748771,No,No,Normal,Safe,Stable
2024-04-10 06:00:00,April,276.79,92.96,1,27.7,6.39,7.91,3.98,4,4,1,0,29.1,33.9,24.1,4.75,4,11.05263158,4.736842105,8.274462648,0.3629641881,-0.005958498511,Yes,No,Normal,Safe,Stable
2024-04-10 07:00:00,April,276.79,92.96,1,27.7,6.39,7.91,3.98,4,4,0,1,29.1,33.9,24.1,4.75,4,11.10526316,4.473684211,8.269513491,0.365572779,-0.003506248251,No,No,Normal,Safe,Stable
2024-04-10 08:00:00,April,276.79,92.96,1,27.7,6.39,7.91,3.98,4,4,0,0,29.1,33.9,24.1,4.75,4,11.15789474,4.210526316,8.264564335,0.3681813699,-0.00105399799,Yes,No,Normal,Safe,Stable
2024-04-10 09:00:00,April,276.79,92.96,1,27.7,6.39,7.91,3.98,4,4,0,0,29.1,33.9,24.1,4.75,4,11.21052632,3.947368421,8.259615178,0.3707899609,0.00139825227,No,No,Normal,Safe,Stable
2024-04-10 10:00:00,April,276.79,92.96,1,27.7,6.39,7.91,3.98,4,4,0,0,29.1,33.9,24.1,4.75,4,11.26315789,3.684210526,8.254666021,0.3733985518,0.00385050253,Yes,No,Normal,Safe,Stable
2024-04-10 11:00:00,April,276.79,92.96,1,27.7,6.39,7.91,3.98,4,4,1,0,29.1,33.9,24.1,4.75,4,11.31578947,3.421052632,8.249716865,0.3760071427,0.00630275279,No,No,Normal,Safe,Stable
2024-04-10 12:00:00,April,276.79,92.96,1,27.7,6.39,7.91,3.98,4,4,1,0,29.1,33.9,24.1,4.75,4,11.36842105,3.157894737,8.244767708,0.3786157337,0.008755003051,Yes,No,Normal,Safe,Stable
2024-04-10 13:00:00,April,276.79,92.96,1,27.7,6.39,7.91,3.98,4,4,1,0,29.1,33.9,24.1,4.75,4,11.42105263,2.894736842,8.239818552,0.3812243246,0.01120725331,No,No,Normal,Safe,Stable
2024-04-10 14:00:00,April,276.79,92.96,1,27.7,6.39,7.91,3.98,4,4,0,0,29.1,33.9,24.1,4.75,4,11.47368421,2.631578947,8.234869395,0.3838329155,0.01365950357,Yes,No,Normal,Safe,Stable
2024-04-10 15:00:00,April,276.79,92.96,1,27.7,6.39,7.91,3.98,4,4,0,1,29.1,33.9,24.1,4.75,4,11.52631579,2.368421053,8.229920239,0.3864415065,0.01611175383,No,No,Normal,Safe,Stable
2024-04-10 16:00:00,April,276.79,92.96,1,27.7,6.39,7.91,3.98,4,4,1,0,29.1,33.9,24.1,4.75,4,11.57894737,2.105263158,8.224971082,0.3890500974,0.01856400409,Yes,No,Normal,Safe,Stable
2024-04-10 17:00:00,April,276.79,92.96,1,27.7,6.39,7.91,3.98,4,4,0,0,29.1,33.9,24.1,4.75,4,11.63157895,1.842105263,8.220021926,0.3916586883,0.02101625435,No,No,Normal,Safe,Stable
2024-04-10 18:00:00,April,276.79,92.96,1,27.7,6.39,7.91,3.98,4,4,1,0,29.1,33.9,24.1,4.75,4,11.68421053,1.578947368,8.215072769,0.3942672793,0.02346850461,Yes,No,Normal,Safe,Stable
2024-04-10 19:00:00,April,276.79,92.96,1,27.7,6.39,7.91,3.98,4,4,0,0,29.1,33.9,24.1,4.75,4,11.73684211,1.315789474,8.210123613,0.3968758702,0.02592075487,No,No,Normal,Safe,Stable
2024-04-10 20:00:00,April,276.79,92.96,1,27.7,6.39,7.91,3.98,4,4,0,0,29.1,33.9,24.1,4.75,4,11.78947368,1.052631579,8.205174456,0.3994844612,0.02837300513,Yes,No,Normal,Safe,Stable
2024-04-10 21:00:00,April,276.79,92.96,1,27.7,6.39,7.91,3.98,4,4,0,0,29.1,33.9,24.1,4.75,4,11.84210526,0.7894736842,8.2002253,0.4020930521,0.03082525539,No,No,Normal,Safe,Stable
2024-04-10 22:00:00,April,276.79,92.96,1,27.7,6.39,7.91,3.98,4,4,1,0,29.1,33.9,24.1,4.75,4,11.89473684,0.5263157895,8.195276143,0.404701643,0.03327750565,Yes,No,Normal,Safe,Stable
2024-04-10 23:00:00,April,276.79,92.96,1,27.7,6.39,7.91,3.98,4,4,1,0,29.1,33.9,24.1,4.75,4,11.94736842,0.2631578947,8.190326987,0.407310234,0.03572975591,No,No,Normal,Safe,Stable
2024-04-11 00:00:00,April,276.79,92.96,1,27.7,6.39,7.91,3.98,4,4,0,0,29.1,33.9,24.1,4.75,4,12,0,8.18537783,0.4099188249,0.03818200617,Yes,No,Normal,Safe,Stable
2024-04-11 01:00:00,April,276.79,92.96,1,27.7,6.39,7.91,3.98,4,4,1,0,29.1,33.9,24.1,4.75,4,12,1,8.47518574,0.3220738333,0.1603454637,No,No,Normal,Safe,Stable
2024-04-11 02:00:00,April,276.79,92.96,1,27.7,6.39,7.91,3.98,4,4,0,1,29.1,33.9,24.1,4.75,4,12,2,8.080915023,0.978482245,0.01892243984,Yes,No,Normal,Safe,Stable
2024-04-11 03:00:00,April,276.79,92.96,1,27.7,6.39,7.91,3.98,4,4,0,1,29.1,33.9,24.1,4.75,4,12,3,8.214497206,0.1945388598,0.8687066994,No,No,Normal,Safe,Stable
2024-04-11 04:00:00,April,276.79,92.96,1,27.7,6.39,7.91,3.98,4,4,0,0,29.1,33.9,24.1,4.75,4,12,4,8.345423731,0.3025119195,0.9196694525,Yes,No,Normal,Safe,Stable
2024-04-11 05:00:00,April,276.79,92.96,1,27.7,6.39,7.91,3.98,4,4,0,0,29.1,33.9,24.1,4.75,4,12,5,8.327052419,0.4006386079,0.009404057732,No,No,Normal,Safe,Stable
2024-04-11 06:00:00,April,276.79,92.96,1,27.7,6.39,7.91,3.98,4,4,0,0,29.1,33.9,24.1,4.75,4,12.05263158,4.736842105,8.32595642,0.401589161,0.008737369149,Yes,No,Normal,Safe,Stable
2024-04-11 07:00:00,April,276.79,92.96,1,27.7,6.39,7.91,3.98,4,4,0,0,29.1,33.9,24.1,4.75,4,12.10526316,4.473684211,8.32486042,0.4025397141,0.008070680566,No,No,Normal,Safe,Stable
2024-04-11 08:00:00,April,276.79,92.96,1,27.7,6.39,7.91,3.98,4,4,0,0,29.1,33.9,24.1,4.75,4,12.15789474,4.210526316,8.323764421,0.4034902672,0.007403991983,Yes,No,Normal,Safe,Stable
2024-04-11 09:00:00,April,276.79,92.96,1,27.7,6.39,7.91,3.98,4,4,0,0,29.1,33.9,24.1,4.75,4,12.21052632,3.947368421,8.322668421,0.4044408203,0.0067373034,No,No,Normal,Safe,Stable
2024-04-11 10:00:00,April,276.79,92.96,1,27.7,6.39,7.91,3.98,4,4,0,0,29.1,33.9,24.1,4.75,4,12.26315789,3.684210526,8.321572422,0.4053913734,0.006070614818,Yes,No,Normal,Safe,Stable
2024-04-11 11:00:00,April,276.79,92.96,1,27.7,6.39,7.91,3.98,4,4,0,0,29.1,33.9,24.1,4.75,4,12.31578947,3.421052632,8.320476422,0.4063419265,0.005403926235,No,No,Normal,Safe,Stable
2024-04-11 12:00:00,April,276.79,92.96,1,27.7,6.39,7.91,3.98,4,4,0,0,29.1,33.9,24.1,4.75,4,12.36842105,3.157894737,8.319380423,0.4072924796,0.004737237652,Yes,No,Normal,Safe,Stable
2024-04-11 13:00:00,April,276.79,92.96,1,27.7,6.39,7.91,3.98,4,4,0,0,29.1,33.9,24.1,4.75,4,12.42105263,2.894736842,8.318284423,0.4082430327,0.004070549069,No,No,Normal,Safe,Stable
2024-04-11 14:00:00,April,276.79,92.96,1,27.7,6.39,7.91,3.98,4,4,0,0,29.1,33.9,24.1,4.75,4,12.47368421,2.631578947,8.317188423,0.4091935858,0.003403860486,Yes,No,Normal,Safe,Stable
2024-04-11 15:00:00,April,276.79,92.96,1,27.7,6.39,7.91,3.98,4,4,0,1,29.1,33.9,24.1,4.75,4,12.52631579,2.368421053,8.316092424,0.4101441389,0.002737171903,No,No,Normal,Safe,Stable
2024-04-11 16:00:00,April,276.79,92.96,1,27.7,6.39,7.91,3.98,4,4,0,0,29.1,33.9,24.1,4.75,4,12.57894737,2.105263158,8.314996424,0.411094692,0.00207048332,Yes,No,Normal,Safe,Stable
2024-04-11 17:00:00,April,276.79,92.96,1,27.7,6.39,7.91,3.98,4,4,0,1,29.1,33.9,24.1,4.75,4,12.63157895,1.842105263,8.313900425,0.4120452451,0.001403794737,No,No,Normal,Safe,Stable
2024-04-11 18:00:00,April,276.79,92.96,1,27.7,6.39,7.91,3.98,4,4,0,0,29.1,33.9,24.1,4.75,4,12.68421053,1.578947368,8.312804425,0.4129957982,0.000737106154,Yes,No,Normal,Safe,Stable
2024-04-11 19:00:00,April,276.79,92.96,1,27.7,6.39,7.91,3.98,4,4,1,0,29.1,33.9,24.1,4.75,4,12.73684211,1.315789474,8.311708426,0.4139463513,0.00007041757103,No,No,Normal,Safe,Stable
2024-04-11 20:00:00,April,276.79,92.96,1,27.7,6.39,7.91,3.98,4,4,1,0,29.1,33.9,24.1,4.75,4,12.78947368,1.052631579,8.310612426,0.4148969044,-0.0005962710119,Yes,No,Normal,Safe,Stable
2024-04-11 21:00:00,April,276.79,92.96,1,27.7,6.39,7.91,3.98,4,4,0,0,29.1,33.9,24.1,4.75,4,12.84210526,0.7894736842,8.309516427,0.4158474575,-0.001262959595,No,No,Normal,Safe,Stable
2024-04-11 22:00:00,April,276.79,92.96,1,27.7,6.39,7.91,3.98,4,4,0,0,29.1,33.9,24.1,4.75,4,12.89473684,0.5263157895,8.308420427,0.4167980107,-0.001929648178,Yes,No,Normal,Safe,Stable
2024-04-11 23:00:00,April,276.79,92.96,1,27.7,6.39,7.91,3.98,4,4,1,0,29.1,33.9,24.1,4.75,4,12.94736842,0.2631578947,8.307324428,0.4177485638,-0.002596336761,No,No,Normal,Safe,Stable
2024-04-12 00:00:00,April,276.79,92.96,1,27.7,6.39,7.91,3.98,4,4,0,1,29.1,33.9,24.1,4.75,4,13,0,8.306228428,0.4186991169,-0.003263025344,Yes,No,Normal,Safe,Stable
2024-04-12 01:00:00,April,276.79,92.96,1,27.7,6.39,7.91,3.98,4,4,0,0,29.1,33.9,24.1,4.75,4,13,1,8.17170307,0.3230300686,0.09774984195,No,No,Normal,Safe,Stable
2024-04-12 02:00:00,April,276.79,92.96,1,27.7,6.39,7.91,3.98,4,4,0,0,29.1,33.9,24.1,4.75,4,13,2,8.110076232,0.9381252126,-0.001740319278,Yes,No,Normal,Safe,Stable
2024-04-12 03:00:00,April,276.79,92.96,1,27.7,6.39,7.91,3.98,4,4,0,1,29.1,33.9,24.1,4.75,4,13,3,7.996710349,0.9642213294,0.006819586813,No,No,Normal,Safe,Stable
2024-04-12 04:00:00,April,276.79,92.96,1,27.7,6.39,7.91,3.98,4,4,0,0,29.1,33.9,24.1,4.75,4,13,4,8.153839848,0.2812137196,0.8503899963,Yes,No,Normal,Safe,Stable
2024-04-12 05:00:00,April,276.79,92.96,1,27.7,6.39,7.91,3.98,4,4,1,0,29.1,33.9,24.1,4.75,4,13,5,8.597984396,0.3528277342,0.05433604478,No,No,Normal,Safe,Stable
2024-04-12 06:00:00,April,276.79,92.96,1,27.7,6.39,7.91,3.98,4,4,0,0,29.1,33.9,24.1,4.75,4,13.05263158,4.736842105,8.562371908,0.3533363005,0.0511400184,Yes,No,Normal,Safe,Stable
2024-04-12 07:00:00,April,276.79,92.96,1,27.7,6.39,7.91,3.98,4,4,0,0,29.1,33.9,24.1,4.75,4,13.10526316,4.473684211,8.526759421,0.3538448667,0.04794399203,No,No,Normal,Safe,Stable
2024-04-12 08:00:00,April,276.79,92.96,1,27.7,6.39,7.91,3.98,4,4,0,0,29.1,33.9,24.1,4.75,4,13.15789474,4.210526316,8.491146933,0.354353433,0.04474796565,Yes,No,Normal,Safe,Stable
2024-04-12 09:00:00,April,276.79,92.96,1,27.7,6.39,7.91,3.98,4,4,0,0,29.1,33.9,24.1,4.75,4,13.21052632,3.947368421,8.455534446,0.3548619993,0.04155193927,No,No,Normal,Safe,Stable
2024-04-12 10:00:00,April,276.79,92.96,1,27.7,6.39,7.91,3.98,4,4,1,0,29.1,33.9,24.1,4.75,4,13.26315789,3.684210526,8.419921958,0.3553705656,0.0383559129,Yes,No,Normal,Safe,Stable
2024-04-12 11:00:00,April,276.79,92.96,1,27.7,6.39,7.91,3.98,4,4,0,0,29.1,33.9,24.1,4.75,4,13.31578947,3.421052632,8.384309471,0.3558791319,0.03515988652,No,No,Normal,Safe,Stable
2024-04-12 12:00:00,April,276.79,92.96,1,27.7,6.39,7.91,3.98,4,4,0,0,29.1,33.9,24.1,4.75,4,13.36842105,3.157894737,8.348696983,0.3563876981,0.03196386015,Yes,No,Normal,Safe,Stable
2024-04-12 13:00:00,April,276.79,92.96,1,27.7,6.39,7.91,3.98,4,4,0,1,29.1,33.9,24.1,4.75,4,13.42105263,2.894736842,8.313084496,0.3568962644,0.02876783377,No,No,Normal,Safe,Stable
2024-04-12 14:00:00,April,276.79,92.96,1,27.7,6.39,7.91,3.98,4,4,0,0,29.1,33.9,24.1,4.75,4,13.47368421,2.631578947,8.277472008,0.3574048307,0.02557180739,Yes,No,Normal,Safe,Stable
2024-04-12 15:00:00,April,276.79,92.96,1,27.7,6.39,7.91,3.98,4,4,0,0,29.1,33.9,24.1,4.75,4,13.52631579,2.368421053,8.241859521,0.357913397,0.02237578102,No,No,Normal,Safe,Stable
2024-04-12 16:00:00,April,276.79,92.96,1,27.7,6.39,7.91,3.98,4,4,0,0,29.1,33.9,24.1,4.75,4,13.57894737,2.105263158,8.206247033,0.3584219632,0.01917975464,Yes,No,Normal,Safe,Stable
2024-04-12 17:00:00,April,276.79,92.96,1,27.7,6.39,7.91,3.98,4,4,1,0,29.1,33.9,24.1,4.75,4,13.63157895,1.842105263,8.170634546,0.3589305295,0.01598372827,No,No,Normal,Safe,Stable
2024-04-12 18:00:00,April,276.79,92.96,1,27.7,6.39,7.91,3.98,4,4,0,0,29.1,33.9,24.1,4.75,4,13.68421053,1.578947368,8.135022058,0.3594390958,0.01278770189,Yes,No,Normal,Safe,Stable
2024-04-12 19:00:00,April,276.79,92.96,1,27.7,6.39,7.91,3.98,4,4,1,0,29.1,33.9,24.1,4.75,4,13.73684211,1.315789474,8.099409571,0.3599476621,0.009591675515,No,No,Normal,Safe,Stable
2024-04-12 20:00:00,April,276.79,92.96,1,27.7,6.39,7.91,3.98,4,4,0,0,29.1,33.9,24.1,4.75,4,13.78947368,1.052631579,8.063797083,0.3604562283,0.00639564914,Yes,No,Normal,Safe,Stable
2024-04-12 21:00:00,April,276.79,92.96,1,27.7,6.39,7.91,3.98,4,4,0,0,29.1,33.9,24.1,4.75,4,13.84210526,0.7894736842,8.028184596,0.3609647946,0.003199622764,No,No,Normal,Safe,Stable
2024-04-12 22:00:00,April,276.79,92.96,1,27.7,6.39,7.91,3.98,4,4,0,0,29.1,33.9,24.1,4.75,4,13.89473684,0.5263157895,7.992572108,0.3614733609,0.000003596387909,Yes,No,Normal,Safe,Stable
2024-04-12 23:00:00,April,276.79,92.96,1,27.7,6.39,7.91,3.98,4,4,0,0,29.1,33.9,24.1,4.75,4,13.94736842,0.2631578947,7.956959621,0.3619819272,-0.003192429988,No,No,Normal,Safe,Stable
2024-04-13 00:00:00,April,276.79,92.96,1,27.7,6.39,7.91,3.98,4,4,0,0,29.1,33.9,24.1,4.75,4,14,0,7.921347133,0.3624904934,-0.006388456364,Yes,No,Normal,Safe,Stable
2024-04-13 01:00:00,April,276.79,92.96,1,27.7,6.39,7.91,3.98,4,4,0,0,29.1,33.9,24.1,4.75,4,14,1,7.967109073,0.3168798185,0.1250368971,No,No,Normal,Safe,Stable
2024-04-13 02:00:00,April,276.79,92.96,1,27.7,6.39,7.91,3.98,4,4,0,0,29.1,33.9,24.1,4.75,4,14,2,8.417821193,0.3381793404,0.4423146799,Yes,No,Normal,Safe,Stable
2024-04-13 03:00:00,April,276.79,92.96,1,27.7,6.39,7.91,3.98,4,4,0,0,29.1,33.9,24.1,4.75,4,14,3,7.942959437,0.6069813435,0.1236478006,No,No,Normal,Safe,Stable
2024-04-13 04:00:00,April,276.79,92.96,1,27.7,6.39,7.91,3.98,4,4,0,0,29.1,33.9,24.1,4.75,4,14,4,7.875685113,0.9745435899,0.01605119788,Yes,No,Normal,Safe,Stable
2024-04-13 05:00:00,April,276.79,92.96,1,27.7,6.39,7.91,3.98,4,4,0,0,29.1,33.9,24.1,4.75,4,14,5,8.246801206,0.4113957993,-0.007127941966,No,No,Normal,Safe,Stable
2024-04-13 06:00:00,April,276.79,92.96,1,27.7,6.39,7.91,3.98,4,4,1,0,29.1,33.9,24.1,4.75,4,14.05263158,4.736842105,8.215753303,0.4106349753,-0.005482248488,Yes,No,Normal,Safe,Stable
2024-04-13 07:00:00,April,276.79,92.96,1,27.7,6.39,7.91,3.98,4,4,1,0,29.1,33.9,24.1,4.75,4,14.10526316,4.473684211,8.184705401,0.4098741512,-0.003836555011,No,No,Normal,Safe,Stable
2024-04-13 08:00:00,April,276.79,92.96,1,27.7,6.39,7.91,3.98,4,4,0,0,29.1,33.9,24.1,4.75,4,14.15789474,4.210526316,8.153657498,0.4091133271,-0.002190861533,Yes,No,Normal,Safe,Stable
2024-04-13 09:00:00,April,276.79,92.96,1,27.7,6.39,7.91,3.98,4,4,0,0,29.1,33.9,24.1,4.75,4,14.21052632,3.947368421,8.122609596,0.408352503,-0.0005451680552,No,No,Normal,Safe,Stable
2024-04-13 10:00:00,April,276.79,92.96,1,27.7,6.39,7.91,3.98,4,4,0,1,29.1,33.9,24.1,4.75,4,14.26315789,3.684210526,8.091561693,0.4075916789,0.001100525423,Yes,No,Normal,Safe,Stable
2024-04-13 11:00:00,April,276.79,92.96,1,27.7,6.39,7.91,3.98,4,4,0,0,29.1,33.9,24.1,4.75,4,14.31578947,3.421052632,8.060513791,0.4068308548,0.0027462189,No,No,Normal,Safe,Stable
2024-04-13 12:00:00,April,276.79,92.96,1,27.7,6.39,7.91,3.98,4,4,1,0,29.1,33.9,24.1,4.75,4,14.36842105,3.157894737,8.029465888,0.4060700307,0.004391912378,Yes,No,Normal,Safe,Stable
2024-04-13 13:00:00,April,276.79,92.96,1,27.7,6.39,7.91,3.98,4,4,0,0,29.1,33.9,24.1,4.75,4,14.42105263,2.894736842,7.998417986,0.4053092066,0.006037605856,No,No,Normal,Safe,Stable
2024-04-13 14:00:00,April,276.79,92.96,1,27.7,6.39,7.91,3.98,4,4,0,0,29.1,33.9,24.1,4.75,4,14.47368421,2.631578947,7.967370083,0.4045483826,0.007683299333,Yes,No,Normal,Safe,Stable
2024-04-13 15:00:00,April,276.79,92.96,1,27.7,6.39,7.91,3.98,4,4,0,0,29.1,33.9,24.1,4.75,4,14.52631579,2.368421053,7.936322181,0.4037875585,0.009328992811,No,No,Normal,Safe,Stable
2024-04-13 16:00:00,April,276.79,92.96,1,27.7,6.39,7.91,3.98,4,4,1,0,29.1,33.9,24.1,4.75,4,14.57894737,2.105263158,7.905274278,0.4030267344,0.01097468629,Yes,No,Normal,Safe,Stable
2024-04-13 17:00:00,April,276.79,92.96,1,27.7,6.39,7.91,3.98,4,4,0,0,29.1,33.9,24.1,4.75,4,14.63157895,1.842105263,7.874226375,0.4022659103,0.01262037977,No,No,Normal,Safe,Stable
2024-04-13 18:00:00,April,276.79,92.96,1,27.7,6.39,7.91,3.98,4,4,0,0,29.1,33.9,24.1,4.75,4,14.68421053,1.578947368,7.843178473,0.4015050862,0.01426607324,Yes,No,Normal,Safe,Stable
2024-04-13 19:00:00,April,276.79,92.96,1,27.7,6.39,7.91,3.98,4,4,1,1,29.1,33.9,24.1,4.75,4,14.73684211,1.315789474,7.81213057,0.4007442621,0.01591176672,No,No,Normal,Safe,Stable
2024-04-13 20:00:00,April,276.79,92.96,1,27.7,6.39,7.91,3.98,4,4,0,0,29.1,33.9,24.1,4.75,4,14.78947368,1.052631579,7.781082668,0.399983438,0.0175574602,Yes,No,Normal,Safe,Stable
2024-04-13 21:00:00,April,276.79,92.96,1,27.7,6.39,7.91,3.98,4,4,0,0,29.1,33.9,24.1,4.75,4,14.84210526,0.7894736842,7.750034765,0.3992226139,0.01920315368,No,No,Normal,Safe,Stable
2024-04-13 22:00:00,April,276.79,92.96,1,27.7,6.39,7.91,3.98,4,4,1,0,29.1,33.9,24.1,4.75,4,14.89473684,0.5263157895,7.718986863,0.3984617898,0.02084884715,Yes,No,Normal,Safe,Stable
2024-04-13 23:00:00,April,276.79,92.96,1,27.7,6.39,7.91,3.98,4,4,0,1,29.1,33.9,24.1,4.75,4,14.94736842,0.2631578947,7.68793896,0.3977009658,0.02249454063,No,No,Normal,Safe,Stable
2024-04-14 00:00:00,April,276.79,92.96,1,27.7,6.39,7.91,3.98,4,4,1,0,29.1,33.9,24.1,4.75,4,15,0,7.656891058,0.3969401417,0.02414023411,Yes,No,Normal,Safe,Stable
2024-04-14 01:00:00,April,276.79,92.96,1,27.7,6.39,7.91,3.98,4,4,0,0,29.1,33.9,24.1,4.75,4,15,1,8.323421479,0.410422635,0.0731337599,No,No,Normal,Safe,Stable
2024-04-14 02:00:00,April,276.79,92.96,1,27.7,6.39,7.91,3.98,4,4,0,0,29.1,33.9,24.1,4.75,4,15,2,8.063791915,0.3193790529,0.4753175039,Yes,No,Normal,Safe,Stable
2024-04-14 03:00:00,April,276.79,92.96,1,27.7,6.39,7.91,3.98,4,4,0,0,29.1,33.9,24.1,4.75,4,15,3,8.069368194,0.5219112141,-0.03234396969,No,No,Normal,Safe,Stable
2024-04-14 04:00:00,April,276.79,92.96,1,27.7,6.39,7.91,3.98,4,4,1,0,29.1,33.9,24.1,4.75,4,15,4,8.176411251,0.2327045761,0.8556518577,Yes,No,Normal,Safe,Stable
2024-04-14 05:00:00,April,276.79,92.96,1,27.7,6.39,7.91,3.98,4,4,0,0,29.1,33.9,24.1,4.75,4,15,5,8.215457116,0.3621757954,0.01362972455,No,No,Normal,Safe,Stable
2024-04-14 06:00:00,April,276.79,92.96,1,27.7,6.39,7.91,3.98,4,4,0,0,29.1,33.9,24.1,4.75,4,15.05263158,4.736842105,8.217556586,0.3633709529,0.01212235634,Yes,No,Normal,Safe,Stable
2024-04-14 07:00:00,April,276.79,92.96,1,27.7,6.39,7.91,3.98,4,4,0,0,29.1,33.9,24.1,4.75,4,15.10526316,4.473684211,8.219656056,0.3645661103,0.01061498813,No,No,Normal,Safe,Stable
2024-04-14 08:00:00,April,276.79,92.96,1,27.7,6.39,7.91,3.98,4,4,1,0,29.1,33.9,24.1,4.75,4,15.15789474,4.210526316,8.221755526,0.3657612678,0.00910761992,Yes,No,Normal,Safe,Stable
2024-04-14 09:00:00,April,276.79,92.96,1,27.7,6.39,7.91,3.98,4,4,0,0,29.1,33.9,24.1,4.75,4,15.21052632,3.947368421,8.223854996,0.3669564253,0.007600251708,No,No,Normal,Safe,Stable
2024-04-14 10:00:00,April,276.79,92.96,1,27.7,6.39,7.91,3.98,4,4,0,0,29.1,33.9,24.1,4.75,4,15.26315789,3.684210526,8.225954466,0.3681515828,0.006092883497,Yes,No,Normal,Safe,Stable
2024-04-14 11:00:00,April,276.79,92.96,1,27.7,6.39,7.91,3.98,4,4,0,0,29.1,33.9,24.1,4.75,4,15.31578947,3.421052632,8.228053935,0.3693467402,0.004585515285,No,No,Normal,Safe,Stable
2024-04-14 12:00:00,April,276.79,92.96,1,27.7,6.39,7.91,3.98,4,4,0,0,29.1,33.9,24.1,4.75,4,15.36842105,3.157894737,8.230153405,0.3705418977,0.003078147074,Yes,No,Normal,Safe,Stable
2024-04-14 13:00:00,April,276.79,92.96,1,27.7,6.39,7.91,3.98,4,4,0,0,29.1,33.9,24.1,4.75,4,15.42105263,2.894736842,8.232252875,0.3717370552,0.001570778862,No,No,Normal,Safe,Stable
2024-04-14 14:00:00,April,276.79,92.96,1,27.7,6.39,7.91,3.98,4,4,0,0,29.1,33.9,24.1,4.75,4,15.47368421,2.631578947,8.234352345,0.3729322126,0.00006341065054,Yes,No,Normal,Safe,Stable
2024-04-14 15:00:00,April,276.79,92.96,1,27.7,6.39,7.91,3.98,4,4,0,0,29.1,33.9,24.1,4.75,4,15.52631579,2.368421053,8.236451815,0.3741273701,-0.001443957561,No,No,Normal,Safe,Stable
2024-04-14 16:00:00,April,276.79,92.96,1,27.7,6.39,7.91,3.98,4,4,0,0,29.1,33.9,24.1,4.75,4,15.57894737,2.105263158,8.238551285,0.3753225276,-0.002951325773,Yes,No,Normal,Safe,Stable
2024-04-14 17:00:00,April,276.79,92.96,1,27.7,6.39,7.91,3.98,4,4,0,0,29.1,33.9,24.1,4.75,4,15.63157895,1.842105263,8.240650755,0.376517685,-0.004458693984,No,No,Normal,Safe,Stable
2024-04-14 18:00:00,April,276.79,92.96,1,27.7,6.39,7.91,3.98,4,4,0,0,29.1,33.9,24.1,4.75,4,15.68421053,1.578947368,8.242750224,0.3777128425,-0.005966062196,Yes,No,Normal,Safe,Stable
2024-04-14 19:00:00,April,276.79,92.96,1,27.7,6.39,7.91,3.98,4,4,1,0,29.1,33.9,24.1,4.75,4,15.73684211,1.315789474,8.244849694,0.378908,-0.007473430407,No,No,Normal,Safe,Stable
2024-04-14 20:00:00,April,276.79,92.96,1,27.7,6.39,7.91,3.98,4,4,0,0,29.1,33.9,24.1,4.75,4,15.78947368,1.052631579,8.246949164,0.3801031574,-0.008980798619,Yes,No,Normal,Safe,Stable
2024-04-14 21:00:00,April,276.79,92.96,1,27.7,6.39,7.91,3.98,4,4,1,0,29.1,33.9,24.1,4.75,4,15.84210526,0.7894736842,8.249048634,0.3812983149,-0.01048816683,No,No,Normal,Safe,Stable
2024-04-14 22:00:00,April,276.79,92.96,1,27.7,6.39,7.91,3.98,4,4,0,0,29.1,33.9,24.1,4.75,4,15.89473684,0.5263157895,8.251148104,0.3824934724,-0.01199553504,Yes,No,Normal,Safe,Stable
2024-04-14 23:00:00,April,276.79,92.96,1,27.7,6.39,7.91,3.98,4,4,0,0,29.1,33.9,24.1,4.75,4,15.94736842,0.2631578947,8.253247574,0.3836886298,-0.01350290325,No,No,Normal,Safe,Stable
2024-04-15 00:00:00,April,276.79,92.96,1,27.7,6.39,7.91,3.98,4,4,0,0,29.1,33.9,24.1,4.75,4,16,0,8.255347044,0.3848837873,-0.01501027146,Yes,No,Normal,Safe,Stable
2024-04-15 01:00:00,April,276.79,92.96,1,27.7,6.39,7.91,3.98,4,4,0,0,29.1,33.9,24.1,4.75,4,16,1,8.431123022,0.34857806,0.1130923388,No,No,Normal,Safe,Stable
2024-04-15 02:00:00,April,276.79,92.96,1,27.7,6.39,7.91,3.98,4,4,0,0,29.1,33.9,24.1,4.75,4,16,2,8.257805522,0.30750507,0.5131502755,Yes,No,Normal,Safe,Stable
2024-04-15 03:00:00,April,276.79,92.96,1,27.7,6.39,7.91,3.98,4,4,0,0,29.1,33.9,24.1,4.75,4,16,3,8.09979406,0.5128374507,0.01068250211,No,No,Normal,Safe,Stable
2024-04-15 04:00:00,April,276.79,92.96,1,27.7,6.39,7.91,3.98,4,4,1,0,29.1,33.9,24.1,4.75,4,16,4,8.162796768,0.95273989,0.009092058657,Yes,No,Normal,Safe,Stable
2024-04-15 05:00:00,April,276.79,92.96,1,27.7,6.39,7.91,3.98,4,4,0,0,29.1,33.9,24.1,4.75,4,16,5,7.944055366,0.9677125964,0.01517020559,No,No,Normal,Safe,Stable
2024-04-15 06:00:00,April,276.79,92.96,1,27.7,6.39,7.91,3.98,4,4,0,0,29.1,33.9,24.1,4.75,4,16.05263158,4.736842105,7.952983258,0.9676308572,0.01438782505,Yes,No,Normal,Safe,Stable
2024-04-15 07:00:00,April,276.79,92.96,1,27.7,6.39,7.91,3.98,4,4,1,0,29.1,33.9,24.1,4.75,4,16.10526316,4.473684211,7.961911151,0.967549118,0.01360544451,No,No,Normal,Safe,Stable
2024-04-15 08:00:00,April,276.79,92.96,1,27.7,6.39,7.91,3.98,4,4,0,0,29.1,33.9,24.1,4.75,4,16.15789474,4.210526316,7.970839044,0.9674673788,0.01282306398,Yes,No,Normal,Safe,Stable
2024-04-15 09:00:00,April,276.79,92.96,1,27.7,6.39,7.91,3.98,4,4,0,0,29.1,33.9,24.1,4.75,4,16.21052632,3.947368421,7.979766936,0.9673856396,0.01204068344,No,No,Normal,Safe,Stable
2024-04-15 10:00:00,April,276.79,92.96,1,27.7,6.39,7.91,3.98,4,4,0,0,29.1,33.9,24.1,4.75,4,16.26315789,3.684210526,7.988694829,0.9673039004,0.0112583029,Yes,No,Normal,Safe,Stable
2024-04-15 11:00:00,April,276.79,92.96,1,27.7,6.39,7.91,3.98,4,4,0,0,29.1,33.9,24.1,4.75,4,16.31578947,3.421052632,7.997622721,0.9672221613,0.01047592236,No,No,Normal,Safe,Stable
2024-04-15 12:00:00,April,276.79,92.96,1,27.7,6.39,7.91,3.98,4,4,0,1,29.1,33.9,24.1,4.75,4,16.36842105,3.157894737,8.006550614,0.9671404221,0.009693541824,Yes,No,Normal,Safe,Stable
2024-04-15 13:00:00,April,276.79,92.96,1,27.7,6.39,7.91,3.98,4,4,0,0,29.1,33.9,24.1,4.75,4,16.42105263,2.894736842,8.015478507,0.9670586829,0.008911161287,No,No,Normal,Safe,Stable
2024-04-15 14:00:00,April,276.79,92.96,1,27.7,6.39,7.91,3.98,4,4,0,0,29.1,33.9,24.1,4.75,4,16.47368421,2.631578947,8.024406399,0.9669769437,0.008128780749,Yes,No,Normal,Safe,Stable
2024-04-15 15:00:00,April,276.79,92.96,1,27.7,6.39,7.91,3.98,4,4,1,0,29.1,33.9,24.1,4.75,4,16.52631579,2.368421053,8.033334292,0.9668952045,0.007346400211,No,No,Normal,Safe,Stable
2024-04-15 16:00:00,April,276.79,92.96,1,27.7,6.39,7.91,3.98,4,4,0,0,29.1,33.9,24.1,4.75,4,16.57894737,2.105263158,8.042262184,0.9668134653,0.006564019673,Yes,No,Normal,Safe,Stable
2024-04-15 17:00:00,April,276.79,92.96,1,27.7,6.39,7.91,3.98,4,4,1,1,29.1,33.9,24.1,4.75,4,16.63157895,1.842105263,8.051190077,0.9667317261,0.005781639135,No,No,Normal,Safe,Stable
2024-04-15 18:00:00,April,276.79,92.96,1,27.7,6.39,7.91,3.98,4,4,0,1,29.1,33.9,24.1,4.75,4,16.68421053,1.578947368,8.06011797,0.9666499869,0.004999258597,Yes,No,Normal,Safe,Stable
2024-04-15 19:00:00,April,276.79,92.96,1,27.7,6.39,7.91,3.98,4,4,0,0,29.1,33.9,24.1,4.75,4,16.73684211,1.315789474,8.069045862,0.9665682477,0.004216878059,No,No,Normal,Safe,Stable
2024-04-15 20:00:00,April,276.79,92.96,1,27.7,6.39,7.91,3.98,4,4,0,0,29.1,33.9,24.1,4.75,4,16.78947368,1.052631579,8.077973755,0.9664865085,0.003434497521,Yes,No,Normal,Safe,Stable
2024-04-15 21:00:00,April,276.79,92.96,1,27.7,6.39,7.91,3.98,4,4,0,0,29.1,33.9,24.1,4.75,4,16.84210526,0.7894736842,8.086901648,0.9664047693,0.002652116983,No,No,Normal,Safe,Stable
2024-04-15 22:00:00,April,276.79,92.96,1,27.7,6.39,7.91,3.98,4,4,0,0,29.1,33.9,24.1,4.75,4,16.89473684,0.5263157895,8.09582954,0.9663230301,0.001869736445,Yes,No,Normal,Safe,Stable
2024-04-15 23:00:00,April,276.79,92.96,1,27.7,6.39,7.91,3.98,4,4,0,0,29.1,33.9,24.1,4.75,4,16.94736842,0.2631578947,8.104757433,0.9662412909,0.001087355907,No,No,Normal,Safe,Stable
2024-04-16 00:00:00,April,276.79,92.96,1,27.7,6.39,7.91,3.98,4,4,0,1,29.1,33.9,24.1,4.75,4,17,0,8.113685325,0.9661595517,0.0003049753689,Yes,No,Normal,Safe,Stable
2024-04-16 01:00:00,April,276.79,92.96,1,27.7,6.39,7.91,3.98,4,4,1,1,29.1,33.9,24.1,4.75,4,17,1,7.949091548,1.002226578,-0.002532577349,No,No,Normal,Safe,Stable
2024-04-16 02:00:00,April,276.79,92.96,1,27.7,6.39,7.91,3.98,4,4,0,0,29.1,33.9,24.1,4.75,4,17,2,7.923259905,0.9423902474,0.0129521461,Yes,No,Normal,Safe,Stable
2024-04-16 03:00:00,April,276.79,92.96,1,27.7,6.39,7.91,3.98,4,4,0,0,29.1,33.9,24.1,4.75,4,17,3,8.236409229,0.3123065694,0.9537455215,No,No,Normal,Safe,Stable
2024-04-16 04:00:00,April,276.79,92.96,1,27.7,6.39,7.91,3.98,4,4,0,1,29.1,33.9,24.1,4.75,4,17,4,8.22601338,0.3030935425,0.869671629,Yes,No,Normal,Safe,Stable
2024-04-16 05:00:00,April,276.79,92.96,1,27.7,6.39,7.91,3.98,4,4,0,0,29.1,33.9,24.1,4.75,4,17,5,8.276095774,0.390126366,0.02951282314,No,No,Normal,Safe,Stable
2024-04-16 06:00:00,April,276.79,92.96,1,27.7,6.39,7.91,3.98,4,4,0,0,29.1,33.9,24.1,4.75,4,17.05263158,4.736842105,8.259612847,0.3892511949,0.02850756126,Yes,No,Normal,Safe,Stable
2024-04-16 07:00:00,April,276.79,92.96,1,27.7,6.39,7.91,3.98,4,4,0,0,29.1,33.9,24.1,4.75,4,17.10526316,4.473684211,8.243129919,0.3883760239,0.02750229938,No,No,Normal,Safe,Stable
2024-04-16 08:00:00,April,276.79,92.96,1,27.7,6.39,7.91,3.98,4,4,0,0,29.1,33.9,24.1,4.75,4,17.15789474,4.210526316,8.226646992,0.3875008528,0.0264970375,Yes,No,Normal,Safe,Stable
2024-04-16 09:00:00,April,276.79,92.96,1,27.7,6.39,7.91,3.98,4,4,0,0,29.1,33.9,24.1,4.75,4,17.21052632,3.947368421,8.210164065,0.3866256817,0.02549177562,No,No,Normal,Safe,Stable
2024-04-16 10:00:00,April,276.79,92.96,1,27.7,6.39,7.91,3.98,4,4,0,0,29.1,33.9,24.1,4.75,4,17.26315789,3.684210526,8.193681137,0.3857505107,0.02448651374,Yes,No,Normal,Safe,Stable
2024-04-16 11:00:00,April,276.79,92.96,1,27.7,6.39,7.91,3.98,4,4,0,0,29.1,33.9,24.1,4.75,4,17.31578947,3.421052632,8.17719821,0.3848753396,0.02348125186,No,No,Normal,Safe,Stable
2024-04-16 12:00:00,April,276.79,92.96,1,27.7,6.39,7.91,3.98,4,4,0,0,29.1,33.9,24.1,4.75,4,17.36842105,3.157894737,8.160715282,0.3840001685,0.02247598998,Yes,No,Normal,Safe,Stable
2024-04-16 13:00:00,April,276.79,92.96,1,27.7,6.39,7.91,3.98,4,4,0,0,29.1,33.9,24.1,4.75,4,17.42105263,2.894736842,8.144232355,0.3831249975,0.0214707281,No,No,Normal,Safe,Stable
2024-04-16 14:00:00,April,276.79,92.96,1,27.7,6.39,7.91,3.98,4,4,1,0,29.1,33.9,24.1,4.75,4,17.47368421,2.631578947,8.127749427,0.3822498264,0.02046546622,Yes,No,Normal,Safe,Stable
2024-04-16 15:00:00,April,276.79,92.96,1,27.7,6.39,7.91,3.98,4,4,0,0,29.1,33.9,24.1,4.75,4,17.52631579,2.368421053,8.1112665,0.3813746553,0.01946020434,No,No,Normal,Safe,Stable
2024-04-16 16:00:00,April,276.79,92.96,1,27.7,6.39,7.91,3.98,4,4,0,0,29.1,33.9,24.1,4.75,4,17.57894737,2.105263158,8.094783573,0.3804994843,0.01845494246,Yes,No,Normal,Safe,Stable
2024-04-16 17:00:00,April,276.79,92.96,1,27.7,6.39,7.91,3.98,4,4,0,0,29.1,33.9,24.1,4.75,4,17.63157895,1.842105263,8.078300645,0.3796243132,0.01744968058,No,No,Normal,Safe,Stable
2024-04-16 18:00:00,April,276.79,92.96,1,27.7,6.39,7.91,3.98,4,4,0,0,29.1,33.9,24.1,4.75,4,17.68421053,1.578947368,8.061817718,0.3787491421,0.0164444187,Yes,No,Normal,Safe,Stable
2024-04-16 19:00:00,April,276.79,92.96,1,27.7,6.39,7.91,3.98,4,4,0,0,29.1,33.9,24.1,4.75,4,17.73684211,1.315789474,8.04533479,0.3778739711,0.01543915682,No,No,Normal,Safe,Stable
2024-04-16 20:00:00,April,276.79,92.96,1,27.7,6.39,7.91,3.98,4,4,0,0,29.1,33.9,24.1,4.75,4,17.78947368,1.052631579,8.028851863,0.3769988,0.01443389494,Yes,No,Normal,Safe,Stable
2024-04-16 21:00:00,April,276.79,92.96,1,27.7,6.39,7.91,3.98,4,4,0,0,29.1,33.9,24.1,4.75,4,17.84210526,0.7894736842,8.012368935,0.3761236289,0.01342863306,No,No,Normal,Safe,Stable
2024-04-16 22:00:00,April,276.79,92.96,1,27.7,6.39,7.91,3.98,4,4,1,0,29.1,33.9,24.1,4.75,4,17.89473684,0.5263157895,7.995886008,0.3752484579,0.01242337118,Yes,No,Normal,Safe,Stable
2024-04-16 23:00:00,April,276.79,92.96,1,27.7,6.39,7.91,3.98,4,4,0,1,29.1,33.9,24.1,4.75,4,17.94736842,0.2631578947,7.979403081,0.3743732868,0.0114181093,No,No,Normal,Safe,Stable
2024-04-17 00:00:00,April,276.79,92.96,1,27.7,6.39,7.91,3.98,4,4,0,0,29.1,33.9,24.1,4.75,4,18,0,7.962920153,0.3734981157,0.01041284742,Yes,No,Normal,Safe,Stable
2024-04-17 01:00:00,April,276.79,92.96,1,27.7,6.39,7.91,3.98,4,4,0,0,29.1,33.9,24.1,4.75,4,18,1,8.307715684,1.029118414,0.008450827178,No,No,Normal,Safe,Stable
2024-04-17 02:00:00,April,276.79,92.96,1,27.7,6.39,7.91,3.98,4,4,0,1,29.1,33.9,24.1,4.75,4,18,2,7.941049957,0.9702507309,-0.0343534144,Yes,No,Normal,Safe,Stable
2024-04-17 03:00:00,April,276.79,92.96,1,27.7,6.39,7.91,3.98,4,4,0,0,29.1,33.9,24.1,4.75,4,18,3,8.003682723,0.2708750847,0.9874542121,No,No,Normal,Safe,Stable
2024-04-17 04:00:00,April,276.79,92.96,1,27.7,6.39,7.91,3.98,4,4,0,0,29.1,33.9,24.1,4.75,4,18,4,7.907627353,0.3010336395,0.8280122711,Yes,No,Normal,Safe,Stable
2024-04-17 05:00:00,April,276.79,92.96,1,27.7,6.39,7.91,3.98,4,4,0,0,29.1,33.9,24.1,4.75,4,18,5,8.076851473,0.3660103166,0.001396843536,No,No,Normal,Safe,Stable
2024-04-17 06:00:00,April,276.79,92.96,1,27.7,6.39,7.91,3.98,4,4,0,0,29.1,33.9,24.1,4.75,4,18.05263158,4.736842105,8.077043485,0.367630417,-0.0001227979132,Yes,No,Normal,Safe,Stable
2024-04-17 07:00:00,April,276.79,92.96,1,27.7,6.39,7.91,3.98,4,4,0,0,29.1,33.9,24.1,4.75,4,18.10526316,4.473684211,8.077235497,0.3692505173,-0.001642439363,No,No,Normal,Safe,Stable
2024-04-17 08:00:00,April,276.79,92.96,1,27.7,6.39,7.91,3.98,4,4,0,0,29.1,33.9,24.1,4.75,4,18.15789474,4.210526316,8.07742751,0.3708706176,-0.003162080812,Yes,No,Normal,Safe,Stable
2024-04-17 09:00:00,April,276.79,92.96,1,27.7,6.39,7.91,3.98,4,4,0,1,29.1,33.9,24.1,4.75,4,18.21052632,3.947368421,8.077619522,0.372490718,-0.004681722262,No,No,Normal,Safe,Stable
2024-04-17 10:00:00,April,276.79,92.96,1,27.7,6.39,7.91,3.98,4,4,0,0,29.1,33.9,24.1,4.75,4,18.26315789,3.684210526,8.077811535,0.3741108183,-0.006201363711,Yes,No,Normal,Safe,Stable
2024-04-17 11:00:00,April,276.79,92.96,1,27.7,6.39,7.91,3.98,4,4,0,0,29.1,33.9,24.1,4.75,4,18.31578947,3.421052632,8.078003547,0.3757309187,-0.007721005161,No,No,Normal,Safe,Stable
2024-04-17 12:00:00,April,276.79,92.96,1,27.7,6.39,7.91,3.98,4,4,0,0,29.1,33.9,24.1,4.75,4,18.36842105,3.157894737,8.078195559,0.377351019,-0.00924064661,Yes,No,Normal,Safe,Stable
2024-04-17 13:00:00,April,276.79,92.96,1,27.7,6.39,7.91,3.98,4,4,0,0,29.1,33.9,24.1,4.75,4,18.42105263,2.894736842,8.078387572,0.3789711193,-0.01076028806,No,No,Normal,Safe,Stable
2024-04-17 14:00:00,April,276.79,92.96,1,27.7,6.39,7.91,3.98,4,4,1,1,29.1,33.9,24.1,4.75,4,18.47368421,2.631578947,8.078579584,0.3805912197,-0.01227992951,Yes,No,Normal,Safe,Stable
2024-04-17 15:00:00,April,276.79,92.96,1,27.7,6.39,7.91,3.98,4,4,0,0,29.1,33.9,24.1,4.75,4,18.52631579,2.368421053,8.078771596,0.38221132,-0.01379957096,No,No,Normal,Safe,Stable
2024-04-17 16:00:00,April,276.79,92.96,1,27.7,6.39,7.91,3.98,4,4,1,1,29.1,33.9,24.1,4.75,4,18.57894737,2.105263158,8.078963609,0.3838314204,-0.01531921241,Yes,No,Normal,Safe,Stable
2024-04-17 17:00:00,April,276.79,92.96,1,27.7,6.39,7.91,3.98,4,4,0,0,29.1,33.9,24.1,4.75,4,18.63157895,1.842105263,8.079155621,0.3854515207,-0.01683885386,No,No,Normal,Safe,Stable
2024-04-17 18:00:00,April,276.79,92.96,1,27.7,6.39,7.91,3.98,4,4,0,0,29.1,33.9,24.1,4.75,4,18.68421053,1.578947368,8.079347634,0.387071621,-0.01835849531,Yes,No,Normal,Safe,Stable
2024-04-17 19:00:00,April,276.79,92.96,1,27.7,6.39,7.91,3.98,4,4,0,0,29.1,33.9,24.1,4.75,4,18.73684211,1.315789474,8.079539646,0.3886917214,-0.01987813676,No,No,Normal,Safe,Stable
2024-04-17 20:00:00,April,276.79,92.96,1,27.7,6.39,7.91,3.98,4,4,0,0,29.1,33.9,24.1,4.75,4,18.78947368,1.052631579,8.079731658,0.3903118217,-0.02139777821,Yes,No,Normal,Safe,Stable
2024-04-17 21:00:00,April,276.79,92.96,1,27.7,6.39,7.91,3.98,4,4,0,0,29.1,33.9,24.1,4.75,4,18.84210526,0.7894736842,8.079923671,0.3919319221,-0.02291741966,No,No,Normal,Safe,Stable
2024-04-17 22:00:00,April,276.79,92.96,1,27.7,6.39,7.91,3.98,4,4,0,0,29.1,33.9,24.1,4.75,4,18.89473684,0.5263157895,8.080115683,0.3935520224,-0.0244370611,Yes,No,Normal,Safe,Stable
2024-04-17 23:00:00,April,276.79,92.96,1,27.7,6.39,7.91,3.98,4,4,0,0,29.1,33.9,24.1,4.75,4,18.94736842,0.2631578947,8.080307696,0.3951721227,-0.02595670255,No,No,Normal,Safe,Stable
2024-04-18 00:00:00,April,276.79,92.96,1,27.7,6.39,7.91,3.98,4,4,0,0,29.1,33.9,24.1,4.75,4,19,0,8.080499708,0.3967922231,-0.027476344,Yes,No,Normal,Safe,Stable
2024-04-18 01:00:00,April,276.79,92.96,1,27.7,6.39,7.91,3.98,4,4,1,0,29.1,33.9,24.1,4.75,4,19,1,8.504916234,0.3442078841,0.4135351658,No,No,Normal,Safe,Stable
2024-04-18 02:00:00,April,276.79,92.96,1,27.7,6.39,7.91,3.98,4,4,0,0,29.1,33.9,24.1,4.75,4,19,2,7.88724371,0.3041243533,0.4447870971,Yes,No,Normal,Safe,Stable
2024-04-18 03:00:00,April,276.79,92.96,1,27.7,6.39,7.91,3.98,4,4,0,0,29.1,33.9,24.1,4.75,4,19,3,8.40446648,0.1753301001,0.9007704945,No,No,Normal,Safe,Stable
2024-04-18 04:00:00,April,276.79,92.96,1,27.7,6.39,7.91,3.98,4,4,0,0,29.1,33.9,24.1,4.75,4,19,4,7.862581993,0.9504131895,0.005317209271,Yes,No,Normal,Safe,Stable
2024-04-18 05:00:00,April,276.79,92.96,1,27.7,6.39,7.91,3.98,4,4,1,0,29.1,33.9,24.1,4.75,4,19,5,8.21784697,0.9663620016,-0.01143190885,No,No,Normal,Safe,Stable
2024-04-18 06:00:00,April,276.79,92.96,1,27.7,6.39,7.91,3.98,4,4,1,0,29.1,33.9,24.1,4.75,4,19.05263158,4.736842105,8.200619133,0.9658926575,-0.01196494707,Yes,No,Normal,Safe,Stable
2024-04-18 07:00:00,April,276.79,92.96,1,27.7,6.39,7.91,3.98,4,4,0,0,29.1,33.9,24.1,4.75,4,19.10526316,4.473684211,8.183391296,0.9654233133,-0.01249798529,No,No,Normal,Safe,Stable
2024-04-18 08:00:00,April,276.79,92.96,1,27.7,6.39,7.91,3.98,4,4,0,0,29.1,33.9,24.1,4.75,4,19.15789474,4.210526316,8.166163459,0.9649539691,-0.0130310235,Yes,No,Normal,Safe,Stable
2024-04-18 09:00:00,April,276.79,92.96,1,27.7,6.39,7.91,3.98,4,4,1,0,29.1,33.9,24.1,4.75,4,19.21052632,3.947368421,8.148935621,0.9644846249,-0.01356406172,No,No,Normal,Safe,Stable
2024-04-18 10:00:00,April,276.79,92.96,1,27.7,6.39,7.91,3.98,4,4,0,0,29.1,33.9,24.1,4.75,4,19.26315789,3.684210526,8.131707784,0.9640152807,-0.01409709994,Yes,No,Normal,Safe,Stable
2024-04-18 11:00:00,April,276.79,92.96,1,27.7,6.39,7.91,3.98,4,4,0,0,29.1,33.9,24.1,4.75,4,19.31578947,3.421052632,8.114479947,0.9635459365,-0.01463013816,No,No,Normal,Safe,Stable
2024-04-18 12:00:00,April,276.79,92.96,1,27.7,6.39,7.91,3.98,4,4,1,0,29.1,33.9,24.1,4.75,4,19.36842105,3.157894737,8.09725211,0.9630765923,-0.01516317638,Yes,No,Normal,Safe,Stable
2024-04-18 13:00:00,April,276.79,92.96,1,27.7,6.39,7.91,3.98,4,4,0,0,29.1,33.9,24.1,4.75,4,19.42105263,2.894736842,8.080024273,0.9626072481,-0.0156962146,No,No,Normal,Safe,Stable
2024-04-18 14:00:00,April,276.79,92.96,1,27.7,6.39,7.91,3.98,4,4,0,1,29.1,33.9,24.1,4.75,4,19.47368421,2.631578947,8.062796436,0.9621379039,-0.01622925282,Yes,No,Normal,Safe,Stable
2024-04-18 15:00:00,April,276.79,92.96,1,27.7,6.39,7.91,3.98,4,4,1,0,29.1,33.9,24.1,4.75,4,19.52631579,2.368421053,8.045568599,0.9616685597,-0.01676229104,No,No,Normal,Safe,Stable
2024-04-18 16:00:00,April,276.79,92.96,1,27.7,6.39,7.91,3.98,4,4,0,0,29.1,33.9,24.1,4.75,4,19.57894737,2.105263158,8.028340762,0.9611992155,-0.01729532925,Yes,No,Normal,Safe,Stable
2024-04-18 17:00:00,April,276.79,92.96,1,27.7,6.39,7.91,3.98,4,4,1,0,29.1,33.9,24.1,4.75,4,19.63157895,1.842105263,8.011112925,0.9607298713,-0.01782836747,No,No,Normal,Safe,Stable
2024-04-18 18:00:00,April,276.79,92.96,1,27.7,6.39,7.91,3.98,4,4,0,0,29.1,33.9,24.1,4.75,4,19.68421053,1.578947368,7.993885088,0.9602605271,-0.01836140569,Yes,No,Normal,Safe,Stable
2024-04-18 19:00:00,April,276.79,92.96,1,27.7,6.39,7.91,3.98,4,4,0,0,29.1,33.9,24.1,4.75,4,19.73684211,1.315789474,7.976657251,0.9597911829,-0.01889444391,No,No,Normal,Safe,Stable
2024-04-18 20:00:00,April,276.79,92.96,1,27.7,6.39,7.91,3.98,4,4,0,0,29.1,33.9,24.1,4.75,4,19.78947368,1.052631579,7.959429414,0.9593218387,-0.01942748213,Yes,No,Normal,Safe,Stable
2024-04-18 21:00:00,April,276.79,92.96,1,27.7,6.39,7.91,3.98,4,4,0,0,29.1,33.9,24.1,4.75,4,19.84210526,0.7894736842,7.942201576,0.9588524945,-0.01996052035,No,No,Normal,Safe,Stable
2024-04-18 22:00:00,April,276.79,92.96,1,27.7,6.39,7.91,3.98,4,4,0,0,29.1,33.9,24.1,4.75,4,19.89473684,0.5263157895,7.924973739,0.9583831503,-0.02049355857,Yes,No,Normal,Safe,Stable
2024-04-18 23:00:00,April,276.79,92.96,1,27.7,6.39,7.91,3.98,4,4,0,0,29.1,33.9,24.1,4.75,4,19.94736842,0.2631578947,7.907745902,0.9579138061,-0.02102659679,No,No,Normal,Safe,Stable
2024-04-19 00:00:00,April,276.79,92.96,1,27.7,6.39,7.91,3.98,4,4,0,0,29.1,33.9,24.1,4.75,4,20,0,7.890518065,0.9574444619,-0.021559635,Yes,No,Normal,Safe,Stable
2024-04-19 01:00:00,April,276.79,92.96,1,27.7,6.39,7.91,3.98,4,4,0,0,29.1,33.9,24.1,4.75,4,20,1,8.146476846,0.9798027382,-0.02783911555,No,No,Normal,Safe,Stable
2024-04-19 02:00:00,April,276.79,92.96,1,27.7,6.39,7.91,3.98,4,4,1,0,29.1,33.9,24.1,4.75,4,20,2,7.920729382,0.9781695512,-0.02435396051,Yes,No,Normal,Safe,Stable
2024-04-19 03:00:00,April,276.79,92.96,1,27.7,6.39,7.91,3.98,4,4,1,0,29.1,33.9,24.1,4.75,4,20,3,8.239304831,0.3129609568,0.8916148818,No,No,Normal,Safe,Stable
2024-04-19 04:00:00,April,276.79,92.96,1,27.7,6.39,7.91,3.98,4,4,0,0,29.1,33.9,24.1,4.75,4,20,4,8.420944783,0.2929412609,0.8523100853,Yes,No,Normal,Safe,Stable
2024-04-19 05:00:00,April,276.79,92.96,1,27.7,6.39,7.91,3.98,4,4,0,0,29.1,33.9,24.1,4.75,4,20,5,8.23045805,0.4204739537,0.009379075283,No,No,Normal,Safe,Stable
2024-04-19 06:00:00,April,276.79,92.96,1,27.7,6.39,7.91,3.98,4,4,1,0,29.1,33.9,24.1,4.75,4,20.05263158,4.736842105,8.219837919,0.4206818491,0.009523140891,Yes,No,Normal,Safe,Stable
2024-04-19 07:00:00,April,276.79,92.96,1,27.7,6.39,7.91,3.98,4,4,0,0,29.1,33.9,24.1,4.75,4,20.10526316,4.473684211,8.209217788,0.4208897444,0.009667206498,No,No,Normal,Safe,Stable
2024-04-19 08:00:00,April,276.79,92.96,1,27.7,6.39,7.91,3.98,4,4,1,0,29.1,33.9,24.1,4.75,4,20.15789474,4.210526316,8.198597657,0.4210976398,0.009811272106,Yes,No,Normal,Safe,Stable
2024-04-19 09:00:00,April,276.79,92.96,1,27.7,6.39,7.91,3.98,4,4,0,0,29.1,33.9,24.1,4.75,4,20.21052632,3.947368421,8.187977526,0.4213055351,0.009955337713,No,No,Normal,Safe,Stable
2024-04-19 10:00:00,April,276.79,92.96,1,27.7,6.39,7.91,3.98,4,4,0,0,29.1,33.9,24.1,4.75,4,20.26315789,3.684210526,8.177357395,0.4215134305,0.01009940332,Yes,No,Normal,Safe,Stable
2024-04-19 11:00:00,April,276.79,92.96,1,27.7,6.39,7.91,3.98,4,4,0,0,29.1,33.9,24.1,4.75,4,20.31578947,3.421052632,8.166737265,0.4217213258,0.01024346893,No,No,Normal,Safe,Stable
2024-04-19 12:00:00,April,276.79,92.96,1,27.7,6.39,7.91,3.98,4,4,1,0,29.1,33.9,24.1,4.75,4,20.36842105,3.157894737,8.156117134,0.4219292212,0.01038753454,Yes,No,Normal,Safe,Stable
2024-04-19 13:00:00,April,276.79,92.96,1,27.7,6.39,7.91,3.98,4,4,1,0,29.1,33.9,24.1,4.75,4,20.42105263,2.894736842,8.145497003,0.4221371166,0.01053160014,No,No,Normal,Safe,Stable
2024-04-19 14:00:00,April,276.79,92.96,1,27.7,6.39,7.91,3.98,4,4,0,0,29.1,33.9,24.1,4.75,4,20.47368421,2.631578947,8.134876872,0.4223450119,0.01067566575,Yes,No,Normal,Safe,Stable
2024-04-19 15:00:00,April,276.79,92.96,1,27.7,6.39,7.91,3.98,4,4,1,0,29.1,33.9,24.1,4.75,4,20.52631579,2.368421053,8.124256741,0.4225529073,0.01081973136,No,No,Normal,Safe,Stable
2024-04-19 16:00:00,April,276.79,92.96,1,27.7,6.39,7.91,3.98,4,4,1,0,29.1,33.9,24.1,4.75,4,20.57894737,2.105263158,8.11363661,0.4227608026,0.01096379697,Yes,No,Normal,Safe,Stable
2024-04-19 17:00:00,April,276.79,92.96,1,27.7,6.39,7.91,3.98,4,4,0,0,29.1,33.9,24.1,4.75,4,20.63157895,1.842105263,8.103016479,0.422968698,0.01110786257,No,No,Normal,Safe,Stable
2024-04-19 18:00:00,April,276.79,92.96,1,27.7,6.39,7.91,3.98,4,4,0,0,29.1,33.9,24.1,4.75,4,20.68421053,1.578947368,8.092396348,0.4231765933,0.01125192818,Yes,No,Normal,Safe,Stable
2024-04-19 19:00:00,April,276.79,92.96,1,27.7,6.39,7.91,3.98,4,4,0,0,29.1,33.9,24.1,4.75,4,20.73684211,1.315789474,8.081776217,0.4233844887,0.01139599379,No,No,Normal,Safe,Stable
2024-04-19 20:00:00,April,276.79,92.96,1,27.7,6.39,7.91,3.98,4,4,0,0,29.1,33.9,24.1,4.75,4,20.78947368,1.052631579,8.071156087,0.4235923841,0.0115400594,Yes,No,Normal,Safe,Stable
2024-04-19 21:00:00,April,276.79,92.96,1,27.7,6.39,7.91,3.98,4,4,0,0,29.1,33.9,24.1,4.75,4,20.84210526,0.7894736842,8.060535956,0.4238002794,0.011684125,No,No,Normal,Safe,Stable
2024-04-19 22:00:00,April,276.79,92.96,1,27.7,6.39,7.91,3.98,4,4,0,0,29.1,33.9,24.1,4.75,4,20.89473684,0.5263157895,8.049915825,0.4240081748,0.01182819061,Yes,No,Normal,Safe,Stable
2024-04-19 23:00:00,April,276.79,92.96,1,27.7,6.39,7.91,3.98,4,4,0,0,29.1,33.9,24.1,4.75,4,20.94736842,0.2631578947,8.039295694,0.4242160701,0.01197225622,No,No,Normal,Safe,Stable
2024-04-20 00:00:00,April,276.79,92.96,1,27.7,6.39,7.91,3.98,4,4,0,0,29.1,33.9,24.1,4.75,4,21,0,8.028675563,0.4244239655,0.01211632183,Yes,No,Normal,Safe,Stable
2024-04-20 01:00:00,April,276.79,92.96,1,27.7,6.39,7.91,3.98,4,4,1,0,29.1,33.9,24.1,4.75,4,21,1,8.614159634,0.3280682118,0.1327382003,No,No,Normal,Safe,Stable
2024-04-20 02:00:00,April,276.79,92.96,1,27.7,6.39,7.91,3.98,4,4,0,0,29.1,33.9,24.1,4.75,4,21,2,7.522896416,1.006555788,0.01049309884,Yes,No,Normal,Safe,Stable
2024-04-20 03:00:00,April,276.79,92.96,1,27.7,6.39,7.91,3.98,4,4,0,0,29.1,33.9,24.1,4.75,4,21,3,8.157639573,0.3391135799,0.8607260706,No,No,Normal,Safe,Stable
2024-04-20 04:00:00,April,276.79,92.96,1,27.7,6.39,7.91,3.98,4,4,0,0,29.1,33.9,24.1,4.75,4,21,4,7.867142733,0.2510999919,0.9531027913,Yes,No,Normal,Safe,Stable
2024-04-20 05:00:00,April,276.79,92.96,1,27.7,6.39,7.91,3.98,4,4,0,0,29.1,33.9,24.1,4.75,4,21,5,8.368617298,0.3931736695,0.03268273074,No,No,Normal,Safe,Stable
2024-04-20 06:00:00,April,276.79,92.96,1,27.7,6.39,7.91,3.98,4,4,0,0,29.1,33.9,24.1,4.75,4,21.05263158,4.736842105,8.355164844,0.4233490208,0.02980584228,Yes,No,Normal,Safe,Stable
2024-04-20 07:00:00,April,276.79,92.96,1,27.7,6.39,7.91,3.98,4,4,1,1,29.1,33.9,24.1,4.75,4,21.10526316,4.473684211,8.34171239,0.453524372,0.02692895382,No,No,Normal,Safe,Stable
2024-04-20 08:00:00,April,276.79,92.96,1,27.7,6.39,7.91,3.98,4,4,0,0,29.1,33.9,24.1,4.75,4,21.15789474,4.210526316,8.328259937,0.4836997232,0.02405206537,Yes,No,Normal,Safe,Stable
2024-04-20 09:00:00,April,276.79,92.96,1,27.7,6.39,7.91,3.98,4,4,0,0,29.1,33.9,24.1,4.75,4,21.21052632,3.947368421,8.314807483,0.5138750744,0.02117517691,No,No,Normal,Safe,Stable
2024-04-20 10:00:00,April,276.79,92.96,1,27.7,6.39,7.91,3.98,4,4,0,0,29.1,33.9,24.1,4.75,4,21.26315789,3.684210526,8.301355029,0.5440504256,0.01829828846,Yes,No,Normal,Safe,Stable
2024-04-20 11:00:00,April,276.79,92.96,1,27.7,6.39,7.91,3.98,4,4,0,0,29.1,33.9,24.1,4.75,4,21.31578947,3.421052632,8.287902575,0.5742257768,0.0154214,No,No,Normal,Safe,Stable
2024-04-20 12:00:00,April,276.79,92.96,1,27.7,6.39,7.91,3.98,4,4,1,0,29.1,33.9,24.1,4.75,4,21.36842105,3.157894737,8.274450122,0.604401128,0.01254451154,Yes,No,Normal,Safe,Stable
2024-04-20 13:00:00,April,276.79,92.96,1,27.7,6.39,7.91,3.98,4,4,0,0,29.1,33.9,24.1,4.75,4,21.42105263,2.894736842,8.260997668,0.6345764792,0.009667623087,No,No,Normal,Safe,Stable
2024-04-20 14:00:00,April,276.79,92.96,1,27.7,6.39,7.91,3.98,4,4,0,0,29.1,33.9,24.1,4.75,4,21.47368421,2.631578947,8.247545214,0.6647518304,0.006790734631,Yes,No,Normal,Safe,Stable
2024-04-20 15:00:00,April,276.79,92.96,1,27.7,6.39,7.91,3.98,4,4,0,0,29.1,33.9,24.1,4.75,4,21.52631579,2.368421053,8.23409276,0.6949271816,0.003913846175,No,No,Normal,Safe,Stable
2024-04-20 16:00:00,April,276.79,92.96,1,27.7,6.39,7.91,3.98,4,4,0,0,29.1,33.9,24.1,4.75,4,21.57894737,2.105263158,8.220640306,0.7251025329,0.001036957719,Yes,No,Normal,Safe,Stable
2024-04-20 17:00:00,April,276.79,92.96,1,27.7,6.39,7.91,3.98,4,4,0,0,29.1,33.9,24.1,4.75,4,21.63157895,1.842105263,8.207187853,0.7552778841,-0.001839930737,No,No,Normal,Safe,Stable
2024-04-20 18:00:00,April,276.79,92.96,1,27.7,6.39,7.91,3.98,4,4,0,0,29.1,33.9,24.1,4.75,4,21.68421053,1.578947368,8.193735399,0.7854532353,-0.004716819193,Yes,No,Normal,Safe,Stable
2024-04-20 19:00:00,April,276.79,92.96,1,27.7,6.39,7.91,3.98,4,4,0,1,29.1,33.9,24.1,4.75,4,21.73684211,1.315789474,8.180282945,0.8156285865,-0.007593707649,No,No,Normal,Safe,Stable
2024-04-20 20:00:00,April,276.79,92.96,1,27.7,6.39,7.91,3.98,4,4,0,0,29.1,33.9,24.1,4.75,4,21.78947368,1.052631579,8.166830491,0.8458039377,-0.01047059611,Yes,No,Normal,Safe,Stable
2024-04-20 21:00:00,April,276.79,92.96,1,27.7,6.39,7.91,3.98,4,4,0,0,29.1,33.9,24.1,4.75,4,21.84210526,0.7894736842,8.153378038,0.8759792889,-0.01334748456,No,No,Normal,Safe,Stable
2024-04-20 22:00:00,April,276.79,92.96,1,27.7,6.39,7.91,3.98,4,4,1,0,29.1,33.9,24.1,4.75,4,21.89473684,0.5263157895,8.139925584,0.9061546401,-0.01622437302,Yes,No,Normal,Safe,Stable
2024-04-20 23:00:00,April,276.79,92.96,1,27.7,6.39,7.91,3.98,4,4,0,0,29.1,33.9,24.1,4.75,4,21.94736842,0.2631578947,8.12647313,0.9363299913,-0.01910126147,No,No,Normal,Safe,Stable
2024-04-21 00:00:00,April,276.79,92.96,1,27.7,6.39,7.91,3.98,4,4,0,0,29.1,33.9,24.1,4.75,4,22,0,8.113020676,0.9665053425,-0.02197814993,Yes,No,Normal,Safe,Stable
2024-04-21 01:00:00,April,276.79,92.96,1,27.7,6.39,7.91,3.98,4,4,0,0,29.1,33.9,24.1,4.75,4,22,1,8.124295799,0.3535944827,0.1393191266,No,No,Normal,Safe,Stable
2024-04-21 02:00:00,April,276.79,92.96,1,27.7,6.39,7.91,3.98,4,4,0,0,29.1,33.9,24.1,4.75,4,22,2,8.233393477,0.9718998447,0.01415191638,Yes,No,Normal,Safe,Stable
2024-04-21 03:00:00,April,276.79,92.96,1,27.7,6.39,7.91,3.98,4,4,0,0,29.1,33.9,24.1,4.75,4,22,3,8.283454355,0.2697099754,0.8444589571,No,No,Normal,Safe,Stable
2024-04-21 04:00:00,April,276.79,92.96,1,27.7,6.39,7.91,3.98,4,4,0,0,29.1,33.9,24.1,4.75,4,22,4,7.895636968,0.2585090783,0.9709708614,Yes,No,Normal,Safe,Stable
2024-04-21 05:00:00,April,276.79,92.96,1,27.7,6.39,7.91,3.98,4,4,1,0,29.1,33.9,24.1,4.75,4,22,5,8.219174378,0.4064444924,0.0424048289,No,No,Normal,Safe,Stable
2024-04-21 06:00:00,April,276.79,92.96,1,27.7,6.39,7.91,3.98,4,4,0,0,29.1,33.9,24.1,4.75,4,22.05263158,4.736842105,8.216701445,0.436618337,0.03973585288,Yes,No,Normal,Safe,Stable
2024-04-21 07:00:00,April,276.79,92.96,1,27.7,6.39,7.91,3.98,4,4,0,0,29.1,33.9,24.1,4.75,4,22.10526316,4.473684211,8.214228512,0.4667921815,0.03706687685,No,No,Normal,Safe,Stable
2024-04-21 08:00:00,April,276.79,92.96,1,27.7,6.39,7.91,3.98,4,4,1,0,29.1,33.9,24.1,4.75,4,22.15789474,4.210526316,8.211755578,0.4969660261,0.03439790082,Yes,No,Normal,Safe,Stable
2024-04-21 09:00:00,April,276.79,92.96,1,27.7,6.39,7.91,3.98,4,4,0,0,29.1,33.9,24.1,4.75,4,22.21052632,3.947368421,8.209282645,0.5271398706,0.03172892479,No,No,Normal,Safe,Stable
2024-04-21 10:00:00,April,276.79,92.96,1,27.7,6.39,7.91,3.98,4,4,0,1,29.1,33.9,24.1,4.75,4,22.26315789,3.684210526,8.206809712,0.5573137151,0.02905994876,Yes,No,Normal,Safe,Stable
2024-04-21 11:00:00,April,276.79,92.96,1,27.7,6.39,7.91,3.98,4,4,0,0,29.1,33.9,24.1,4.75,4,22.31578947,3.421052632,8.204336778,0.5874875597,0.02639097274,No,No,Normal,Safe,Stable
2024-04-21 12:00:00,April,276.79,92.96,1,27.7,6.39,7.91,3.98,4,4,1,0,29.1,33.9,24.1,4.75,4,22.36842105,3.157894737,8.201863845,0.6176614042,0.02372199671,Yes,No,Normal,Safe,Stable
2024-04-21 13:00:00,April,276.79,92.96,1,27.7,6.39,7.91,3.98,4,4,0,0,29.1,33.9,24.1,4.75,4,22.42105263,2.894736842,8.199390912,0.6478352488,0.02105302068,No,No,Normal,Safe,Stable
2024-04-21 14:00:00,April,276.79,92.96,1,27.7,6.39,7.91,3.98,4,4,0,0,29.1,33.9,24.1,4.75,4,22.47368421,2.631578947,8.196917979,0.6780090933,0.01838404465,Yes,No,Normal,Safe,Stable
2024-04-21 15:00:00,April,276.79,92.96,1,27.7,6.39,7.91,3.98,4,4,0,0,29.1,33.9,24.1,4.75,4,22.52631579,2.368421053,8.194445045,0.7081829378,0.01571506862,No,No,Normal,Safe,Stable
2024-04-21 16:00:00,April,276.79,92.96,1,27.7,6.39,7.91,3.98,4,4,0,0,29.1,33.9,24.1,4.75,4,22.57894737,2.105263158,8.191972112,0.7383567824,0.0130460926,Yes,No,Normal,Safe,Stable
2024-04-21 17:00:00,April,276.79,92.96,1,27.7,6.39,7.91,3.98,4,4,0,0,29.1,33.9,24.1,4.75,4,22.63157895,1.842105263,8.189499179,0.7685306269,0.01037711657,No,No,Normal,Safe,Stable
2024-04-21 18:00:00,April,276.79,92.96,1,27.7,6.39,7.91,3.98,4,4,0,0,29.1,33.9,24.1,4.75,4,22.68421053,1.578947368,8.187026245,0.7987044715,0.007708140541,Yes,No,Normal,Safe,Stable
2024-04-21 19:00:00,April,276.79,92.96,1,27.7,6.39,7.91,3.98,4,4,1,0,29.1,33.9,24.1,4.75,4,22.73684211,1.315789474,8.184553312,0.828878316,0.005039164513,No,No,Normal,Safe,Stable
2024-04-21 20:00:00,April,276.79,92.96,1,27.7,6.39,7.91,3.98,4,4,0,1,29.1,33.9,24.1,4.75,4,22.78947368,1.052631579,8.182080379,0.8590521605,0.002370188485,Yes,No,Normal,Safe,Stable
2024-04-21 21:00:00,April,276.79,92.96,1,27.7,6.39,7.91,3.98,4,4,0,0,29.1,33.9,24.1,4.75,4,22.84210526,0.7894736842,8.179607446,0.8892260051,-0.0002987875428,No,No,Normal,Safe,Stable
2024-04-21 22:00:00,April,276.79,92.96,1,27.7,6.39,7.91,3.98,4,4,1,0,29.1,33.9,24.1,4.75,4,22.89473684,0.5263157895,8.177134512,0.9193998496,-0.002967763571,Yes,No,Normal,Safe,Stable
2024-04-21 23:00:00,April,276.79,92.96,1,27.7,6.39,7.91,3.98,4,4,0,0,29.1,33.9,24.1,4.75,4,22.94736842,0.2631578947,8.174661579,0.9495736942,-0.005636739599,No,No,Normal,Safe,Stable
2024-04-22 00:00:00,April,276.79,92.96,1,27.7,6.39,7.91,3.98,4,4,1,0,29.1,33.9,24.1,4.75,4,23,0,8.172188646,0.9797475387,-0.008305715627,Yes,No,Normal,Safe,Stable
2024-04-22 01:00:00,April,276.79,92.96,1,27.7,6.39,7.91,3.98,4,4,0,0,29.1,33.9,24.1,4.75,4,23,1,7.604021191,0.9511379545,0.01597109077,No,No,Normal,Safe,Stable
2024-04-22 02:00:00,April,276.79,92.96,1,27.7,6.39,7.91,3.98,4,4,1,0,29.1,33.9,24.1,4.75,4,23,2,7.81806106,0.324000927,0.4337054222,Yes,No,Normal,Safe,Stable
2024-04-22 03:00:00,April,276.79,92.96,1,27.7,6.39,7.91,3.98,4,4,0,0,29.1,33.9,24.1,4.75,4,23,3,8.062859059,0.9756176701,0.00279790154,No,No,Normal,Safe,Stable
2024-04-22 04:00:00,April,276.79,92.96,1,27.7,6.39,7.91,3.98,4,4,0,0,29.1,33.9,24.1,4.75,4,23,4,7.82330557,0.9653964425,0.02735826189,Yes,No,Normal,Safe,Stable
2024-04-22 05:00:00,April,276.79,92.96,1,27.7,6.39,7.91,3.98,4,4,1,0,29.1,33.9,24.1,4.75,4,23,5,8.435857788,0.3924578031,0.02012535668,No,No,Normal,Safe,Stable
2024-04-22 06:00:00,April,276.79,92.96,1,27.7,6.39,7.91,3.98,4,4,0,0,29.1,33.9,24.1,4.75,4,23.05263158,4.736842105,8.439039725,0.3940305943,0.02034625674,Yes,No,Normal,Safe,Stable
2024-04-22 07:00:00,April,276.79,92.96,1,27.7,6.39,7.91,3.98,4,4,0,0,29.1,33.9,24.1,4.75,4,23.10526316,4.473684211,8.442221661,0.3956033855,0.0205671568,No,No,Normal,Safe,Stable
2024-04-22 08:00:00,April,276.79,92.96,1,27.7,6.39,7.91,3.98,4,4,0,0,29.1,33.9,24.1,4.75,4,23.15789474,4.210526316,8.445403598,0.3971761767,0.02078805686,Yes,No,Normal,Safe,Stable
2024-04-22 09:00:00,April,276.79,92.96,1,27.7,6.39,7.91,3.98,4,4,0,0,29.1,33.9,24.1,4.75,4,23.21052632,3.947368421,8.448585535,0.3987489679,0.02100895692,No,No,Normal,Safe,Stable
2024-04-22 10:00:00,April,276.79,92.96,1,27.7,6.39,7.91,3.98,4,4,1,0,29.1,33.9,24.1,4.75,4,23.26315789,3.684210526,8.451767472,0.4003217591,0.02122985698,Yes,No,Normal,Safe,Stable
2024-04-22 11:00:00,April,276.79,92.96,1,27.7,6.39,7.91,3.98,4,4,0,0,29.1,33.9,24.1,4.75,4,23.31578947,3.421052632,8.454949409,0.4018945503,0.02145075705,No,No,Normal,Safe,Stable
2024-04-22 12:00:00,April,276.79,92.96,1,27.7,6.39,7.91,3.98,4,4,0,0,29.1,33.9,24.1,4.75,4,23.36842105,3.157894737,8.458131346,0.4034673415,0.02167165711,Yes,No,Normal,Safe,Stable
2024-04-22 13:00:00,April,276.79,92.96,1,27.7,6.39,7.91,3.98,4,4,0,0,29.1,33.9,24.1,4.75,4,23.42105263,2.894736842,8.461313282,0.4050401327,0.02189255717,No,No,Normal,Safe,Stable
2024-04-22 14:00:00,April,276.79,92.96,1,27.7,6.39,7.91,3.98,4,4,0,0,29.1,33.9,24.1,4.75,4,23.47368421,2.631578947,8.464495219,0.4066129239,0.02211345723,Yes,No,Normal,Safe,Stable
2024-04-22 15:00:00,April,276.79,92.96,1,27.7,6.39,7.91,3.98,4,4,0,0,29.1,33.9,24.1,4.75,4,23.52631579,2.368421053,8.467677156,0.4081857151,0.02233435729,No,No,Normal,Safe,Stable
2024-04-22 16:00:00,April,276.79,92.96,1,27.7,6.39,7.91,3.98,4,4,1,0,29.1,33.9,24.1,4.75,4,23.57894737,2.105263158,8.470859093,0.4097585063,0.02255525735,Yes,No,Normal,Safe,Stable
2024-04-22 17:00:00,April,276.79,92.96,1,27.7,6.39,7.91,3.98,4,4,0,0,29.1,33.9,24.1,4.75,4,23.63157895,1.842105263,8.47404103,0.4113312975,0.02277615741,No,No,Normal,Safe,Stable
2024-04-22 18:00:00,April,276.79,92.96,1,27.7,6.39,7.91,3.98,4,4,1,1,29.1,33.9,24.1,4.75,4,23.68421053,1.578947368,8.477222966,0.4129040887,0.02299705747,Yes,No,Normal,Safe,Stable
2024-04-22 19:00:00,April,276.79,92.96,1,27.7,6.39,7.91,3.98,4,4,0,0,29.1,33.9,24.1,4.75,4,23.73684211,1.315789474,8.480404903,0.4144768798,0.02321795753,No,No,Normal,Safe,Stable
2024-04-22 20:00:00,April,276.79,92.96,1,27.7,6.39,7.91,3.98,4,4,0,0,29.1,33.9,24.1,4.75,4,23.78947368,1.052631579,8.48358684,0.416049671,0.0234388576,Yes,No,Normal,Safe,Stable
2024-04-22 21:00:00,April,276.79,92.96,1,27.7,6.39,7.91,3.98,4,4,0,0,29.1,33.9,24.1,4.75,4,23.84210526,0.7894736842,8.486768777,0.4176224622,0.02365975766,No,No,Normal,Safe,Stable
2024-04-22 22:00:00,April,276.79,92.96,1,27.7,6.39,7.91,3.98,4,4,0,0,29.1,33.9,24.1,4.75,4,23.89473684,0.5263157895,8.489950714,0.4191952534,0.02388065772,Yes,No,Normal,Safe,Stable
2024-04-22 23:00:00,April,276.79,92.96,1,27.7,6.39,7.91,3.98,4,4,1,1,29.1,33.9,24.1,4.75,4,23.94736842,0.2631578947,8.493132651,0.4207680446,0.02410155778,No,No,Normal,Safe,Stable
2024-04-23 00:00:00,April,276.79,92.96,1,27.7,6.39,7.91,3.98,4,4,0,0,29.1,33.9,24.1,4.75,4,24,0,8.496314587,0.4223408358,0.02432245784,Yes,No,Normal,Safe,Stable
2024-04-23 01:00:00,April,276.79,92.96,1,27.7,6.39,7.91,3.98,4,4,0,0,29.1,33.9,24.1,4.75,4,24,1,8.263924618,0.3223091826,0.1031536103,No,No,Normal,Safe,Stable
2024-04-23 02:00:00,April,276.79,92.96,1,27.7,6.39,7.91,3.98,4,4,0,0,29.1,33.9,24.1,4.75,4,24,2,8.180650927,0.375674481,0.480684574,Yes,No,Normal,Safe,Stable
2024-04-23 03:00:00,April,276.79,92.96,1,27.7,6.39,7.91,3.98,4,4,0,0,29.1,33.9,24.1,4.75,4,24,3,8.45161327,0.2311305667,0.9880733482,No,No,Normal,Safe,Stable
2024-04-23 04:00:00,April,276.79,92.96,1,27.7,6.39,7.91,3.98,4,4,0,0,29.1,33.9,24.1,4.75,4,24,4,8.076772078,0.2904232696,0.8732488424,Yes,No,Normal,Safe,Stable
2024-04-23 05:00:00,April,276.79,92.96,1,27.7,6.39,7.91,3.98,4,4,0,0,29.1,33.9,24.1,4.75,4,24,5,8.510173385,0.3697147565,0.003122068047,No,No,Normal,Safe,Stable
2024-04-23 06:00:00,April,276.79,92.96,1,27.7,6.39,7.91,3.98,4,4,0,0,29.1,33.9,24.1,4.75,4,24.05263158,4.736842105,8.490408164,0.3712605605,0.005461889182,Yes,No,Normal,Safe,Stable
2024-04-23 07:00:00,April,276.79,92.96,1,27.7,6.39,7.91,3.98,4,4,0,1,29.1,33.9,24.1,4.75,4,24.10526316,4.473684211,8.470642943,0.3728063644,0.007801710318,No,No,Normal,Safe,Stable
2024-04-23 08:00:00,April,276.79,92.96,1,27.7,6.39,7.91,3.98,4,4,0,0,29.1,33.9,24.1,4.75,4,24.15789474,4.210526316,8.450877723,0.3743521683,0.01014153145,Yes,No,Normal,Safe,Stable
2024-04-23 09:00:00,April,276.79,92.96,1,27.7,6.39,7.91,3.98,4,4,0,0,29.1,33.9,24.1,4.75,4,24.21052632,3.947368421,8.431112502,0.3758979722,0.01248135259,No,No,Normal,Safe,Stable
2024-04-23 10:00:00,April,276.79,92.96,1,27.7,6.39,7.91,3.98,4,4,0,0,29.1,33.9,24.1,4.75,4,24.26315789,3.684210526,8.411347281,0.3774437761,0.01482117372,Yes,No,Normal,Safe,Stable
2024-04-23 11:00:00,April,276.79,92.96,1,27.7,6.39,7.91,3.98,4,4,1,0,29.1,33.9,24.1,4.75,4,24.31578947,3.421052632,8.39158206,0.37898958,0.01716099486,No,No,Normal,Safe,Stable
2024-04-23 12:00:00,April,276.79,92.96,1,27.7,6.39,7.91,3.98,4,4,0,0,29.1,33.9,24.1,4.75,4,24.36842105,3.157894737,8.371816839,0.3805353839,0.01950081599,Yes,No,Normal,Safe,Stable
2024-04-23 13:00:00,April,276.79,92.96,1,27.7,6.39,7.91,3.98,4,4,0,0,29.1,33.9,24.1,4.75,4,24.42105263,2.894736842,8.352051618,0.3820811879,0.02184063713,No,No,Normal,Safe,Stable
2024-04-23 14:00:00,April,276.79,92.96,1,27.7,6.39,7.91,3.98,4,4,0,0,29.1,33.9,24.1,4.75,4,24.47368421,2.631578947,8.332286397,0.3836269918,0.02418045827,Yes,No,Normal,Safe,Stable
2024-04-23 15:00:00,April,276.79,92.96,1,27.7,6.39,7.91,3.98,4,4,0,0,29.1,33.9,24.1,4.75,4,24.52631579,2.368421053,8.312521176,0.3851727957,0.0265202794,No,No,Normal,Safe,Stable
2024-04-23 16:00:00,April,276.79,92.96,1,27.7,6.39,7.91,3.98,4,4,0,0,29.1,33.9,24.1,4.75,4,24.57894737,2.105263158,8.292755955,0.3867185996,0.02886010054,Yes,No,Normal,Safe,Stable
2024-04-23 17:00:00,April,276.79,92.96,1,27.7,6.39,7.91,3.98,4,4,1,0,29.1,33.9,24.1,4.75,4,24.63157895,1.842105263,8.272990734,0.3882644035,0.03119992167,No,No,Normal,Safe,Stable
2024-04-23 18:00:00,April,276.79,92.96,1,27.7,6.39,7.91,3.98,4,4,1,0,29.1,33.9,24.1,4.75,4,24.68421053,1.578947368,8.253225513,0.3898102074,0.03353974281,Yes,No,Normal,Safe,Stable
2024-04-23 19:00:00,April,276.79,92.96,1,27.7,6.39,7.91,3.98,4,4,0,0,29.1,33.9,24.1,4.75,4,24.73684211,1.315789474,8.233460292,0.3913560114,0.03587956394,No,No,Normal,Safe,Stable
2024-04-23 20:00:00,April,276.79,92.96,1,27.7,6.39,7.91,3.98,4,4,1,0,29.1,33.9,24.1,4.75,4,24.78947368,1.052631579,8.213695071,0.3929018153,0.03821938508,Yes,No,Normal,Safe,Stable
2024-04-23 21:00:00,April,276.79,92.96,1,27.7,6.39,7.91,3.98,4,4,1,0,29.1,33.9,24.1,4.75,4,24.84210526,0.7894736842,8.193929851,0.3944476192,0.04055920621,No,No,Normal,Safe,Stable
2024-04-23 22:00:00,April,276.79,92.96,1,27.7,6.39,7.91,3.98,4,4,0,0,29.1,33.9,24.1,4.75,4,24.89473684,0.5263157895,8.17416463,0.3959934231,0.04289902735,Yes,No,Normal,Safe,Stable
2024-04-23 23:00:00,April,276.79,92.96,1,27.7,6.39,7.91,3.98,4,4,0,0,29.1,33.9,24.1,4.75,4,24.94736842,0.2631578947,8.154399409,0.397539227,0.04523884848,No,No,Normal,Safe,Stable
2024-04-24 00:00:00,April,276.79,92.96,1,27.7,6.39,7.91,3.98,4,4,0,0,29.1,33.9,24.1,4.75,4,25,0,8.134634188,0.3990850309,0.04757866962,Yes,No,Normal,Safe,Stable
2024-04-24 01:00:00,April,276.79,92.96,1,27.7,6.39,7.91,3.98,4,4,0,0,29.1,33.9,24.1,4.75,4,25,1,8.303853392,0.310974316,0.1354101561,No,No,Normal,Safe,Stable
2024-04-24 02:00:00,April,276.79,92.96,1,27.7,6.39,7.91,3.98,4,4,0,0,29.1,33.9,24.1,4.75,4,25,2,8.01768379,0.3660380021,0.4528755449,Yes,No,Normal,Safe,Stable
2024-04-24 03:00:00,April,276.79,92.96,1,27.7,6.39,7.91,3.98,4,4,0,0,29.1,33.9,24.1,4.75,4,25,3,8.216639311,0.266839774,0.8631578666,No,No,Normal,Safe,Stable
2024-04-24 04:00:00,April,276.79,92.96,1,27.7,6.39,7.91,3.98,4,4,1,0,29.1,33.9,24.1,4.75,4,25,4,8.074495082,0.9608083668,0.0045899932,Yes,No,Normal,Safe,Stable
2024-04-24 05:00:00,April,276.79,92.96,1,27.7,6.39,7.91,3.98,4,4,0,0,29.1,33.9,24.1,4.75,4,25,5,7.828489042,0.4151661952,0.03841940032,No,No,Normal,Safe,Stable
2024-04-24 06:00:00,April,276.79,92.96,1,27.7,6.39,7.91,3.98,4,4,0,0,29.1,33.9,24.1,4.75,4,25.05263158,4.736842105,7.843117612,0.4448386658,0.0349474451,Yes,No,Normal,Safe,Stable
2024-04-24 07:00:00,April,276.79,92.96,1,27.7,6.39,7.91,3.98,4,4,0,0,29.1,33.9,24.1,4.75,4,25.10526316,4.473684211,7.857746182,0.4745111365,0.03147548988,No,No,Normal,Safe,Stable
2024-04-24 08:00:00,April,276.79,92.96,1,27.7,6.39,7.91,3.98,4,4,0,0,29.1,33.9,24.1,4.75,4,25.15789474,4.210526316,7.872374753,0.5041836071,0.02800353466,Yes,No,Normal,Safe,Stable
2024-04-24 09:00:00,April,276.79,92.96,1,27.7,6.39,7.91,3.98,4,4,0,0,29.1,33.9,24.1,4.75,4,25.21052632,3.947368421,7.887003323,0.5338560777,0.02453157944,No,No,Normal,Safe,Stable
2024-04-24 10:00:00,April,276.79,92.96,1,27.7,6.39,7.91,3.98,4,4,0,0,29.1,33.9,24.1,4.75,4,25.26315789,3.684210526,7.901631893,0.5635285483,0.02105962422,Yes,No,Normal,Safe,Stable
2024-04-24 11:00:00,April,276.79,92.96,1,27.7,6.39,7.91,3.98,4,4,0,0,29.1,33.9,24.1,4.75,4,25.31578947,3.421052632,7.916260463,0.5932010189,0.017587669,No,No,Normal,Safe,Stable
2024-04-24 12:00:00,April,276.79,92.96,1,27.7,6.39,7.91,3.98,4,4,0,0,29.1,33.9,24.1,4.75,4,25.36842105,3.157894737,7.930889033,0.6228734896,0.01411571378,Yes,No,Normal,Safe,Stable
2024-04-24 13:00:00,April,276.79,92.96,1,27.7,6.39,7.91,3.98,4,4,0,0,29.1,33.9,24.1,4.75,4,25.42105263,2.894736842,7.945517603,0.6525459602,0.01064375856,No,No,Normal,Safe,Stable
2024-04-24 14:00:00,April,276.79,92.96,1,27.7,6.39,7.91,3.98,4,4,0,0,29.1,33.9,24.1,4.75,4,25.47368421,2.631578947,7.960146173,0.6822184308,0.007171803345,Yes,No,Normal,Safe,Stable
2024-04-24 15:00:00,April,276.79,92.96,1,27.7,6.39,7.91,3.98,4,4,1,0,29.1,33.9,24.1,4.75,4,25.52631579,2.368421053,7.974774744,0.7118909014,0.003699848126,No,No,Normal,Safe,Stable
2024-04-24 16:00:00,April,276.79,92.96,1,27.7,6.39,7.91,3.98,4,4,0,0,29.1,33.9,24.1,4.75,4,25.57894737,2.105263158,7.989403314,0.7415633721,0.0002278929066,Yes,No,Normal,Safe,Stable
2024-04-24 17:00:00,April,276.79,92.96,1,27.7,6.39,7.91,3.98,4,4,0,0,29.1,33.9,24.1,4.75,4,25.63157895,1.842105263,8.004031884,0.7712358427,-0.003244062312,No,No,Normal,Safe,Stable
2024-04-24 18:00:00,April,276.79,92.96,1,27.7,6.39,7.91,3.98,4,4,0,0,29.1,33.9,24.1,4.75,4,25.68421053,1.578947368,8.018660454,0.8009083133,-0.006716017531,Yes,No,Normal,Safe,Stable
2024-04-24 19:00:00,April,276.79,92.96,1,27.7,6.39,7.91,3.98,4,4,1,0,29.1,33.9,24.1,4.75,4,25.73684211,1.315789474,8.033289024,0.8305807839,-0.01018797275,No,No,Normal,Safe,Stable
2024-04-24 20:00:00,April,276.79,92.96,1,27.7,6.39,7.91,3.98,4,4,0,0,29.1,33.9,24.1,4.75,4,25.78947368,1.052631579,8.047917594,0.8602532545,-0.01365992797,Yes,No,Normal,Safe,Stable
2024-04-24 21:00:00,April,276.79,92.96,1,27.7,6.39,7.91,3.98,4,4,0,0,29.1,33.9,24.1,4.75,4,25.84210526,0.7894736842,8.062546165,0.8899257252,-0.01713188319,No,No,Normal,Safe,Stable
2024-04-24 22:00:00,April,276.79,92.96,1,27.7,6.39,7.91,3.98,4,4,0,0,29.1,33.9,24.1,4.75,4,25.89473684,0.5263157895,8.077174735,0.9195981958,-0.02060383841,Yes,No,Normal,Safe,Stable
2024-04-24 23:00:00,April,276.79,92.96,1,27.7,6.39,7.91,3.98,4,4,0,0,29.1,33.9,24.1,4.75,4,25.94736842,0.2631578947,8.091803305,0.9492706664,-0.02407579363,No,No,Normal,Safe,Stable
2024-04-25 00:00:00,April,276.79,92.96,1,27.7,6.39,7.91,3.98,4,4,0,0,29.1,33.9,24.1,4.75,4,26,0,8.106431875,0.978943137,-0.02754774885,Yes,No,Normal,Safe,Stable
2024-04-25 01:00:00,April,276.79,92.96,1,27.7,6.39,7.91,3.98,4,4,0,0,29.1,33.9,24.1,4.75,4,26,1,8.001488596,0.370818539,0.1479737027,No,No,Normal,Safe,Stable
2024-04-25 02:00:00,April,276.79,92.96,1,27.7,6.39,7.91,3.98,4,4,0,0,29.1,33.9,24.1,4.75,4,26,2,7.943200145,0.9454694593,-0.001675455077,Yes,No,Normal,Safe,Stable
2024-04-25 03:00:00,April,276.79,92.96,1,27.7,6.39,7.91,3.98,4,4,0,0,29.1,33.9,24.1,4.75,4,26,3,8.023816903,0.2937482982,0.9619181333,No,No,Normal,Safe,Stable
2024-04-25 04:00:00,April,276.79,92.96,1,27.7,6.39,7.91,3.98,4,4,1,0,29.1,33.9,24.1,4.75,4,26,4,8.076771963,0.2072131634,0.9642357583,Yes,No,Normal,Safe,Stable
2024-04-25 05:00:00,April,276.79,92.96,1,27.7,6.39,7.91,3.98,4,4,1,0,29.1,33.9,24.1,4.75,4,26,5,7.831213685,0.3950474165,-0.00303751903,No,No,Normal,Safe,Stable
2024-04-25 06:00:00,April,276.79,92.96,1,27.7,6.39,7.91,3.98,4,4,0,0,29.1,33.9,24.1,4.75,4,26.05263158,4.736842105,7.830249233,0.3935240991,-0.002454579407,Yes,No,Normal,Safe,Stable
2024-04-25 07:00:00,April,276.79,92.96,1,27.7,6.39,7.91,3.98,4,4,0,0,29.1,33.9,24.1,4.75,4,26.10526316,4.473684211,7.82928478,0.3920007817,-0.001871639784,No,No,Normal,Safe,Stable
2024-04-25 08:00:00,April,276.79,92.96,1,27.7,6.39,7.91,3.98,4,4,1,0,29.1,33.9,24.1,4.75,4,26.15789474,4.210526316,7.828320328,0.3904774644,-0.001288700162,Yes,No,Normal,Safe,Stable
2024-04-25 09:00:00,April,276.79,92.96,1,27.7,6.39,7.91,3.98,4,4,0,0,29.1,33.9,24.1,4.75,4,26.21052632,3.947368421,7.827355876,0.388954147,-0.0007057605389,No,No,Normal,Safe,Stable
2024-04-25 10:00:00,April,276.79,92.96,1,27.7,6.39,7.91,3.98,4,4,0,0,29.1,33.9,24.1,4.75,4,26.26315789,3.684210526,7.826391424,0.3874308296,-0.0001228209162,Yes,No,Normal,Safe,Stable
2024-04-25 11:00:00,April,276.79,92.96,1,27.7,6.39,7.91,3.98,4,4,0,0,29.1,33.9,24.1,4.75,4,26.31578947,3.421052632,7.825426972,0.3859075123,0.0004601187064,No,No,Normal,Safe,Stable
2024-04-25 12:00:00,April,276.79,92.96,1,27.7,6.39,7.91,3.98,4,4,0,0,29.1,33.9,24.1,4.75,4,26.36842105,3.157894737,7.82446252,0.3843841949,0.001043058329,Yes,No,Normal,Safe,Stable
2024-04-25 13:00:00,April,276.79,92.96,1,27.7,6.39,7.91,3.98,4,4,0,1,29.1,33.9,24.1,4.75,4,26.42105263,2.894736842,7.823498067,0.3828608775,0.001625997952,No,No,Normal,Safe,Stable
2024-04-25 14:00:00,April,276.79,92.96,1,27.7,6.39,7.91,3.98,4,4,1,0,29.1,33.9,24.1,4.75,4,26.47368421,2.631578947,7.822533615,0.3813375601,0.002208937574,Yes,No,Normal,Safe,Stable
2024-04-25 15:00:00,April,276.79,92.96,1,27.7,6.39,7.91,3.98,4,4,0,0,29.1,33.9,24.1,4.75,4,26.52631579,2.368421053,7.821569163,0.3798142428,0.002791877197,No,No,Normal,Safe,Stable
2024-04-25 16:00:00,April,276.79,92.96,1,27.7,6.39,7.91,3.98,4,4,0,0,29.1,33.9,24.1,4.75,4,26.57894737,2.105263158,7.820604711,0.3782909254,0.00337481682,Yes,No,Normal,Safe,Stable
2024-04-25 17:00:00,April,276.79,92.96,1,27.7,6.39,7.91,3.98,4,4,1,0,29.1,33.9,24.1,4.75,4,26.63157895,1.842105263,7.819640259,0.376767608,0.003957756442,No,No,Normal,Safe,Stable
2024-04-25 18:00:00,April,276.79,92.96,1,27.7,6.39,7.91,3.98,4,4,0,0,29.1,33.9,24.1,4.75,4,26.68421053,1.578947368,7.818675806,0.3752442907,0.004540696065,Yes,No,Normal,Safe,Stable
2024-04-25 19:00:00,April,276.79,92.96,1,27.7,6.39,7.91,3.98,4,4,0,0,29.1,33.9,24.1,4.75,4,26.73684211,1.315789474,7.817711354,0.3737209733,0.005123635688,No,No,Normal,Safe,Stable
2024-04-25 20:00:00,April,276.79,92.96,1,27.7,6.39,7.91,3.98,4,4,0,0,29.1,33.9,24.1,4.75,4,26.78947368,1.052631579,7.816746902,0.3721976559,0.00570657531,Yes,No,Normal,Safe,Stable
2024-04-25 21:00:00,April,276.79,92.96,1,27.7,6.39,7.91,3.98,4,4,0,0,29.1,33.9,24.1,4.75,4,26.84210526,0.7894736842,7.81578245,0.3706743386,0.006289514933,No,No,Normal,Safe,Stable
2024-04-25 22:00:00,April,276.79,92.96,1,27.7,6.39,7.91,3.98,4,4,0,0,29.1,33.9,24.1,4.75,4,26.89473684,0.5263157895,7.814817998,0.3691510212,0.006872454556,Yes,No,Normal,Safe,Stable
2024-04-25 23:00:00,April,276.79,92.96,1,27.7,6.39,7.91,3.98,4,4,1,0,29.1,33.9,24.1,4.75,4,26.94736842,0.2631578947,7.813853545,0.3676277038,0.007455394178,No,No,Normal,Safe,Stable
2024-04-26 00:00:00,April,276.79,92.96,1,27.7,6.39,7.91,3.98,4,4,0,0,29.1,33.9,24.1,4.75,4,27,0,7.812889093,0.3661043864,0.008038333801,Yes,No,Normal,Safe,Stable
2024-04-26 01:00:00,April,276.79,92.96,1,27.7,6.39,7.91,3.98,4,4,0,0,29.1,33.9,24.1,4.75,4,27,1,7.966664937,0.9638670148,-0.03018598807,No,No,Normal,Safe,Stable
2024-04-26 02:00:00,April,276.79,92.96,1,27.7,6.39,7.91,3.98,4,4,0,0,29.1,33.9,24.1,4.75,4,27,2,8.27848701,0.311261197,0.4856774782,Yes,No,Normal,Safe,Stable
2024-04-26 03:00:00,April,276.79,92.96,1,27.7,6.39,7.91,3.98,4,4,0,0,29.1,33.9,24.1,4.75,4,27,3,8.276468472,0.3274174372,0.8117339131,No,No,Normal,Safe,Stable
2024-04-26 04:00:00,April,276.79,92.96,1,27.7,6.39,7.91,3.98,4,4,0,0,29.1,33.9,24.1,4.75,4,27,4,8.316619764,0.2738481553,0.9623418911,Yes,No,Normal,Safe,Stable
2024-04-26 05:00:00,April,276.79,92.96,1,27.7,6.39,7.91,3.98,4,4,0,0,29.1,33.9,24.1,4.75,4,27,5,7.833308999,0.3934155133,0.05022909254,No,No,Normal,Safe,Stable
2024-04-26 06:00:00,April,276.79,92.96,1,27.7,6.39,7.91,3.98,4,4,1,0,29.1,33.9,24.1,4.75,4,27.05263158,4.736842105,7.847356663,0.3929842585,0.04640503487,Yes,No,Normal,Safe,Stable
2024-04-26 07:00:00,April,276.79,92.96,1,27.7,6.39,7.91,3.98,4,4,0,0,29.1,33.9,24.1,4.75,4,27.10526316,4.473684211,7.861404328,0.3925530037,0.04258097719,No,No,Normal,Safe,Stable
2024-04-26 08:00:00,April,276.79,92.96,1,27.7,6.39,7.91,3.98,4,4,0,0,29.1,33.9,24.1,4.75,4,27.15789474,4.210526316,7.875451992,0.392121749,0.03875691951,Yes,No,Normal,Safe,Stable
2024-04-26 09:00:00,April,276.79,92.96,1,27.7,6.39,7.91,3.98,4,4,0,0,29.1,33.9,24.1,4.75,4,27.21052632,3.947368421,7.889499656,0.3916904942,0.03493286183,No,No,Normal,Safe,Stable
2024-04-26 10:00:00,April,276.79,92.96,1,27.7,6.39,7.91,3.98,4,4,0,1,29.1,33.9,24.1,4.75,4,27.26315789,3.684210526,7.90354732,0.3912592394,0.03110880416,Yes,No,Normal,Safe,Stable
2024-04-26 11:00:00,April,276.79,92.96,1,27.7,6.39,7.91,3.98,4,4,0,0,29.1,33.9,24.1,4.75,4,27.31578947,3.421052632,7.917594985,0.3908279846,0.02728474648,No,No,Normal,Safe,Stable
2024-04-26 12:00:00,April,276.79,92.96,1,27.7,6.39,7.91,3.98,4,4,0,0,29.1,33.9,24.1,4.75,4,27.36842105,3.157894737,7.931642649,0.3903967299,0.0234606888,Yes,No,Normal,Safe,Stable
2024-04-26 13:00:00,April,276.79,92.96,1,27.7,6.39,7.91,3.98,4,4,0,0,29.1,33.9,24.1,4.75,4,27.42105263,2.894736842,7.945690313,0.3899654751,0.01963663112,No,No,Normal,Safe,Stable
2024-04-26 14:00:00,April,276.79,92.96,1,27.7,6.39,7.91,3.98,4,4,0,0,29.1,33.9,24.1,4.75,4,27.47368421,2.631578947,7.959737977,0.3895342203,0.01581257344,Yes,No,Normal,Safe,Stable
2024-04-26 15:00:00,April,276.79,92.96,1,27.7,6.39,7.91,3.98,4,4,0,0,29.1,33.9,24.1,4.75,4,27.52631579,2.368421053,7.973785642,0.3891029655,0.01198851577,No,No,Normal,Safe,Stable
2024-04-26 16:00:00,April,276.79,92.96,1,27.7,6.39,7.91,3.98,4,4,0,0,29.1,33.9,24.1,4.75,4,27.57894737,2.105263158,7.987833306,0.3886717108,0.008164458089,Yes,No,Normal,Safe,Stable
2024-04-26 17:00:00,April,276.79,92.96,1,27.7,6.39,7.91,3.98,4,4,1,0,29.1,33.9,24.1,4.75,4,27.63157895,1.842105263,8.00188097,0.388240456,0.004340400412,No,No,Normal,Safe,Stable
2024-04-26 18:00:00,April,276.79,92.96,1,27.7,6.39,7.91,3.98,4,4,0,0,29.1,33.9,24.1,4.75,4,27.68421053,1.578947368,8.015928634,0.3878092012,0.000516342734,Yes,No,Normal,Safe,Stable
2024-04-26 19:00:00,April,276.79,92.96,1,27.7,6.39,7.91,3.98,4,4,0,0,29.1,33.9,24.1,4.75,4,27.73684211,1.315789474,8.029976299,0.3873779464,-0.003307714944,No,No,Normal,Safe,Stable
2024-04-26 20:00:00,April,276.79,92.96,1,27.7,6.39,7.91,3.98,4,4,0,0,29.1,33.9,24.1,4.75,4,27.78947368,1.052631579,8.044023963,0.3869466917,-0.007131772621,Yes,No,Normal,Safe,Stable
2024-04-26 21:00:00,April,276.79,92.96,1,27.7,6.39,7.91,3.98,4,4,0,0,29.1,33.9,24.1,4.75,4,27.84210526,0.7894736842,8.058071627,0.3865154369,-0.0109558303,No,No,Normal,Safe,Stable
2024-04-26 22:00:00,April,276.79,92.96,1,27.7,6.39,7.91,3.98,4,4,0,0,29.1,33.9,24.1,4.75,4,27.89473684,0.5263157895,8.072119291,0.3860841821,-0.01477988798,Yes,No,Normal,Safe,Stable
2024-04-26 23:00:00,April,276.79,92.96,1,27.7,6.39,7.91,3.98,4,4,0,0,29.1,33.9,24.1,4.75,4,27.94736842,0.2631578947,8.086166956,0.3856529273,-0.01860394565,No,No,Normal,Safe,Stable
2024-04-27 00:00:00,April,276.79,92.96,1,27.7,6.39,7.91,3.98,4,4,0,0,29.1,33.9,24.1,4.75,4,28,0,8.10021462,0.3852216726,-0.02242800333,Yes,No,Normal,Safe,Stable
2024-04-27 01:00:00,April,276.79,92.96,1,27.7,6.39,7.91,3.98,4,4,0,0,29.1,33.9,24.1,4.75,4,28,1,7.955756015,0.3631568586,0.4521863115,No,No,Normal,Safe,Stable
2024-04-27 02:00:00,April,276.79,92.96,1,27.7,6.39,7.91,3.98,4,4,0,0,29.1,33.9,24.1,4.75,4,28,2,8.064306067,0.9793329521,0.009904565861,Yes,No,Normal,Safe,Stable
2024-04-27 03:00:00,April,276.79,92.96,1,27.7,6.39,7.91,3.98,4,4,0,0,29.1,33.9,24.1,4.75,4,28,3,8.491848201,0.1669937063,0.8915992802,No,No,Normal,Safe,Stable
2024-04-27 04:00:00,April,276.79,92.96,1,27.7,6.39,7.91,3.98,4,4,0,0,29.1,33.9,24.1,4.75,4,28,4,7.83581693,0.9523803768,-0.004059684271,Yes,No,Normal,Safe,Stable
2024-04-27 05:00:00,April,276.79,92.96,1,27.7,6.39,7.91,3.98,4,4,0,0,29.1,33.9,24.1,4.75,4,28,5,8.227560537,0.4029922652,0.04080905569,No,No,Normal,Safe,Stable
2024-04-27 06:00:00,April,276.57,92.95955224,1,27.68358209,6.394328358,7.909701493,3.968208955,4.014925373,4.014925373,0,0,29.1,33.9,24.1,4.768059701,4.014925373,27.59701493,4.925373134,8.225007573,0.4031811164,0.04002738836,Yes,No,Normal,Safe,Stable
2024-04-27 07:00:00,April,276.35,92.95910448,1,27.66716418,6.398656716,7.909402985,3.95641791,4.029850746,4.029850746,0,1,29.1,33.9,24.1,4.786119403,4.029850746,27.19402985,4.850746269,8.222454608,0.4033699677,0.03924572104,No,No,Normal,Safe,Stable
2024-04-27 08:00:00,April,276.13,92.95865672,1,27.65074627,6.402985075,7.909104478,3.944626866,4.044776119,4.044776119,0,0,29.1,33.9,24.1,4.804179104,4.044776119,26.79104478,4.776119403,8.219901643,0.4035588189,0.03846405371,Yes,No,Normal,Safe,Stable
2024-04-27 09:00:00,April,275.91,92.95820896,1,27.63432836,6.407313433,7.90880597,3.932835821,4.059701493,4.059701493,0,0,29.1,33.9,24.1,4.822238806,4.059701493,26.3880597,4.701492537,8.217348678,0.4037476702,0.03768238639,No,No,Normal,Safe,Stable
2024-04-27 10:00:00,April,275.69,92.95776119,1,27.61791045,6.411641791,7.908507463,3.921044776,4.074626866,4.074626866,0,0,29.1,33.9,24.1,4.840298507,4.074626866,25.98507463,4.626865672,8.214795714,0.4039365214,0.03690071906,Yes,No,Normal,Safe,Stable
2024-04-27 11:00:00,April,275.47,92.95731343,1,27.60149254,6.415970149,7.908208955,3.909253731,4.089552239,4.089552239,0,0,29.1,33.9,24.1,4.858358209,4.089552239,25.58208955,4.552238806,8.212242749,0.4041253726,0.03611905173,No,No,Normal,Safe,Stable
2024-04-27 12:00:00,April,275.25,92.95686567,1,27.58507463,6.420298507,7.907910448,3.897462687,4.104477612,4.104477612,1,1,29.1,33.9,24.1,4.87641791,4.104477612,25.17910448,4.47761194,8.209689784,0.4043142239,0.03533738441,Yes,No,Normal,Safe,Stable
2024-04-27 13:00:00,April,275.03,92.95641791,1,27.56865672,6.424626866,7.90761194,3.885671642,4.119402985,4.119402985,0,0,29.1,33.9,24.1,4.894477612,4.119402985,24.7761194,4.402985075,8.207136819,0.4045030751,0.03455571708,No,No,Normal,Safe,Stable
2024-04-27 14:00:00,April,274.81,92.95597015,1,27.55223881,6.428955224,7.907313433,3.873880597,4.134328358,4.134328358,1,0,29.1,33.9,24.1,4.912537313,4.134328358,24.37313433,4.328358209,8.204583855,0.4046919264,0.03377404976,Yes,No,Normal,Safe,Stable
2024-04-27 15:00:00,April,274.59,92.95552239,1,27.5358209,6.433283582,7.907014925,3.862089552,4.149253731,4.149253731,0,0,29.1,33.9,24.1,4.930597015,4.149253731,23.97014925,4.253731343,8.20203089,0.4048807776,0.03299238243,No,No,Normal,Safe,Stable
2024-04-27 16:00:00,April,274.37,92.95507463,1,27.51940299,6.43761194,7.906716418,3.850298507,4.164179104,4.164179104,0,0,29.1,33.9,24.1,4.948656716,4.164179104,23.56716418,4.179104478,8.199477925,0.4050696288,0.0322107151,Yes,No,Normal,Safe,Stable
2024-04-27 17:00:00,April,274.15,92.95462687,1,27.50298507,6.441940299,7.90641791,3.838507463,4.179104478,4.179104478,0,0,29.1,33.9,24.1,4.966716418,4.179104478,23.1641791,4.104477612,8.196924961,0.4052584801,0.03142904778,No,No,Normal,Safe,Stable
2024-04-27 18:00:00,April,273.93,92.9541791,1,27.48656716,6.446268657,7.906119403,3.826716418,4.194029851,4.194029851,0,0,29.1,33.9,24.1,4.984776119,4.194029851,22.76119403,4.029850746,8.194371996,0.4054473313,0.03064738045,Yes,No,Normal,Safe,Stable
2024-04-27 19:00:00,April,273.71,92.95373134,1,27.47014925,6.450597015,7.905820896,3.814925373,4.208955224,4.208955224,0,0,29.1,33.9,24.1,5.002835821,4.208955224,22.35820896,3.955223881,8.191819031,0.4056361826,0.02986571313,No,No,Normal,Safe,Stable
2024-04-27 20:00:00,April,273.49,92.95328358,1,27.45373134,6.454925373,7.905522388,3.803134328,4.223880597,4.223880597,1,0,29.1,33.9,24.1,5.020895522,4.223880597,21.95522388,3.880597015,8.189266066,0.4058250338,0.0290840458,Yes,No,Normal,Safe,Stable
2024-04-27 21:00:00,April,273.27,92.95283582,1,27.43731343,6.459253731,7.905223881,3.791343284,4.23880597,4.23880597,1,0,29.1,33.9,24.1,5.038955224,4.23880597,21.55223881,3.805970149,8.186713102,0.406013885,0.02830237848,No,No,Normal,Safe,Stable
2024-04-27 22:00:00,April,273.05,92.95238806,1,27.42089552,6.46358209,7.904925373,3.779552239,4.253731343,4.253731343,0,0,29.1,33.9,24.1,5.057014925,4.253731343,21.14925373,3.731343284,8.184160137,0.4062027363,0.02752071115,Yes,No,Normal,Safe,Stable
2024-04-27 23:00:00,April,272.83,92.9519403,1,27.40447761,6.467910448,7.904626866,3.767761194,4.268656716,4.268656716,0,1,29.1,33.9,24.1,5.075074627,4.268656716,20.74626866,3.656716418,8.181607172,0.4063915875,0.02673904382,No,No,Normal,Safe,Stable
2024-04-28 00:00:00,April,272.61,92.95149254,1,27.3880597,6.472238806,7.904328358,3.755970149,4.28358209,4.28358209,1,0,29.1,33.9,24.1,5.093134328,4.28358209,20.34328358,3.582089552,8.179054207,0.4065804388,0.0259573765,Yes,No,Normal,Safe,Stable
2024-04-28 01:00:00,April,272.39,92.95104478,1,27.37164179,6.476567164,7.904029851,3.744179104,4.298507463,4.298507463,0,0,29.1,33.9,24.1,5.11119403,4.298507463,19.94029851,3.507462687,8.176501243,0.40676929,0.02517570917,No,No,Normal,Safe,Stable
2024-04-28 02:00:00,April,272.17,92.95059701,1,27.35522388,6.480895522,7.903731343,3.73238806,4.313432836,4.313432836,0,1,29.1,33.9,24.1,5.129253731,4.313432836,19.53731343,3.432835821,8.173948278,0.4069581412,0.02439404185,Yes,No,Normal,Safe,Stable
2024-04-28 03:00:00,April,271.95,92.95014925,1,27.33880597,6.485223881,7.903432836,3.720597015,4.328358209,4.328358209,0,0,29.1,33.9,24.1,5.147313433,4.328358209,19.13432836,3.358208955,8.171395313,0.4071469925,0.02361237452,No,No,Normal,Safe,Stable
2024-04-28 04:00:00,April,271.73,92.94970149,1,27.32238806,6.489552239,7.903134328,3.70880597,4.343283582,4.343283582,0,0,29.1,33.9,24.1,5.165373134,4.343283582,18.73134328,3.28358209,8.168842348,0.4073358437,0.02283070719,Yes,No,Normal,Safe,Stable
2024-04-28 05:00:00,April,271.51,92.94925373,1,27.30597015,6.493880597,7.902835821,3.697014925,4.358208955,4.358208955,1,1,29.1,33.9,24.1,5.183432836,4.358208955,18.32835821,3.208955224,8.166289384,0.407524695,0.02204903987,No,No,Normal,Safe,Stable
2024-04-28 06:00:00,April,271.29,92.94880597,1,27.28955224,6.498208955,7.902537313,3.685223881,4.373134328,4.373134328,0,0,29.1,33.9,24.1,5.201492537,4.373134328,17.92537313,3.134328358,8.163736419,0.4077135462,0.02126737254,Yes,No,Normal,Safe,Stable
2024-04-28 07:00:00,April,271.07,92.94835821,1,27.27313433,6.502537313,7.902238806,3.673432836,4.388059701,4.388059701,1,0,29.1,33.9,24.1,5.219552239,4.388059701,17.52238806,3.059701493,8.161183454,0.4079023974,0.02048570522,No,No,Normal,Safe,Stable
2024-04-28 08:00:00,April,270.85,92.94791045,1,27.25671642,6.506865672,7.901940299,3.661641791,4.402985075,4.402985075,0,0,29.1,33.9,24.1,5.23761194,4.402985075,17.11940299,2.985074627,8.158630489,0.4080912487,0.01970403789,Yes,No,Normal,Safe,Stable
2024-04-28 09:00:00,April,270.63,92.94746269,1,27.24029851,6.51119403,7.901641791,3.649850746,4.417910448,4.417910448,0,0,29.1,33.9,24.1,5.255671642,4.417910448,16.71641791,2.910447761,8.156077525,0.4082800999,0.01892237057,No,No,Normal,Safe,Stable
2024-04-28 10:00:00,April,270.41,92.94701493,1,27.2238806,6.515522388,7.901343284,3.638059701,4.432835821,4.432835821,0,0,29.1,33.9,24.1,5.273731343,4.432835821,16.31343284,2.835820896,8.15352456,0.4084689512,0.01814070324,Yes,No,Normal,Safe,Stable
2024-04-28 11:00:00,April,270.19,92.94656716,1,27.20746269,6.519850746,7.901044776,3.626268657,4.447761194,4.447761194,0,0,29.1,33.9,24.1,5.291791045,4.447761194,15.91044776,2.76119403,8.150971595,0.4086578024,0.01735903591,No,No,Normal,Safe,Stable
2024-04-28 12:00:00,April,269.97,92.9461194,1,27.19104478,6.524179104,7.900746269,3.614477612,4.462686567,4.462686567,1,0,29.1,33.9,24.1,5.309850746,4.462686567,15.50746269,2.686567164,8.14841863,0.4088466536,0.01657736859,Yes,No,Normal,Safe,Stable
2024-04-28 13:00:00,April,269.75,92.94567164,1,27.17462687,6.528507463,7.900447761,3.602686567,4.47761194,4.47761194,0,1,29.1,33.9,24.1,5.327910448,4.47761194,15.10447761,2.611940299,8.145865666,0.4090355049,0.01579570126,No,No,Normal,Safe,Stable
2024-04-28 14:00:00,April,269.53,92.94522388,1,27.15820896,6.532835821,7.900149254,3.590895522,4.492537313,4.492537313,0,0,29.1,33.9,24.1,5.345970149,4.492537313,14.70149254,2.537313433,8.143312701,0.4092243561,0.01501403394,Yes,No,Normal,Safe,Stable
2024-04-28 15:00:00,April,269.31,92.94477612,1,27.14179104,6.537164179,7.899850746,3.579104478,4.507462687,4.507462687,0,0,29.1,33.9,24.1,5.364029851,4.507462687,14.29850746,2.462686567,8.140759736,0.4094132074,0.01423236661,No,No,Normal,Safe,Stable
2024-04-28 16:00:00,April,269.09,92.94432836,1,27.12537313,6.541492537,7.899552239,3.567313433,4.52238806,4.52238806,0,0,29.1,33.9,24.1,5.382089552,4.52238806,13.89552239,2.388059701,8.138206772,0.4096020586,0.01345069928,Yes,No,Normal,Safe,Stable
2024-04-28 17:00:00,April,268.87,92.9438806,1,27.10895522,6.545820896,7.899253731,3.555522388,4.537313433,4.537313433,0,0,29.1,33.9,24.1,5.400149254,4.537313433,13.49253731,2.313432836,8.135653807,0.4097909098,0.01266903196,No,No,Normal,Safe,Stable
2024-04-28 18:00:00,April,268.65,92.94343284,1,27.09253731,6.550149254,7.898955224,3.543731343,4.552238806,4.552238806,0,0,29.1,33.9,24.1,5.418208955,4.552238806,13.08955224,2.23880597,8.133100842,0.4099797611,0.01188736463,Yes,No,Normal,Safe,Stable
2024-04-28 19:00:00,April,268.43,92.94298507,1,27.0761194,6.554477612,7.898656716,3.531940299,4.567164179,4.567164179,1,0,29.1,33.9,24.1,5.436268657,4.567164179,12.68656716,2.164179104,8.130547877,0.4101686123,0.01110569731,No,No,Normal,Safe,Stable
2024-04-28 20:00:00,April,268.21,92.94253731,1,27.05970149,6.55880597,7.898358209,3.520149254,4.582089552,4.582089552,0,0,29.1,33.9,24.1,5.454328358,4.582089552,12.28358209,2.089552239,8.127994913,0.4103574636,0.01032402998,Yes,No,Normal,Safe,Stable
2024-04-28 21:00:00,April,267.99,92.94208955,1,27.04328358,6.563134328,7.898059701,3.508358209,4.597014925,4.597014925,1,0,29.1,33.9,24.1,5.47238806,4.597014925,11.88059701,2.014925373,8.125441948,0.4105463148,0.009542362655,No,No,Normal,Safe,Stable
2024-04-28 22:00:00,April,267.77,92.94164179,1,27.02686567,6.567462687,7.897761194,3.496567164,4.611940299,4.611940299,0,0,29.1,33.9,24.1,5.490447761,4.611940299,11.47761194,1.940298507,8.122888983,0.410735166,0.00876069533,Yes,No,Normal,Safe,Stable
2024-04-28 23:00:00,April,267.55,92.94119403,1,27.01044776,6.571791045,7.897462687,3.484776119,4.626865672,4.626865672,0,0,29.1,33.9,24.1,5.508507463,4.626865672,11.07462687,1.865671642,8.120336018,0.4109240173,0.007979028004,No,No,Normal,Safe,Stable
2024-04-29 00:00:00,April,267.33,92.94074627,1,26.99402985,6.576119403,7.897164179,3.472985075,4.641791045,4.641791045,0,0,29.1,33.9,24.1,5.526567164,4.641791045,10.67164179,1.791044776,8.117783054,0.4111128685,0.007197360678,Yes,No,Normal,Safe,Stable
2024-04-29 01:00:00,April,267.11,92.94029851,1,26.97761194,6.580447761,7.896865672,3.46119403,4.656716418,4.656716418,1,0,29.1,33.9,24.1,5.544626866,4.656716418,10.26865672,1.71641791,8.115230089,0.4113017198,0.006415693352,No,No,Normal,Safe,Stable
2024-04-29 02:00:00,April,266.89,92.93985075,1,26.96119403,6.584776119,7.896567164,3.449402985,4.671641791,4.671641791,1,0,29.1,33.9,24.1,5.562686567,4.671641791,9.865671642,1.641791045,8.112677124,0.411490571,0.005634026026,Yes,No,Normal,Safe,Stable
2024-04-29 03:00:00,April,266.67,92.93940299,1,26.94477612,6.589104478,7.896268657,3.43761194,4.686567164,4.686567164,0,0,29.1,33.9,24.1,5.580746269,4.686567164,9.462686567,1.567164179,8.110124159,0.4116794222,0.0048523587,No,No,Normal,Safe,Stable
2024-04-29 04:00:00,April,266.45,92.93895522,1,26.92835821,6.593432836,7.895970149,3.425820896,4.701492537,4.701492537,0,0,29.1,33.9,24.1,5.59880597,4.701492537,9.059701493,1.492537313,8.107571195,0.4118682735,0.004070691375,Yes,No,Normal,Safe,Stable
2024-04-29 05:00:00,April,266.23,92.93850746,1,26.9119403,6.597761194,7.895671642,3.414029851,4.71641791,4.71641791,0,1,29.1,33.9,24.1,5.616865672,4.71641791,8.656716418,1.417910448,8.10501823,0.4120571247,0.003289024049,No,No,Normal,Safe,Stable
2024-04-29 06:00:00,April,266.01,92.9380597,1,26.89552239,6.602089552,7.895373134,3.402238806,4.731343284,4.731343284,0,1,29.1,33.9,24.1,5.634925373,4.731343284,8.253731343,1.343283582,8.102465265,0.412245976,0.002507356723,Yes,No,Normal,Safe,Stable
2024-04-29 07:00:00,April,265.79,92.93761194,1,26.87910448,6.60641791,7.895074627,3.390447761,4.746268657,4.746268657,0,0,29.1,33.9,24.1,5.652985075,4.746268657,7.850746269,1.268656716,8.0999123,0.4124348272,0.001725689397,No,No,Normal,Safe,Stable
2024-04-29 08:00:00,April,265.57,92.93716418,1,26.86268657,6.610746269,7.894776119,3.378656716,4.76119403,4.76119403,0,0,29.1,33.9,24.1,5.671044776,4.76119403,7.447761194,1.194029851,8.097359336,0.4126236784,0.0009440220712,Yes,No,Normal,Safe,Stable
2024-04-29 09:00:00,April,265.35,92.93671642,1,26.84626866,6.615074627,7.894477612,3.366865672,4.776119403,4.776119403,0,0,29.1,33.9,24.1,5.689104478,4.776119403,7.044776119,1.119402985,8.094806371,0.4128125297,0.0001623547454,No,No,Normal,Safe,Stable
2024-04-29 10:00:00,April,265.13,92.93626866,1,26.82985075,6.619402985,7.894179104,3.355074627,4.791044776,4.791044776,0,0,29.1,33.9,24.1,5.707164179,4.791044776,6.641791045,1.044776119,8.092253406,0.4130013809,-0.0006193125805,Yes,No,Normal,Safe,Stable
2024-04-29 11:00:00,April,264.91,92.9358209,1,26.81343284,6.623731343,7.893880597,3.343283582,4.805970149,4.805970149,0,0,29.1,33.9,24.1,5.725223881,4.805970149,6.23880597,0.9701492537,8.089700441,0.4131902322,-0.001400979906,No,No,Normal,Safe,Stable
2024-04-29 12:00:00,April,264.69,92.93537313,1,26.79701493,6.628059701,7.89358209,3.331492537,4.820895522,4.820895522,0,0,29.1,33.9,24.1,5.743283582,4.820895522,5.835820896,0.8955223881,8.087147477,0.4133790834,-0.002182647232,Yes,No,Normal,Safe,Stable
2024-04-29 13:00:00,April,264.47,92.93492537,1,26.78059701,6.63238806,7.893283582,3.319701493,4.835820896,4.835820896,0,0,29.1,33.9,24.1,5.761343284,4.835820896,5.432835821,0.8208955224,8.084594512,0.4135679346,-0.002964314558,No,No,Normal,Safe,Stable
2024-04-29 14:00:00,April,264.25,92.93447761,1,26.7641791,6.636716418,7.892985075,3.307910448,4.850746269,4.850746269,0,0,29.1,33.9,24.1,5.779402985,4.850746269,5.029850746,0.7462686567,8.082041547,0.4137567859,-0.003745981884,Yes,No,Normal,Safe,Stable
2024-04-29 15:00:00,April,264.03,92.93402985,1,26.74776119,6.641044776,7.892686567,3.296119403,4.865671642,4.865671642,0,0,29.1,33.9,24.1,5.797462687,4.865671642,4.626865672,0.671641791,8.079488582,0.4139456371,-0.00452764921,No,No,Normal,Safe,Stable
2024-04-29 16:00:00,April,263.81,92.93358209,1,26.73134328,6.645373134,7.89238806,3.284328358,4.880597015,4.880597015,0,0,29.1,33.9,24.1,5.815522388,4.880597015,4.223880597,0.5970149254,8.076935618,0.4141344884,-0.005309316535,Yes,No,Normal,Safe,Stable
2024-04-29 17:00:00,April,263.59,92.93313433,1,26.71492537,6.649701493,7.892089552,3.272537313,4.895522388,4.895522388,1,0,29.1,33.9,24.1,5.83358209,4.895522388,3.820895522,0.5223880597,8.074382653,0.4143233396,-0.006090983861,No,No,Normal,Safe,Stable
2024-04-29 18:00:00,April,263.37,92.93268657,1,26.69850746,6.654029851,7.891791045,3.260746269,4.910447761,4.910447761,0,0,29.1,33.9,24.1,5.851641791,4.910447761,3.417910448,0.447761194,8.071829688,0.4145121908,-0.006872651187,Yes,No,Normal,Safe,Stable
2024-04-29 19:00:00,April,263.15,92.93223881,1,26.68208955,6.658358209,7.891492537,3.248955224,4.925373134,4.925373134,0,0,29.1,33.9,24.1,5.869701493,4.925373134,3.014925373,0.3731343284,8.069276724,0.4147010421,-0.007654318513,No,No,Normal,Safe,Stable
2024-04-29 20:00:00,April,262.93,92.93179104,1,26.66567164,6.662686567,7.89119403,3.237164179,4.940298507,4.940298507,1,0,29.1,33.9,24.1,5.887761194,4.940298507,2.611940299,0.2985074627,8.066723759,0.4148898933,-0.008435985839,Yes,No,Normal,Safe,Stable
2024-04-29 21:00:00,April,262.71,92.93134328,1,26.64925373,6.667014925,7.890895522,3.225373134,4.955223881,4.955223881,0,0,29.1,33.9,24.1,5.905820896,4.955223881,2.208955224,0.223880597,8.064170794,0.4150787446,-0.009217653165,No,No,Normal,Safe,Stable
2024-04-29 22:00:00,April,262.49,92.93089552,1,26.63283582,6.671343284,7.890597015,3.21358209,4.970149254,4.970149254,0,0,29.1,33.9,24.1,5.923880597,4.970149254,1.805970149,0.1492537313,8.061617829,0.4152675958,-0.00999932049,Yes,No,Normal,Safe,Stable
2024-04-29 23:00:00,April,262.27,92.93044776,1,26.61641791,6.675671642,7.890298507,3.201791045,4.985074627,4.985074627,0,0,29.1,33.9,24.1,5.941940299,4.985074627,1.402985075,0.07462686567,8.059064865,0.415456447,-0.01078098782,No,No,Normal,Safe,Stable
2024-04-30 00:00:00,May,262.05,92.93,1,26.6,6.68,7.89,3.19,5,5,1,0,29.1,33.9,24.1,5.96,5,1,0,8.0565119,0.4156452983,-0.01156265514,Yes,Yes,Normal,Safe,Stable
2024-04-30 01:00:00,May,262.05,92.93,1,26.6,6.68,7.89,3.19,5,5,0,0,29.1,33.9,24.1,5.96,5,1,1,8.144956417,0.3139276713,0.1166193243,No,No,Normal,Safe,Stable
2024-04-30 02:00:00,May,262.05,92.93,1,26.6,6.68,7.89,3.19,5,5,0,0,29.1,33.9,24.1,5.96,5,1,2,8.237350535,0.3333889623,0.4452633809,Yes,No,Normal,Safe,Stable
2024-04-30 03:00:00,May,262.05,92.93,1,26.6,6.68,7.89,3.19,5,5,0,0,29.1,33.9,24.1,5.96,5,1,3,7.789159975,0.9309707199,-0.004990127322,No,No,Normal,Safe,Stable
2024-04-30 04:00:00,May,262.05,92.93,1,26.6,6.68,7.89,3.19,5,5,0,1,29.1,33.9,24.1,5.96,5,1,4,7.911274494,0.2243483799,0.9340218148,Yes,No,Normal,Safe,Stable
2024-04-30 05:00:00,May,262.05,92.93,1,26.6,6.68,7.89,3.19,5,5,0,0,29.1,33.9,24.1,5.96,5,1,5,8.107996345,0.3843397005,0.001966262947,No,No,Normal,Safe,Stable
2024-04-30 06:00:00,May,262.05,92.93,1,26.6,6.68,7.89,3.19,5,5,0,0,29.1,33.9,24.1,5.96,5,1.052631579,4.736842105,8.117520153,0.3856945473,0.001133718349,Yes,Yes,Normal,Safe,Stable
2024-04-30 07:00:00,May,262.05,92.93,1,26.6,6.68,7.89,3.19,5,5,0,0,29.1,33.9,24.1,5.96,5,1.105263158,4.473684211,8.127043961,0.3870493941,0.0003011737511,No,No,Normal,Safe,Stable
2024-04-30 08:00:00,May,262.05,92.93,1,26.6,6.68,7.89,3.19,5,5,0,0,29.1,33.9,24.1,5.96,5,1.157894737,4.210526316,8.136567768,0.3884042409,-0.0005313708467,Yes,No,Normal,Safe,Stable
2024-04-30 09:00:00,May,262.05,92.93,1,26.6,6.68,7.89,3.19,5,5,1,0,29.1,33.9,24.1,5.96,5,1.210526316,3.947368421,8.146091576,0.3897590877,-0.001363915445,No,No,Normal,Safe,Stable
2024-04-30 10:00:00,May,262.05,92.93,1,26.6,6.68,7.89,3.19,5,5,0,0,29.1,33.9,24.1,5.96,5,1.263157895,3.684210526,8.155615384,0.3911139345,-0.002196460042,Yes,No,Normal,Safe,Stable
2024-04-30 11:00:00,May,262.05,92.93,1,26.6,6.68,7.89,3.19,5,5,0,0,29.1,33.9,24.1,5.96,5,1.315789474,3.421052632,8.165139192,0.3924687813,-0.00302900464,No,No,Normal,Safe,Stable
2024-04-30 12:00:00,May,262.05,92.93,1,26.6,6.68,7.89,3.19,5,5,0,0,29.1,33.9,24.1,5.96,5,1.368421053,3.157894737,8.174663,0.3938236281,-0.003861549238,Yes,Yes,Normal,Safe,Stable
2024-04-30 13:00:00,May,262.05,92.93,1,26.6,6.68,7.89,3.19,5,5,1,0,29.1,33.9,24.1,5.96,5,1.421052632,2.894736842,8.184186808,0.3951784749,-0.004694093836,No,No,Normal,Safe,Stable
2024-04-30 14:00:00,May,262.05,92.93,1,26.6,6.68,7.89,3.19,5,5,0,0,29.1,33.9,24.1,5.96,5,1.473684211,2.631578947,8.193710615,0.3965333217,-0.005526638434,Yes,No,Normal,Safe,Stable
2024-04-30 15:00:00,May,262.05,92.93,1,26.6,6.68,7.89,3.19,5,5,0,0,29.1,33.9,24.1,5.96,5,1.526315789,2.368421053,8.203234423,0.3978881685,-0.006359183031,No,No,Normal,Safe,Stable
2024-04-30 16:00:00,May,262.05,92.93,1,26.6,6.68,7.89,3.19,5,5,0,0,29.1,33.9,24.1,5.96,5,1.578947368,2.105263158,8.212758231,0.3992430153,-0.007191727629,Yes,No,Normal,Safe,Stable
2024-04-30 17:00:00,May,262.05,92.93,1,26.6,6.68,7.89,3.19,5,5,1,1,29.1,33.9,24.1,5.96,5,1.631578947,1.842105263,8.222282039,0.4005978621,-0.008024272227,No,No,Normal,Safe,Stable
2024-04-30 18:00:00,May,262.05,92.93,1,26.6,6.68,7.89,3.19,5,5,0,1,29.1,33.9,24.1,5.96,5,1.684210526,1.578947368,8.231805847,0.4019527089,-0.008856816825,Yes,Yes,Normal,Safe,Stable
2024-04-30 19:00:00,May,262.05,92.93,1,26.6,6.68,7.89,3.19,5,5,1,1,29.1,33.9,24.1,5.96,5,1.736842105,1.315789474,8.241329655,0.4033075557,-0.009689361423,No,No,Normal,Safe,Stable
2024-04-30 20:00:00,May,262.05,92.93,1,26.6,6.68,7.89,3.19,5,5,0,0,29.1,33.9,24.1,5.96,5,1.789473684,1.052631579,8.250853462,0.4046624025,-0.01052190602,Yes,No,Normal,Safe,Stable
2024-04-30 21:00:00,May,262.05,92.93,1,26.6,6.68,7.89,3.19,5,5,1,0,29.1,33.9,24.1,5.96,5,1.842105263,0.7894736842,8.26037727,0.4060172493,-0.01135445062,No,No,Normal,Safe,Stable
2024-04-30 22:00:00,May,262.05,92.93,1,26.6,6.68,7.89,3.19,5,5,0,0,29.1,33.9,24.1,5.96,5,1.894736842,0.5263157895,8.269901078,0.4073720961,-0.01218699522,Yes,No,Normal,Safe,Stable
2024-04-30 23:00:00,May,262.05,92.93,1,26.6,6.68,7.89,3.19,5,5,0,0,29.1,33.9,24.1,5.96,5,1.947368421,0.2631578947,8.279424886,0.4087269429,-0.01301953981,No,No,Normal,Safe,Stable
2024-05-01 00:00:00,May,262.05,92.93,1,26.6,6.68,7.89,3.19,5,5,0,4,29.1,33.9,24.1,5.96,5,2,0,8.288948694,0.4100817898,-0.01385208441,Yes,Yes,Normal,Safe,Stable
2024-05-01 01:00:00,May,262.05,92.93,1,26.6,6.68,7.89,3.19,5,5,0,1,29.1,33.9,24.1,5.96,5,2,1,8.565808854,0.3367082988,0.12597593,No,No,Normal,Safe,Stable
2024-05-01 02:00:00,May,262.05,92.93,1,26.6,6.68,7.89,3.19,5,5,0,1,29.1,33.9,24.1,5.96,5,2,2,7.868865987,0.9909398948,-0.01335298456,Yes,No,Normal,Safe,Stable
2024-05-01 03:00:00,May,262.05,92.93,1,26.6,6.68,7.89,3.19,5,5,0,4,29.1,33.9,24.1,5.96,5,2,3,8.275217078,0.5225851866,0.01117234266,No,No,Normal,Safe,Stable
2024-05-01 04:00:00,May,262.05,92.93,1,26.6,6.68,7.89,3.19,5,5,0,5,29.1,33.9,24.1,5.96,5,2,4,8.225876052,0.313495088,0.9290051838,Yes,No,Normal,Safe,Stable
2024-05-01 05:00:00,May,262.05,92.93,1,26.6,6.68,7.89,3.19,5,5,1,6,29.1,33.9,24.1,5.96,5,2,5,8.547898491,0.4036037349,0.0016629719,No,No,Normal,Safe,Stable
2024-05-01 06:00:00,May,262.05,92.93,1,26.6,6.68,7.89,3.19,5,5,0,5,29.1,33.9,24.1,5.96,5,2.052631579,4.736842105,8.508924789,0.4044761933,0.004461674484,Yes,Yes,Normal,Safe,Stable
2024-05-01 07:00:00,May,262.05,92.93,1,26.6,6.68,7.89,3.19,5,5,0,4,29.1,33.9,24.1,5.96,5,2.105263158,4.473684211,8.469951088,0.4053486516,0.007260377069,No,No,Normal,Safe,Stable
2024-05-01 08:00:00,May,262.05,92.93,1,26.6,6.68,7.89,3.19,5,5,0,5,29.1,33.9,24.1,5.96,5,2.157894737,4.210526316,8.430977387,0.40622111,0.01005907965,Yes,No,Normal,Safe,Stable
2024-05-01 09:00:00,May,262.05,92.93,1,26.6,6.68,7.89,3.19,5,5,1,2,29.1,33.9,24.1,5.96,5,2.210526316,3.947368421,8.392003685,0.4070935684,0.01285778224,No,No,Normal,Safe,Stable
2024-05-01 10:00:00,May,262.05,92.93,1,26.6,6.68,7.89,3.19,5,5,0,5,29.1,33.9,24.1,5.96,5,2.263157895,3.684210526,8.353029984,0.4079660267,0.01565648482,Yes,No,Normal,Safe,Stable
2024-05-01 11:00:00,May,262.05,92.93,1,26.6,6.68,7.89,3.19,5,5,0,4,29.1,33.9,24.1,5.96,5,2.315789474,3.421052632,8.314056283,0.4088384851,0.01845518741,No,No,Normal,Safe,Stable
2024-05-01 12:00:00,May,262.05,92.93,1,26.6,6.68,7.89,3.19,5,5,0,2,29.1,33.9,24.1,5.96,5,2.368421053,3.157894737,8.275082582,0.4097109435,0.02125388999,Yes,Yes,Normal,Safe,Stable
2024-05-01 13:00:00,May,262.05,92.93,1,26.6,6.68,7.89,3.19,5,5,1,4,29.1,33.9,24.1,5.96,5,2.421052632,2.894736842,8.23610888,0.4105834018,0.02405259258,No,No,Normal,Safe,Stable
2024-05-01 14:00:00,May,262.05,92.93,1,26.6,6.68,7.89,3.19,5,5,0,5,29.1,33.9,24.1,5.96,5,2.473684211,2.631578947,8.197135179,0.4114558602,0.02685129516,Yes,No,Normal,Safe,Stable
2024-05-01 15:00:00,May,262.05,92.93,1,26.6,6.68,7.89,3.19,5,5,0,2,29.1,33.9,24.1,5.96,5,2.526315789,2.368421053,8.158161478,0.4123283186,0.02964999775,No,No,Normal,Safe,Stable
2024-05-01 16:00:00,May,262.05,92.93,1,26.6,6.68,7.89,3.19,5,5,1,5,29.1,33.9,24.1,5.96,5,2.578947368,2.105263158,8.119187776,0.4132007769,0.03244870033,Yes,No,Normal,Safe,Stable
2024-05-01 17:00:00,May,262.05,92.93,1,26.6,6.68,7.89,3.19,5,5,0,5,29.1,33.9,24.1,5.96,5,2.631578947,1.842105263,8.080214075,0.4140732353,0.03524740292,No,No,Normal,Safe,Stable
2024-05-01 18:00:00,May,262.05,92.93,1,26.6,6.68,7.89,3.19,5,5,0,5,29.1,33.9,24.1,5.96,5,2.684210526,1.578947368,8.041240374,0.4149456937,0.0380461055,Yes,Yes,Normal,Safe,Stable
2024-05-01 19:00:00,May,262.05,92.93,1,26.6,6.68,7.89,3.19,5,5,0,4,29.1,33.9,24.1,5.96,5,2.736842105,1.315789474,8.002266672,0.415818152,0.04084480809,No,No,Normal,Safe,Stable
2024-05-01 20:00:00,May,262.05,92.93,1,26.6,6.68,7.89,3.19,5,5,1,2,29.1,33.9,24.1,5.96,5,2.789473684,1.052631579,7.963292971,0.4166906104,0.04364351067,Yes,No,Normal,Safe,Stable
2024-05-01 21:00:00,May,262.05,92.93,1,26.6,6.68,7.89,3.19,5,5,0,4,29.1,33.9,24.1,5.96,5,2.842105263,0.7894736842,7.92431927,0.4175630688,0.04644221326,No,No,Normal,Safe,Stable
2024-05-01 22:00:00,May,262.05,92.93,1,26.6,6.68,7.89,3.19,5,5,0,2,29.1,33.9,24.1,5.96,5,2.894736842,0.5263157895,7.885345568,0.4184355271,0.04924091584,Yes,No,Normal,Safe,Stable
2024-05-01 23:00:00,May,262.05,92.93,1,26.6,6.68,7.89,3.19,5,5,0,4,29.1,33.9,24.1,5.96,5,2.947368421,0.2631578947,7.846371867,0.4193079855,0.05203961843,No,No,Normal,Safe,Stable
2024-05-02 00:00:00,May,262.05,92.93,1,26.6,6.68,7.89,3.19,5,5,1,4,29.1,33.9,24.1,5.96,5,3,0,7.807398166,0.4201804439,0.05483832101,Yes,Yes,Normal,Safe,Stable
2024-05-02 01:00:00,May,262.05,92.93,1,26.6,6.68,7.89,3.19,5,5,1,4,29.1,33.9,24.1,5.96,5,3,1,8.482021094,0.3308388731,0.1404978621,No,No,Normal,Safe,Stable
2024-05-02 02:00:00,May,262.05,92.93,1,26.6,6.68,7.89,3.19,5,5,0,2,29.1,33.9,24.1,5.96,5,3,2,8.362192118,0.9637664948,-0.02128848664,Yes,No,Normal,Safe,Stable
2024-05-02 03:00:00,May,262.05,92.93,1,26.6,6.68,7.89,3.19,5,5,0,2,29.1,33.9,24.1,5.96,5,3,3,8.375562943,0.183636791,0.9408239992,No,No,Normal,Safe,Stable
2024-05-02 04:00:00,May,262.05,92.93,1,26.6,6.68,7.89,3.19,5,5,0,6,29.1,33.9,24.1,5.96,5,3,4,8.32740564,0.303697628,0.8306011597,Yes,No,Normal,Safe,Stable
2024-05-02 05:00:00,May,262.05,92.93,1,26.6,6.68,7.89,3.19,5,5,1,4,29.1,33.9,24.1,5.96,5,3,5,8.242882927,0.4047525064,0.02550017032,No,No,Normal,Safe,Stable
2024-05-02 06:00:00,May,262.05,92.93,1,26.6,6.68,7.89,3.19,5,5,0,5,29.1,33.9,24.1,5.96,5,3.052631579,4.736842105,8.222557423,0.435387699,0.02464917373,Yes,Yes,Normal,Safe,Stable
2024-05-02 07:00:00,May,262.05,92.93,1,26.6,6.68,7.89,3.19,5,5,1,5,29.1,33.9,24.1,5.96,5,3.105263158,4.473684211,8.20223192,0.4660228916,0.02379817715,No,No,Normal,Safe,Stable
2024-05-02 08:00:00,May,262.05,92.93,1,26.6,6.68,7.89,3.19,5,5,0,2,29.1,33.9,24.1,5.96,5,3.157894737,4.210526316,8.181906417,0.4966580842,0.02294718057,Yes,No,Normal,Safe,Stable
2024-05-02 09:00:00,May,262.05,92.93,1,26.6,6.68,7.89,3.19,5,5,0,4,29.1,33.9,24.1,5.96,5,3.210526316,3.947368421,8.161580914,0.5272932769,0.02209618398,No,No,Normal,Safe,Stable
2024-05-02 10:00:00,May,262.05,92.93,1,26.6,6.68,7.89,3.19,5,5,0,6,29.1,33.9,24.1,5.96,5,3.263157895,3.684210526,8.141255411,0.5579284695,0.0212451874,Yes,No,Normal,Safe,Stable
2024-05-02 11:00:00,May,262.05,92.93,1,26.6,6.68,7.89,3.19,5,5,0,1,29.1,33.9,24.1,5.96,5,3.315789474,3.421052632,8.120929907,0.5885636621,0.02039419081,No,No,Normal,Safe,Stable
2024-05-02 12:00:00,May,262.05,92.93,1,26.6,6.68,7.89,3.19,5,5,1,5,29.1,33.9,24.1,5.96,5,3.368421053,3.157894737,8.100604404,0.6191988547,0.01954319423,Yes,Yes,Normal,Safe,Stable
2024-05-02 13:00:00,May,262.05,92.93,1,26.6,6.68,7.89,3.19,5,5,0,6,29.1,33.9,24.1,5.96,5,3.421052632,2.894736842,8.080278901,0.6498340474,0.01869219765,No,No,Normal,Safe,Stable
2024-05-02 14:00:00,May,262.05,92.93,1,26.6,6.68,7.89,3.19,5,5,0,5,29.1,33.9,24.1,5.96,5,3.473684211,2.631578947,8.059953398,0.68046924,0.01784120106,Yes,No,Normal,Safe,Stable
2024-05-02 15:00:00,May,262.05,92.93,1,26.6,6.68,7.89,3.19,5,5,0,5,29.1,33.9,24.1,5.96,5,3.526315789,2.368421053,8.039627895,0.7111044326,0.01699020448,No,No,Normal,Safe,Stable
2024-05-02 16:00:00,May,262.05,92.93,1,26.6,6.68,7.89,3.19,5,5,1,2,29.1,33.9,24.1,5.96,5,3.578947368,2.105263158,8.019302391,0.7417396252,0.0161392079,Yes,No,Normal,Safe,Stable
2024-05-02 17:00:00,May,262.05,92.93,1,26.6,6.68,7.89,3.19,5,5,0,5,29.1,33.9,24.1,5.96,5,3.631578947,1.842105263,7.998976888,0.7723748178,0.01528821131,No,No,Normal,Safe,Stable
2024-05-02 18:00:00,May,262.05,92.93,1,26.6,6.68,7.89,3.19,5,5,0,6,29.1,33.9,24.1,5.96,5,3.684210526,1.578947368,7.978651385,0.8030100105,0.01443721473,Yes,Yes,Normal,Safe,Stable
2024-05-02 19:00:00,May,262.05,92.93,1,26.6,6.68,7.89,3.19,5,5,0,4,29.1,33.9,24.1,5.96,5,3.736842105,1.315789474,7.958325882,0.8336452031,0.01358621814,No,No,Normal,Safe,Stable
2024-05-02 20:00:00,May,262.05,92.93,1,26.6,6.68,7.89,3.19,5,5,0,5,29.1,33.9,24.1,5.96,5,3.789473684,1.052631579,7.938000379,0.8642803957,0.01273522156,Yes,No,Normal,Safe,Stable
2024-05-02 21:00:00,May,262.05,92.93,1,26.6,6.68,7.89,3.19,5,5,0,2,29.1,33.9,24.1,5.96,5,3.842105263,0.7894736842,7.917674876,0.8949155883,0.01188422498,No,No,Normal,Safe,Stable
2024-05-02 22:00:00,May,262.05,92.93,1,26.6,6.68,7.89,3.19,5,5,0,2,29.1,33.9,24.1,5.96,5,3.894736842,0.5263157895,7.897349372,0.925550781,0.01103322839,Yes,No,Normal,Safe,Stable
2024-05-02 23:00:00,May,262.05,92.93,1,26.6,6.68,7.89,3.19,5,5,0,4,29.1,33.9,24.1,5.96,5,3.947368421,0.2631578947,7.877023869,0.9561859736,0.01018223181,No,No,Normal,Safe,Stable
2024-05-03 00:00:00,May,262.05,92.93,1,26.6,6.68,7.89,3.19,5,5,0,2,29.1,33.9,24.1,5.96,5,4,0,7.856698366,0.9868211662,0.009331235226,Yes,Yes,Normal,Safe,Stable
2024-05-03 01:00:00,May,262.05,92.93,1,26.6,6.68,7.89,3.19,5,5,0,4,29.1,33.9,24.1,5.96,5,4,1,7.98294435,0.2821802941,0.1329743451,No,No,Normal,Safe,Stable
2024-05-03 02:00:00,May,262.05,92.93,1,26.6,6.68,7.89,3.19,5,5,0,2,29.1,33.9,24.1,5.96,5,4,2,8.387666758,0.3509684017,0.4495971474,Yes,No,Normal,Safe,Stable
2024-05-03 03:00:00,May,262.05,92.93,1,26.6,6.68,7.89,3.19,5,5,1,2,29.1,33.9,24.1,5.96,5,4,3,8.352532606,0.3109898577,0.8207845738,No,No,Normal,Safe,Stable
2024-05-03 04:00:00,May,262.05,92.93,1,26.6,6.68,7.89,3.19,5,5,0,4,29.1,33.9,24.1,5.96,5,4,4,8.154056498,0.312662104,0.8322374263,Yes,No,Normal,Safe,Stable
2024-05-03 05:00:00,May,262.05,92.93,1,26.6,6.68,7.89,3.19,5,5,0,5,29.1,33.9,24.1,5.96,5,4,5,8.399930103,0.4258038947,-0.006181134652,No,No,Normal,Safe,Stable
2024-05-03 06:00:00,May,262.05,92.93,1,26.6,6.68,7.89,3.19,5,5,1,2,29.1,33.9,24.1,5.96,5,4.052631579,4.736842105,8.369145399,0.4251602049,-0.00552074075,Yes,Yes,Normal,Safe,Stable
2024-05-03 07:00:00,May,262.05,92.93,1,26.6,6.68,7.89,3.19,5,5,0,6,29.1,33.9,24.1,5.96,5,4.105263158,4.473684211,8.338360696,0.4245165151,-0.004860346848,No,No,Normal,Safe,Stable
2024-05-03 08:00:00,May,262.05,92.93,1,26.6,6.68,7.89,3.19,5,5,0,5,29.1,33.9,24.1,5.96,5,4.157894737,4.210526316,8.307575993,0.4238728253,-0.004199952946,Yes,No,Normal,Safe,Stable
2024-05-03 09:00:00,May,262.05,92.93,1,26.6,6.68,7.89,3.19,5,5,0,1,29.1,33.9,24.1,5.96,5,4.210526316,3.947368421,8.27679129,0.4232291355,-0.003539559044,No,No,Normal,Safe,Stable
2024-05-03 10:00:00,May,262.05,92.93,1,26.6,6.68,7.89,3.19,5,5,0,2,29.1,33.9,24.1,5.96,5,4.263157895,3.684210526,8.246006586,0.4225854457,-0.002879165142,Yes,No,Normal,Safe,Stable
2024-05-03 11:00:00,May,262.05,92.93,1,26.6,6.68,7.89,3.19,5,5,0,6,29.1,33.9,24.1,5.96,5,4.315789474,3.421052632,8.215221883,0.4219417559,-0.00221877124,No,No,Normal,Safe,Stable
2024-05-03 12:00:00,May,262.05,92.93,1,26.6,6.68,7.89,3.19,5,5,0,1,29.1,33.9,24.1,5.96,5,4.368421053,3.157894737,8.18443718,0.4212980661,-0.001558377337,Yes,Yes,Normal,Safe,Stable
2024-05-03 13:00:00,May,262.05,92.93,1,26.6,6.68,7.89,3.19,5,5,1,4,29.1,33.9,24.1,5.96,5,4.421052632,2.894736842,8.153652477,0.4206543763,-0.0008979834354,No,No,Normal,Safe,Stable
2024-05-03 14:00:00,May,262.05,92.93,1,26.6,6.68,7.89,3.19,5,5,0,2,29.1,33.9,24.1,5.96,5,4.473684211,2.631578947,8.122867774,0.4200106865,-0.0002375895333,Yes,No,Normal,Safe,Stable
2024-05-03 15:00:00,May,262.05,92.93,1,26.6,6.68,7.89,3.19,5,5,0,4,29.1,33.9,24.1,5.96,5,4.526315789,2.368421053,8.09208307,0.4193669967,0.0004228043688,No,No,Normal,Safe,Stable
2024-05-03 16:00:00,May,262.05,92.93,1,26.6,6.68,7.89,3.19,5,5,0,2,29.1,33.9,24.1,5.96,5,4.578947368,2.105263158,8.061298367,0.4187233069,0.001083198271,Yes,No,Normal,Safe,Stable
2024-05-03 17:00:00,May,262.05,92.93,1,26.6,6.68,7.89,3.19,5,5,0,2,29.1,33.9,24.1,5.96,5,4.631578947,1.842105263,8.030513664,0.4180796171,0.001743592173,No,No,Normal,Safe,Stable
2024-05-03 18:00:00,May,262.05,92.93,1,26.6,6.68,7.89,3.19,5,5,0,2,29.1,33.9,24.1,5.96,5,4.684210526,1.578947368,7.999728961,0.4174359273,0.002403986075,Yes,Yes,Normal,Safe,Stable
2024-05-03 19:00:00,May,262.05,92.93,1,26.6,6.68,7.89,3.19,5,5,0,5,29.1,33.9,24.1,5.96,5,4.736842105,1.315789474,7.968944257,0.4167922375,0.003064379977,No,No,Normal,Safe,Stable
2024-05-03 20:00:00,May,262.05,92.93,1,26.6,6.68,7.89,3.19,5,5,0,5,29.1,33.9,24.1,5.96,5,4.789473684,1.052631579,7.938159554,0.4161485477,0.003724773879,Yes,No,Normal,Safe,Stable
2024-05-03 21:00:00,May,262.05,92.93,1,26.6,6.68,7.89,3.19,5,5,0,5,29.1,33.9,24.1,5.96,5,4.842105263,0.7894736842,7.907374851,0.4155048579,0.004385167781,No,No,Normal,Safe,Stable
2024-05-03 22:00:00,May,262.05,92.93,1,26.6,6.68,7.89,3.19,5,5,0,5,29.1,33.9,24.1,5.96,5,4.894736842,0.5263157895,7.876590148,0.4148611681,0.005045561683,Yes,No,Normal,Safe,Stable
2024-05-03 23:00:00,May,262.05,92.93,1,26.6,6.68,7.89,3.19,5,5,1,5,29.1,33.9,24.1,5.96,5,4.947368421,0.2631578947,7.845805444,0.4142174783,0.005705955586,No,No,Normal,Safe,Stable
2024-05-04 00:00:00,May,262.05,92.93,1,26.6,6.68,7.89,3.19,5,5,0,6,29.1,33.9,24.1,5.96,5,5,0,7.815020741,0.4135737885,0.006366349488,Yes,Yes,Normal,Safe,Stable
2024-05-04 01:00:00,May,262.05,92.93,1,26.6,6.68,7.89,3.19,5,5,0,5,29.1,33.9,24.1,5.96,5,5,1,8.322698708,0.3071221445,0.1216584372,No,No,Normal,Safe,Stable
2024-05-04 02:00:00,May,262.05,92.93,1,26.6,6.68,7.89,3.19,5,5,0,5,29.1,33.9,24.1,5.96,5,5,2,8.021849185,0.9451039729,0.005407774489,Yes,No,Normal,Safe,Stable
2024-05-04 03:00:00,May,262.05,92.93,1,26.6,6.68,7.89,3.19,5,5,0,4,29.1,33.9,24.1,5.96,5,5,3,8.861476022,0.2400040873,0.9972630236,No,No,Normal,Safe,Stable
2024-05-04 04:00:00,May,262.05,92.93,1,26.6,6.68,7.89,3.19,5,5,0,6,29.1,33.9,24.1,5.96,5,5,4,8.372547049,0.2827458667,0.8790207382,Yes,No,Normal,Safe,Stable
2024-05-04 05:00:00,May,262.05,92.93,1,26.6,6.68,7.89,3.19,5,5,1,5,29.1,33.9,24.1,5.96,5,5,5,8.01617952,0.3840946903,-0.01661316249,No,No,Normal,Safe,Stable
2024-05-04 06:00:00,May,262.05,92.93,1,26.6,6.68,7.89,3.19,5,5,0,2,29.1,33.9,24.1,5.96,5,5.052631579,4.736842105,8.027507669,0.3861234284,-0.01589481084,Yes,Yes,Normal,Safe,Stable
2024-05-04 07:00:00,May,262.05,92.93,1,26.6,6.68,7.89,3.19,5,5,1,5,29.1,33.9,24.1,5.96,5,5.105263158,4.473684211,8.038835818,0.3881521665,-0.01517645918,No,No,Normal,Safe,Stable
2024-05-04 08:00:00,May,262.05,92.93,1,26.6,6.68,7.89,3.19,5,5,0,4,29.1,33.9,24.1,5.96,5,5.157894737,4.210526316,8.050163967,0.3901809047,-0.01445810752,Yes,No,Normal,Safe,Stable
2024-05-04 09:00:00,May,262.05,92.93,1,26.6,6.68,7.89,3.19,5,5,0,4,29.1,33.9,24.1,5.96,5,5.210526316,3.947368421,8.061492116,0.3922096428,-0.01373975586,No,No,Normal,Safe,Stable
2024-05-04 10:00:00,May,262.05,92.93,1,26.6,6.68,7.89,3.19,5,5,0,6,29.1,33.9,24.1,5.96,5,5.263157895,3.684210526,8.072820265,0.3942383809,-0.01302140421,Yes,No,Normal,Safe,Stable
2024-05-04 11:00:00,May,262.05,92.93,1,26.6,6.68,7.89,3.19,5,5,0,4,29.1,33.9,24.1,5.96,5,5.315789474,3.421052632,8.084148414,0.396267119,-0.01230305255,No,No,Normal,Safe,Stable
2024-05-04 12:00:00,May,262.05,92.93,1,26.6,6.68,7.89,3.19,5,5,0,2,29.1,33.9,24.1,5.96,5,5.368421053,3.157894737,8.095476563,0.3982958571,-0.01158470089,Yes,Yes,Normal,Safe,Stable
2024-05-04 13:00:00,May,262.05,92.93,1,26.6,6.68,7.89,3.19,5,5,1,4,29.1,33.9,24.1,5.96,5,5.421052632,2.894736842,8.106804712,0.4003245952,-0.01086634923,No,No,Normal,Safe,Stable
2024-05-04 14:00:00,May,262.05,92.93,1,26.6,6.68,7.89,3.19,5,5,1,6,29.1,33.9,24.1,5.96,5,5.473684211,2.631578947,8.118132861,0.4023533333,-0.01014799758,Yes,No,Normal,Safe,Stable
2024-05-04 15:00:00,May,262.05,92.93,1,26.6,6.68,7.89,3.19,5,5,0,5,29.1,33.9,24.1,5.96,5,5.526315789,2.368421053,8.129461011,0.4043820714,-0.00942964592,No,No,Normal,Safe,Stable
2024-05-04 16:00:00,May,262.05,92.93,1,26.6,6.68,7.89,3.19,5,5,0,5,29.1,33.9,24.1,5.96,5,5.578947368,2.105263158,8.14078916,0.4064108096,-0.008711294263,Yes,No,Normal,Safe,Stable
2024-05-04 17:00:00,May,262.05,92.93,1,26.6,6.68,7.89,3.19,5,5,0,5,29.1,33.9,24.1,5.96,5,5.631578947,1.842105263,8.152117309,0.4084395477,-0.007992942606,No,No,Normal,Safe,Stable
2024-05-04 18:00:00,May,262.05,92.93,1,26.6,6.68,7.89,3.19,5,5,1,2,29.1,33.9,24.1,5.96,5,5.684210526,1.578947368,8.163445458,0.4104682858,-0.007274590948,Yes,Yes,Normal,Safe,Stable
2024-05-04 19:00:00,May,262.05,92.93,1,26.6,6.68,7.89,3.19,5,5,0,6,29.1,33.9,24.1,5.96,5,5.736842105,1.315789474,8.174773607,0.4124970239,-0.006556239291,No,No,Normal,Safe,Stable
2024-05-04 20:00:00,May,262.05,92.93,1,26.6,6.68,7.89,3.19,5,5,0,4,29.1,33.9,24.1,5.96,5,5.789473684,1.052631579,8.186101756,0.414525762,-0.005837887634,Yes,No,Normal,Safe,Stable
2024-05-04 21:00:00,May,262.05,92.93,1,26.6,6.68,7.89,3.19,5,5,0,5,29.1,33.9,24.1,5.96,5,5.842105263,0.7894736842,8.197429905,0.4165545001,-0.005119535976,No,No,Normal,Safe,Stable
2024-05-04 22:00:00,May,262.05,92.93,1,26.6,6.68,7.89,3.19,5,5,1,2,29.1,33.9,24.1,5.96,5,5.894736842,0.5263157895,8.208758054,0.4185832382,-0.004401184319,Yes,No,Normal,Safe,Stable
2024-05-04 23:00:00,May,262.05,92.93,1,26.6,6.68,7.89,3.19,5,5,0,5,29.1,33.9,24.1,5.96,5,5.947368421,0.2631578947,8.220086203,0.4206119763,-0.003682832662,No,No,Normal,Safe,Stable
2024-05-05 00:00:00,May,262.05,92.93,1,26.6,6.68,7.89,3.19,5,5,0,2,29.1,33.9,24.1,5.96,5,6,0,8.231414352,0.4226407145,-0.002964481004,Yes,Yes,Normal,Safe,Stable
2024-05-05 01:00:00,May,262.05,92.93,1,26.6,6.68,7.89,3.19,5,5,0,1,29.1,33.9,24.1,5.96,5,6,1,8.413271027,0.3602788915,0.4317366066,No,No,Normal,Safe,Stable
2024-05-05 02:00:00,May,262.05,92.93,1,26.6,6.68,7.89,3.19,5,5,1,2,29.1,33.9,24.1,5.96,5,6,2,8.15761759,0.3290620006,0.4969509682,Yes,No,Normal,Safe,Stable
2024-05-05 03:00:00,May,262.05,92.93,1,26.6,6.68,7.89,3.19,5,5,0,4,29.1,33.9,24.1,5.96,5,6,3,7.935338761,0.2874252483,0.8569661427,No,No,Normal,Safe,Stable
2024-05-05 04:00:00,May,262.05,92.93,1,26.6,6.68,7.89,3.19,5,5,0,4,29.1,33.9,24.1,5.96,5,6,4,8.713446776,0.2968542844,0.8445500303,Yes,No,Normal,Safe,Stable
2024-05-05 05:00:00,May,262.05,92.93,1,26.6,6.68,7.89,3.19,5,5,0,2,29.1,33.9,24.1,5.96,5,6,5,7.855524304,0.3753851115,0.02337982895,No,No,Normal,Safe,Stable
2024-05-05 06:00:00,May,262.05,92.93,1,26.6,6.68,7.89,3.19,5,5,0,5,29.1,33.9,24.1,5.96,5,6.052631579,4.736842105,7.854191969,0.3748423036,0.02491934907,Yes,Yes,Normal,Safe,Stable
2024-05-05 07:00:00,May,262.05,92.93,1,26.6,6.68,7.89,3.19,5,5,0,2,29.1,33.9,24.1,5.96,5,6.105263158,4.473684211,7.852859633,0.3742994958,0.02645886919,No,No,Normal,Safe,Stable
2024-05-05 08:00:00,May,262.05,92.93,1,26.6,6.68,7.89,3.19,5,5,0,5,29.1,33.9,24.1,5.96,5,6.157894737,4.210526316,7.851527297,0.3737566879,0.0279983893,Yes,No,Normal,Safe,Stable
2024-05-05 09:00:00,May,262.05,92.93,1,26.6,6.68,7.89,3.19,5,5,0,5,29.1,33.9,24.1,5.96,5,6.210526316,3.947368421,7.850194962,0.37321388,0.02953790942,No,No,Normal,Safe,Stable
2024-05-05 10:00:00,May,262.05,92.93,1,26.6,6.68,7.89,3.19,5,5,0,4,29.1,33.9,24.1,5.96,5,6.263157895,3.684210526,7.848862626,0.3726710721,0.03107742954,Yes,No,Normal,Safe,Stable
2024-05-05 11:00:00,May,262.05,92.93,1,26.6,6.68,7.89,3.19,5,5,0,6,29.1,33.9,24.1,5.96,5,6.315789474,3.421052632,7.84753029,0.3721282642,0.03261694966,No,No,Normal,Safe,Stable
2024-05-05 12:00:00,May,262.05,92.93,1,26.6,6.68,7.89,3.19,5,5,0,1,29.1,33.9,24.1,5.96,5,6.368421053,3.157894737,7.846197955,0.3715854564,0.03415646977,Yes,Yes,Normal,Safe,Stable
2024-05-05 13:00:00,May,262.05,92.93,1,26.6,6.68,7.89,3.19,5,5,0,2,29.1,33.9,24.1,5.96,5,6.421052632,2.894736842,7.844865619,0.3710426485,0.03569598989,No,No,Normal,Safe,Stable
2024-05-05 14:00:00,May,262.05,92.93,1,26.6,6.68,7.89,3.19,5,5,1,1,29.1,33.9,24.1,5.96,5,6.473684211,2.631578947,7.843533283,0.3704998406,0.03723551001,Yes,No,Normal,Safe,Stable
2024-05-05 15:00:00,May,262.05,92.93,1,26.6,6.68,7.89,3.19,5,5,0,2,29.1,33.9,24.1,5.96,5,6.526315789,2.368421053,7.842200948,0.3699570327,0.03877503013,No,No,Normal,Safe,Stable
2024-05-05 16:00:00,May,262.05,92.93,1,26.6,6.68,7.89,3.19,5,5,0,6,29.1,33.9,24.1,5.96,5,6.578947368,2.105263158,7.840868612,0.3694142248,0.04031455024,Yes,No,Normal,Safe,Stable
2024-05-05 17:00:00,May,262.05,92.93,1,26.6,6.68,7.89,3.19,5,5,1,6,29.1,33.9,24.1,5.96,5,6.631578947,1.842105263,7.839536276,0.368871417,0.04185407036,No,No,Normal,Safe,Stable
2024-05-05 18:00:00,May,262.05,92.93,1,26.6,6.68,7.89,3.19,5,5,1,4,29.1,33.9,24.1,5.96,5,6.684210526,1.578947368,7.83820394,0.3683286091,0.04339359048,Yes,Yes,Normal,Safe,Stable
2024-05-05 19:00:00,May,262.05,92.93,1,26.6,6.68,7.89,3.19,5,5,0,2,29.1,33.9,24.1,5.96,5,6.736842105,1.315789474,7.836871605,0.3677858012,0.0449331106,No,No,Normal,Safe,Stable
2024-05-05 20:00:00,May,262.05,92.93,1,26.6,6.68,7.89,3.19,5,5,0,4,29.1,33.9,24.1,5.96,5,6.789473684,1.052631579,7.835539269,0.3672429933,0.04647263071,Yes,No,Normal,Safe,Stable
2024-05-05 21:00:00,May,262.05,92.93,1,26.6,6.68,7.89,3.19,5,5,0,5,29.1,33.9,24.1,5.96,5,6.842105263,0.7894736842,7.834206933,0.3667001855,0.04801215083,No,No,Normal,Safe,Stable
2024-05-05 22:00:00,May,262.05,92.93,1,26.6,6.68,7.89,3.19,5,5,0,4,29.1,33.9,24.1,5.96,5,6.894736842,0.5263157895,7.832874598,0.3661573776,0.04955167095,Yes,No,Normal,Safe,Stable
2024-05-05 23:00:00,May,262.05,92.93,1,26.6,6.68,7.89,3.19,5,5,0,5,29.1,33.9,24.1,5.96,5,6.947368421,0.2631578947,7.831542262,0.3656145697,0.05109119107,No,No,Normal,Safe,Stable
2024-05-06 00:00:00,May,262.05,92.93,1,26.6,6.68,7.89,3.19,5,5,1,5,29.1,33.9,24.1,5.96,5,7,0,7.830209926,0.3650717618,0.05263071118,Yes,Yes,Normal,Safe,Stable
2024-05-06 01:00:00,May,262.05,92.93,1,26.6,6.68,7.89,3.19,5,5,0,4,29.1,33.9,24.1,5.96,5,7,1,8.194828182,0.3413626106,0.1222613815,No,No,Normal,Safe,Stable
2024-05-06 02:00:00,May,262.05,92.93,1,26.6,6.68,7.89,3.19,5,5,0,2,29.1,33.9,24.1,5.96,5,7,2,7.529484903,0.9801804059,-0.02416845552,Yes,No,Normal,Safe,Stable
2024-05-06 03:00:00,May,262.05,92.93,1,26.6,6.68,7.89,3.19,5,5,0,1,29.1,33.9,24.1,5.96,5,7,3,8.461226312,0.1722723701,0.8975377271,No,No,Normal,Safe,Stable
2024-05-06 04:00:00,May,262.05,92.93,1,26.6,6.68,7.89,3.19,5,5,0,2,29.1,33.9,24.1,5.96,5,7,4,8.340983065,0.2369736477,0.8398846694,Yes,No,Normal,Safe,Stable
2024-05-06 05:00:00,May,262.05,92.93,1,26.6,6.68,7.89,3.19,5,5,0,4,29.1,33.9,24.1,5.96,5,7,5,8.010670909,0.4272520697,-0.002320779411,No,No,Normal,Safe,Stable
2024-05-06 06:00:00,May,262.05,92.93,1,26.6,6.68,7.89,3.19,5,5,0,2,29.1,33.9,24.1,5.96,5,7.052631579,4.736842105,8.030527238,0.4260353659,-0.002111120161,Yes,Yes,Normal,Safe,Stable
2024-05-06 07:00:00,May,262.05,92.93,1,26.6,6.68,7.89,3.19,5,5,0,5,29.1,33.9,24.1,5.96,5,7.105263158,4.473684211,8.050383567,0.424818662,-0.001901460911,No,No,Normal,Safe,Stable
2024-05-06 08:00:00,May,262.05,92.93,1,26.6,6.68,7.89,3.19,5,5,1,6,29.1,33.9,24.1,5.96,5,7.157894737,4.210526316,8.070239897,0.4236019582,-0.001691801661,Yes,No,Normal,Safe,Stable
2024-05-06 09:00:00,May,262.05,92.93,1,26.6,6.68,7.89,3.19,5,5,0,2,29.1,33.9,24.1,5.96,5,7.210526316,3.947368421,8.090096226,0.4223852543,-0.001482142411,No,No,Normal,Safe,Stable
2024-05-06 10:00:00,May,262.05,92.93,1,26.6,6.68,7.89,3.19,5,5,0,2,29.1,33.9,24.1,5.96,5,7.263157895,3.684210526,8.109952556,0.4211685505,-0.001272483161,Yes,No,Normal,Safe,Stable
2024-05-06 11:00:00,May,262.05,92.93,1,26.6,6.68,7.89,3.19,5,5,0,4,29.1,33.9,24.1,5.96,5,7.315789474,3.421052632,8.129808885,0.4199518466,-0.001062823911,No,No,Normal,Safe,Stable
2024-05-06 12:00:00,May,262.05,92.93,1,26.6,6.68,7.89,3.19,5,5,0,6,29.1,33.9,24.1,5.96,5,7.368421053,3.157894737,8.149665214,0.4187351428,-0.0008531646609,Yes,Yes,Normal,Safe,Stable
2024-05-06 13:00:00,May,262.05,92.93,1,26.6,6.68,7.89,3.19,5,5,0,1,29.1,33.9,24.1,5.96,5,7.421052632,2.894736842,8.169521544,0.4175184389,-0.0006435054109,No,No,Normal,Safe,Stable
2024-05-06 14:00:00,May,262.05,92.93,1,26.6,6.68,7.89,3.19,5,5,0,2,29.1,33.9,24.1,5.96,5,7.473684211,2.631578947,8.189377873,0.4163017351,-0.0004338461609,Yes,No,Normal,Safe,Stable
2024-05-06 15:00:00,May,262.05,92.93,1,26.6,6.68,7.89,3.19,5,5,0,5,29.1,33.9,24.1,5.96,5,7.526315789,2.368421053,8.209234202,0.4150850312,-0.0002241869109,No,No,Normal,Safe,Stable
2024-05-06 16:00:00,May,262.05,92.93,1,26.6,6.68,7.89,3.19,5,5,1,2,29.1,33.9,24.1,5.96,5,7.578947368,2.105263158,8.229090532,0.4138683274,-0.00001452766088,Yes,No,Normal,Safe,Stable
2024-05-06 17:00:00,May,262.05,92.93,1,26.6,6.68,7.89,3.19,5,5,1,5,29.1,33.9,24.1,5.96,5,7.631578947,1.842105263,8.248946861,0.4126516236,0.0001951315891,No,No,Normal,Safe,Stable
2024-05-06 18:00:00,May,262.05,92.93,1,26.6,6.68,7.89,3.19,5,5,0,2,29.1,33.9,24.1,5.96,5,7.684210526,1.578947368,8.26880319,0.4114349197,0.0004047908391,Yes,Yes,Normal,Safe,Stable
2024-05-06 19:00:00,May,262.05,92.93,1,26.6,6.68,7.89,3.19,5,5,1,4,29.1,33.9,24.1,5.96,5,7.736842105,1.315789474,8.28865952,0.4102182159,0.0006144500891,No,No,Normal,Safe,Stable
2024-05-06 20:00:00,May,262.05,92.93,1,26.6,6.68,7.89,3.19,5,5,0,5,29.1,33.9,24.1,5.96,5,7.789473684,1.052631579,8.308515849,0.409001512,0.0008241093391,Yes,No,Normal,Safe,Stable
2024-05-06 21:00:00,May,262.05,92.93,1,26.6,6.68,7.89,3.19,5,5,0,2,29.1,33.9,24.1,5.96,5,7.842105263,0.7894736842,8.328372179,0.4077848082,0.001033768589,No,No,Normal,Safe,Stable
2024-05-06 22:00:00,May,262.05,92.93,1,26.6,6.68,7.89,3.19,5,5,0,2,29.1,33.9,24.1,5.96,5,7.894736842,0.5263157895,8.348228508,0.4065681043,0.001243427839,Yes,No,Normal,Safe,Stable
2024-05-06 23:00:00,May,262.05,92.93,1,26.6,6.68,7.89,3.19,5,5,0,5,29.1,33.9,24.1,5.96,5,7.947368421,0.2631578947,8.368084837,0.4053514005,0.001453087089,No,No,Normal,Safe,Stable
2024-05-07 00:00:00,May,262.05,92.93,1,26.6,6.68,7.89,3.19,5,5,0,4,29.1,33.9,24.1,5.96,5,8,0,8.387941167,0.4041346966,0.001662746339,Yes,Yes,Normal,Safe,Stable
2024-05-07 01:00:00,May,262.05,92.93,1,26.6,6.68,7.89,3.19,5,5,0,5,29.1,33.9,24.1,5.96,5,8,1,8.262615337,0.3237340794,0.1296576297,No,No,Normal,Safe,Stable
2024-05-07 02:00:00,May,262.05,92.93,1,26.6,6.68,7.89,3.19,5,5,0,1,29.1,33.9,24.1,5.96,5,8,2,8.273144388,0.3282152744,0.466914841,Yes,No,Normal,Safe,Stable
2024-05-07 03:00:00,May,262.05,92.93,1,26.6,6.68,7.89,3.19,5,5,0,6,29.1,33.9,24.1,5.96,5,8,3,7.885675759,0.9650295998,0.01398015044,No,No,Normal,Safe,Stable
2024-05-07 04:00:00,May,262.05,92.93,1,26.6,6.68,7.89,3.19,5,5,0,4,29.1,33.9,24.1,5.96,5,8,4,8.37253742,0.3157820881,0.8432791237,Yes,No,Normal,Safe,Stable
2024-05-07 05:00:00,May,262.05,92.93,1,26.6,6.68,7.89,3.19,5,5,0,5,29.1,33.9,24.1,5.96,5,8,5,8.04472728,0.3660786867,0.03047156082,No,No,Normal,Safe,Stable
2024-05-07 06:00:00,May,262.05,92.93,1,26.6,6.68,7.89,3.19,5,5,0,2,29.1,33.9,24.1,5.96,5,8.052631579,4.736842105,8.049571497,0.3977382807,0.02876129201,Yes,Yes,Normal,Safe,Stable
2024-05-07 07:00:00,May,262.05,92.93,1,26.6,6.68,7.89,3.19,5,5,0,4,29.1,33.9,24.1,5.96,5,8.105263158,4.473684211,8.054415714,0.4293978748,0.02705102321,No,No,Normal,Safe,Stable
2024-05-07 08:00:00,May,262.05,92.93,1,26.6,6.68,7.89,3.19,5,5,0,5,29.1,33.9,24.1,5.96,5,8.157894737,4.210526316,8.059259931,0.4610574688,0.0253407544,Yes,No,Normal,Safe,Stable
2024-05-07 09:00:00,May,262.05,92.93,1,26.6,6.68,7.89,3.19,5,5,0,6,29.1,33.9,24.1,5.96,5,8.210526316,3.947368421,8.064104148,0.4927170628,0.02363048559,No,No,Normal,Safe,Stable
2024-05-07 10:00:00,May,262.05,92.93,1,26.6,6.68,7.89,3.19,5,5,0,6,29.1,33.9,24.1,5.96,5,8.263157895,3.684210526,8.068948365,0.5243766568,0.02192021679,Yes,No,Normal,Safe,Stable
2024-05-07 11:00:00,May,262.05,92.93,1,26.6,6.68,7.89,3.19,5,5,0,4,29.1,33.9,24.1,5.96,5,8.315789474,3.421052632,8.073792582,0.5560362508,0.02020994798,No,No,Normal,Safe,Stable
2024-05-07 12:00:00,May,262.05,92.93,1,26.6,6.68,7.89,3.19,5,5,0,5,29.1,33.9,24.1,5.96,5,8.368421053,3.157894737,8.078636799,0.5876958449,0.01849967917,Yes,Yes,Normal,Safe,Stable
2024-05-07 13:00:00,May,262.05,92.93,1,26.6,6.68,7.89,3.19,5,5,1,4,29.1,33.9,24.1,5.96,5,8.421052632,2.894736842,8.083481016,0.6193554389,0.01678941037,No,No,Normal,Safe,Stable
2024-05-07 14:00:00,May,262.05,92.93,1,26.6,6.68,7.89,3.19,5,5,1,4,29.1,33.9,24.1,5.96,5,8.473684211,2.631578947,8.088325233,0.6510150329,0.01507914156,Yes,No,Normal,Safe,Stable
2024-05-07 15:00:00,May,262.05,92.93,1,26.6,6.68,7.89,3.19,5,5,0,1,29.1,33.9,24.1,5.96,5,8.526315789,2.368421053,8.093169451,0.6826746269,0.01336887276,No,No,Normal,Safe,Stable
2024-05-07 16:00:00,May,262.05,92.93,1,26.6,6.68,7.89,3.19,5,5,1,5,29.1,33.9,24.1,5.96,5,8.578947368,2.105263158,8.098013668,0.7143342209,0.01165860395,Yes,No,Normal,Safe,Stable
2024-05-07 17:00:00,May,262.05,92.93,1,26.6,6.68,7.89,3.19,5,5,0,5,29.1,33.9,24.1,5.96,5,8.631578947,1.842105263,8.102857885,0.745993815,0.009948335144,No,No,Normal,Safe,Stable
2024-05-07 18:00:00,May,262.05,92.93,1,26.6,6.68,7.89,3.19,5,5,0,4,29.1,33.9,24.1,5.96,5,8.684210526,1.578947368,8.107702102,0.777653409,0.008238066338,Yes,Yes,Normal,Safe,Stable
2024-05-07 19:00:00,May,262.05,92.93,1,26.6,6.68,7.89,3.19,5,5,0,5,29.1,33.9,24.1,5.96,5,8.736842105,1.315789474,8.112546319,0.809313003,0.006527797532,No,No,Normal,Safe,Stable
2024-05-07 20:00:00,May,262.05,92.93,1,26.6,6.68,7.89,3.19,5,5,0,4,29.1,33.9,24.1,5.96,5,8.789473684,1.052631579,8.117390536,0.840972597,0.004817528726,Yes,No,Normal,Safe,Stable
2024-05-07 21:00:00,May,262.05,92.93,1,26.6,6.68,7.89,3.19,5,5,0,1,29.1,33.9,24.1,5.96,5,8.842105263,0.7894736842,8.122234753,0.8726321911,0.00310725992,No,No,Normal,Safe,Stable
2024-05-07 22:00:00,May,262.05,92.93,1,26.6,6.68,7.89,3.19,5,5,0,2,29.1,33.9,24.1,5.96,5,8.894736842,0.5263157895,8.12707897,0.9042917851,0.001396991114,Yes,No,Normal,Safe,Stable
2024-05-07 23:00:00,May,262.05,92.93,1,26.6,6.68,7.89,3.19,5,5,0,2,29.1,33.9,24.1,5.96,5,8.947368421,0.2631578947,8.131923187,0.9359513791,-0.0003132776921,No,No,Normal,Safe,Stable
2024-05-08 00:00:00,May,262.05,92.93,1,26.6,6.68,7.89,3.19,5,5,0,4,29.1,33.9,24.1,5.96,5,9,0,8.136767404,0.9676109731,-0.002023546498,Yes,Yes,Normal,Safe,Stable
2024-05-08 01:00:00,May,262.05,92.93,1,26.6,6.68,7.89,3.19,5,5,1,5,29.1,33.9,24.1,5.96,5,9,1,8.424961305,0.3337958371,0.1243635303,No,No,Normal,Safe,Stable
2024-05-08 02:00:00,May,262.05,92.93,1,26.6,6.68,7.89,3.19,5,5,1,4,29.1,33.9,24.1,5.96,5,9,2,8.216628167,0.5461589475,0.1387534805,Yes,No,Normal,Safe,Stable
2024-05-08 03:00:00,May,262.05,92.93,1,26.6,6.68,7.89,3.19,5,5,0,2,29.1,33.9,24.1,5.96,5,9,3,8.53361318,0.2745640178,0.9777768347,No,No,Normal,Safe,Stable
2024-05-08 04:00:00,May,262.05,92.93,1,26.6,6.68,7.89,3.19,5,5,0,5,29.1,33.9,24.1,5.96,5,9,4,7.798955745,0.9477606875,0.0265639276,Yes,No,Normal,Safe,Stable
2024-05-08 05:00:00,May,262.05,92.93,1,26.6,6.68,7.89,3.19,5,5,0,4,29.1,33.9,24.1,5.96,5,9,5,8.169382388,0.3887749543,0.01415000455,No,No,Normal,Safe,Stable
2024-05-08 06:00:00,May,262.05,92.93,1,26.6,6.68,7.89,3.19,5,5,1,4,29.1,33.9,24.1,5.96,5,9.052631579,4.736842105,8.155569857,0.3905657364,0.01446563451,Yes,Yes,Normal,Safe,Stable
2024-05-08 07:00:00,May,262.05,92.93,1,26.6,6.68,7.89,3.19,5,5,0,2,29.1,33.9,24.1,5.96,5,9.105263158,4.473684211,8.141757326,0.3923565185,0.01478126446,No,No,Normal,Safe,Stable
2024-05-08 08:00:00,May,262.05,92.93,1,26.6,6.68,7.89,3.19,5,5,0,2,29.1,33.9,24.1,5.96,5,9.157894737,4.210526316,8.127944796,0.3941473006,0.01509689442,Yes,No,Normal,Safe,Stable
2024-05-08 09:00:00,May,262.05,92.93,1,26.6,6.68,7.89,3.19,5,5,0,5,29.1,33.9,24.1,5.96,5,9.210526316,3.947368421,8.114132265,0.3959380827,0.01541252437,No,No,Normal,Safe,Stable
2024-05-08 10:00:00,May,262.05,92.93,1,26.6,6.68,7.89,3.19,5,5,0,4,29.1,33.9,24.1,5.96,5,9.263157895,3.684210526,8.100319734,0.3977288648,0.01572815432,Yes,No,Normal,Safe,Stable
2024-05-08 11:00:00,May,262.05,92.93,1,26.6,6.68,7.89,3.19,5,5,0,2,29.1,33.9,24.1,5.96,5,9.315789474,3.421052632,8.086507203,0.3995196469,0.01604378428,No,No,Normal,Safe,Stable
2024-05-08 12:00:00,May,262.05,92.93,1,26.6,6.68,7.89,3.19,5,5,1,2,29.1,33.9,24.1,5.96,5,9.368421053,3.157894737,8.072694673,0.4013104291,0.01635941423,Yes,Yes,Normal,Safe,Stable
2024-05-08 13:00:00,May,262.05,92.93,1,26.6,6.68,7.89,3.19,5,5,0,6,29.1,33.9,24.1,5.96,5,9.421052632,2.894736842,8.058882142,0.4031012112,0.01667504419,No,No,Normal,Safe,Stable
2024-05-08 14:00:00,May,262.05,92.93,1,26.6,6.68,7.89,3.19,5,5,0,1,29.1,33.9,24.1,5.96,5,9.473684211,2.631578947,8.045069611,0.4048919933,0.01699067414,Yes,No,Normal,Safe,Stable
2024-05-08 15:00:00,May,262.05,92.93,1,26.6,6.68,7.89,3.19,5,5,1,5,29.1,33.9,24.1,5.96,5,9.526315789,2.368421053,8.031257081,0.4066827754,0.0173063041,No,No,Normal,Safe,Stable
2024-05-08 16:00:00,May,262.05,92.93,1,26.6,6.68,7.89,3.19,5,5,0,6,29.1,33.9,24.1,5.96,5,9.578947368,2.105263158,8.01744455,0.4084735575,0.01762193405,Yes,No,Normal,Safe,Stable
2024-05-08 17:00:00,May,262.05,92.93,1,26.6,6.68,7.89,3.19,5,5,0,4,29.1,33.9,24.1,5.96,5,9.631578947,1.842105263,8.003632019,0.4102643396,0.01793756401,No,No,Normal,Safe,Stable
2024-05-08 18:00:00,May,262.05,92.93,1,26.6,6.68,7.89,3.19,5,5,0,4,29.1,33.9,24.1,5.96,5,9.684210526,1.578947368,7.989819488,0.4120551217,0.01825319396,Yes,Yes,Normal,Safe,Stable
2024-05-08 19:00:00,May,262.05,92.93,1,26.6,6.68,7.89,3.19,5,5,0,2,29.1,33.9,24.1,5.96,5,9.736842105,1.315789474,7.976006958,0.4138459038,0.01856882392,No,No,Normal,Safe,Stable
2024-05-08 20:00:00,May,262.05,92.93,1,26.6,6.68,7.89,3.19,5,5,1,2,29.1,33.9,24.1,5.96,5,9.789473684,1.052631579,7.962194427,0.4156366859,0.01888445387,Yes,No,Normal,Safe,Stable
2024-05-08 21:00:00,May,262.05,92.93,1,26.6,6.68,7.89,3.19,5,5,0,1,29.1,33.9,24.1,5.96,5,9.842105263,0.7894736842,7.948381896,0.417427468,0.01920008382,No,No,Normal,Safe,Stable
2024-05-08 22:00:00,May,262.05,92.93,1,26.6,6.68,7.89,3.19,5,5,1,2,29.1,33.9,24.1,5.96,5,9.894736842,0.5263157895,7.934569365,0.4192182501,0.01951571378,Yes,No,Normal,Safe,Stable
2024-05-08 23:00:00,May,262.05,92.93,1,26.6,6.68,7.89,3.19,5,5,0,4,29.1,33.9,24.1,5.96,5,9.947368421,0.2631578947,7.920756835,0.4210090322,0.01983134373,No,No,Normal,Safe,Stable
2024-05-09 00:00:00,May,262.05,92.93,1,26.6,6.68,7.89,3.19,5,5,0,2,29.1,33.9,24.1,5.96,5,10,0,7.906944304,0.4227998144,0.02014697369,Yes,Yes,Normal,Safe,Stable
2024-05-09 01:00:00,May,262.05,92.93,1,26.6,6.68,7.89,3.19,5,5,0,5,29.1,33.9,24.1,5.96,5,10,1,7.862088347,1.011035785,-0.01247169956,No,No,Normal,Safe,Stable
2024-05-09 02:00:00,May,262.05,92.93,1,26.6,6.68,7.89,3.19,5,5,0,4,29.1,33.9,24.1,5.96,5,10,2,7.783968761,0.9507231185,-0.0114812817,Yes,No,Normal,Safe,Stable
2024-05-09 03:00:00,May,262.05,92.93,1,26.6,6.68,7.89,3.19,5,5,0,2,29.1,33.9,24.1,5.96,5,10,3,8.318677925,0.2588122032,0.8578527717,No,No,Normal,Safe,Stable
2024-05-09 04:00:00,May,262.05,92.93,1,26.6,6.68,7.89,3.19,5,5,0,2,29.1,33.9,24.1,5.96,5,10,4,8.204570477,0.3122368475,0.8414249785,Yes,No,Normal,Safe,Stable
2024-05-09 05:00:00,May,262.05,92.93,1,26.6,6.68,7.89,3.19,5,5,1,2,29.1,33.9,24.1,5.96,5,10,5,7.809092398,0.957760104,0.0209571254,No,No,Normal,Safe,Stable
2024-05-09 06:00:00,May,262.05,92.93,1,26.6,6.68,7.89,3.19,5,5,0,6,29.1,33.9,24.1,5.96,5,10.05263158,4.736842105,7.804434423,0.928791096,0.02052962681,Yes,Yes,Normal,Safe,Stable
2024-05-09 07:00:00,May,262.05,92.93,1,26.6,6.68,7.89,3.19,5,5,0,2,29.1,33.9,24.1,5.96,5,10.10526316,4.473684211,7.799776449,0.8998220881,0.02010212823,No,No,Normal,Safe,Stable
2024-05-09 08:00:00,May,262.05,92.93,1,26.6,6.68,7.89,3.19,5,5,0,2,29.1,33.9,24.1,5.96,5,10.15789474,4.210526316,7.795118474,0.8708530802,0.01967462965,Yes,No,Normal,Safe,Stable
2024-05-09 09:00:00,May,262.05,92.93,1,26.6,6.68,7.89,3.19,5,5,1,4,29.1,33.9,24.1,5.96,5,10.21052632,3.947368421,7.790460499,0.8418840722,0.01924713106,No,No,Normal,Safe,Stable
2024-05-09 10:00:00,May,262.05,92.93,1,26.6,6.68,7.89,3.19,5,5,0,6,29.1,33.9,24.1,5.96,5,10.26315789,3.684210526,7.785802525,0.8129150643,0.01881963248,Yes,No,Normal,Safe,Stable
2024-05-09 11:00:00,May,262.05,92.93,1,26.6,6.68,7.89,3.19,5,5,0,1,29.1,33.9,24.1,5.96,5,10.31578947,3.421052632,7.78114455,0.7839460563,0.0183921339,No,No,Normal,Safe,Stable
2024-05-09 12:00:00,May,262.05,92.93,1,26.6,6.68,7.89,3.19,5,5,0,4,29.1,33.9,24.1,5.96,5,10.36842105,3.157894737,7.776486575,0.7549770484,0.01796463532,Yes,Yes,Normal,Safe,Stable
2024-05-09 13:00:00,May,262.05,92.93,1,26.6,6.68,7.89,3.19,5,5,0,4,29.1,33.9,24.1,5.96,5,10.42105263,2.894736842,7.771828601,0.7260080405,0.01753713673,No,No,Normal,Safe,Stable
2024-05-09 14:00:00,May,262.05,92.93,1,26.6,6.68,7.89,3.19,5,5,0,4,29.1,33.9,24.1,5.96,5,10.47368421,2.631578947,7.767170626,0.6970390325,0.01710963815,Yes,No,Normal,Safe,Stable
2024-05-09 15:00:00,May,262.05,92.93,1,26.6,6.68,7.89,3.19,5,5,0,4,29.1,33.9,24.1,5.96,5,10.52631579,2.368421053,7.762512652,0.6680700246,0.01668213957,No,No,Normal,Safe,Stable
2024-05-09 16:00:00,May,262.05,92.93,1,26.6,6.68,7.89,3.19,5,5,0,5,29.1,33.9,24.1,5.96,5,10.57894737,2.105263158,7.757854677,0.6391010167,0.01625464098,Yes,No,Normal,Safe,Stable
2024-05-09 17:00:00,May,262.05,92.93,1,26.6,6.68,7.89,3.19,5,5,1,1,29.1,33.9,24.1,5.96,5,10.63157895,1.842105263,7.753196702,0.6101320087,0.0158271424,No,No,Normal,Safe,Stable
2024-05-09 18:00:00,May,262.05,92.93,1,26.6,6.68,7.89,3.19,5,5,0,2,29.1,33.9,24.1,5.96,5,10.68421053,1.578947368,7.748538728,0.5811630008,0.01539964382,Yes,Yes,Normal,Safe,Stable
2024-05-09 19:00:00,May,262.05,92.93,1,26.6,6.68,7.89,3.19,5,5,0,4,29.1,33.9,24.1,5.96,5,10.73684211,1.315789474,7.743880753,0.5521939928,0.01497214523,No,No,Normal,Safe,Stable
2024-05-09 20:00:00,May,262.05,92.93,1,26.6,6.68,7.89,3.19,5,5,0,5,29.1,33.9,24.1,5.96,5,10.78947368,1.052631579,7.739222779,0.5232249849,0.01454464665,Yes,No,Normal,Safe,Stable
2024-05-09 21:00:00,May,262.05,92.93,1,26.6,6.68,7.89,3.19,5,5,0,5,29.1,33.9,24.1,5.96,5,10.84210526,0.7894736842,7.734564804,0.494255977,0.01411714807,No,No,Normal,Safe,Stable
2024-05-09 22:00:00,May,262.05,92.93,1,26.6,6.68,7.89,3.19,5,5,0,1,29.1,33.9,24.1,5.96,5,10.89473684,0.5263157895,7.729906829,0.465286969,0.01368964949,Yes,No,Normal,Safe,Stable
2024-05-09 23:00:00,May,262.05,92.93,1,26.6,6.68,7.89,3.19,5,5,0,4,29.1,33.9,24.1,5.96,5,10.94736842,0.2631578947,7.725248855,0.4363179611,0.0132621509,No,No,Normal,Safe,Stable
2024-05-10 00:00:00,May,262.05,92.93,1,26.6,6.68,7.89,3.19,5,5,0,1,29.1,33.9,24.1,5.96,5,11,0,7.72059088,0.4073489532,0.01283465232,Yes,Yes,Normal,Safe,Stable
2024-05-10 01:00:00,May,262.05,92.93,1,26.6,6.68,7.89,3.19,5,5,0,1,29.1,33.9,24.1,5.96,5,11,1,8.425420175,0.3624649661,0.1235320399,No,No,Normal,Safe,Stable
2024-05-10 02:00:00,May,262.05,92.93,1,26.6,6.68,7.89,3.19,5,5,1,6,29.1,33.9,24.1,5.96,5,11,2,8.10718052,1.021251943,-0.02188217597,Yes,No,Normal,Safe,Stable
2024-05-10 03:00:00,May,262.05,92.93,1,26.6,6.68,7.89,3.19,5,5,0,5,29.1,33.9,24.1,5.96,5,11,3,8.17829765,0.2836711086,0.9810655419,No,No,Normal,Safe,Stable
2024-05-10 04:00:00,May,262.05,92.93,1,26.6,6.68,7.89,3.19,5,5,0,5,29.1,33.9,24.1,5.96,5,11,4,7.804955612,0.9987351023,0.02434113772,Yes,No,Normal,Safe,Stable
2024-05-10 05:00:00,May,262.05,92.93,1,26.6,6.68,7.89,3.19,5,5,0,1,29.1,33.9,24.1,5.96,5,11,5,7.967416246,1.004220938,-0.001573571582,No,No,Normal,Safe,Stable
2024-05-10 06:00:00,May,262.05,92.93,1,26.6,6.68,7.89,3.19,5,5,0,5,29.1,33.9,24.1,5.96,5,11.05263158,4.736842105,7.94111027,1.002012791,-0.000782033059,Yes,Yes,Normal,Safe,Stable
2024-05-10 07:00:00,May,262.05,92.93,1,26.6,6.68,7.89,3.19,5,5,1,5,29.1,33.9,24.1,5.96,5,11.10526316,4.473684211,7.914804294,0.9998046445,0.000009505464245,No,No,Normal,Safe,Stable
2024-05-10 08:00:00,May,262.05,92.93,1,26.6,6.68,7.89,3.19,5,5,0,5,29.1,33.9,24.1,5.96,5,11.15789474,4.210526316,7.888498318,0.9975964977,0.0008010439875,Yes,No,Normal,Safe,Stable
2024-05-10 09:00:00,May,262.05,92.93,1,26.6,6.68,7.89,3.19,5,5,0,2,29.1,33.9,24.1,5.96,5,11.21052632,3.947368421,7.862192342,0.9953883508,0.001592582511,No,No,Normal,Safe,Stable
2024-05-10 10:00:00,May,262.05,92.93,1,26.6,6.68,7.89,3.19,5,5,0,4,29.1,33.9,24.1,5.96,5,11.26315789,3.684210526,7.835886366,0.9931802039,0.002384121034,Yes,No,Normal,Safe,Stable
2024-05-10 11:00:00,May,262.05,92.93,1,26.6,6.68,7.89,3.19,5,5,0,4,29.1,33.9,24.1,5.96,5,11.31578947,3.421052632,7.809580389,0.9909720571,0.003175659557,No,No,Normal,Safe,Stable
2024-05-10 12:00:00,May,262.05,92.93,1,26.6,6.68,7.89,3.19,5,5,0,4,29.1,33.9,24.1,5.96,5,11.36842105,3.157894737,7.783274413,0.9887639102,0.003967198081,Yes,Yes,Normal,Safe,Stable
2024-05-10 13:00:00,May,262.05,92.93,1,26.6,6.68,7.89,3.19,5,5,0,5,29.1,33.9,24.1,5.96,5,11.42105263,2.894736842,7.756968437,0.9865557634,0.004758736604,No,No,Normal,Safe,Stable
2024-05-10 14:00:00,May,262.05,92.93,1,26.6,6.68,7.89,3.19,5,5,0,4,29.1,33.9,24.1,5.96,5,11.47368421,2.631578947,7.730662461,0.9843476165,0.005550275127,Yes,No,Normal,Safe,Stable
2024-05-10 15:00:00,May,262.05,92.93,1,26.6,6.68,7.89,3.19,5,5,0,2,29.1,33.9,24.1,5.96,5,11.52631579,2.368421053,7.704356485,0.9821394696,0.00634181365,No,No,Normal,Safe,Stable
2024-05-10 16:00:00,May,262.05,92.93,1,26.6,6.68,7.89,3.19,5,5,0,5,29.1,33.9,24.1,5.96,5,11.57894737,2.105263158,7.678050509,0.9799313228,0.007133352174,Yes,No,Normal,Safe,Stable
2024-05-10 17:00:00,May,262.05,92.93,1,26.6,6.68,7.89,3.19,5,5,0,2,29.1,33.9,24.1,5.96,5,11.63157895,1.842105263,7.651744533,0.9777231759,0.007924890697,No,No,Normal,Safe,Stable
2024-05-10 18:00:00,May,262.05,92.93,1,26.6,6.68,7.89,3.19,5,5,0,5,29.1,33.9,24.1,5.96,5,11.68421053,1.578947368,7.625438557,0.975515029,0.00871642922,Yes,Yes,Normal,Safe,Stable
2024-05-10 19:00:00,May,262.05,92.93,1,26.6,6.68,7.89,3.19,5,5,0,5,29.1,33.9,24.1,5.96,5,11.73684211,1.315789474,7.599132581,0.9733068822,0.009507967744,No,No,Normal,Safe,Stable
2024-05-10 20:00:00,May,262.05,92.93,1,26.6,6.68,7.89,3.19,5,5,0,6,29.1,33.9,24.1,5.96,5,11.78947368,1.052631579,7.572826605,0.9710987353,0.01029950627,Yes,No,Normal,Safe,Stable
2024-05-10 21:00:00,May,262.05,92.93,1,26.6,6.68,7.89,3.19,5,5,0,5,29.1,33.9,24.1,5.96,5,11.84210526,0.7894736842,7.546520629,0.9688905885,0.01109104479,No,No,Normal,Safe,Stable
2024-05-10 22:00:00,May,262.05,92.93,1,26.6,6.68,7.89,3.19,5,5,0,5,29.1,33.9,24.1,5.96,5,11.89473684,0.5263157895,7.520214653,0.9666824416,0.01188258331,Yes,No,Normal,Safe,Stable
2024-05-10 23:00:00,May,262.05,92.93,1,26.6,6.68,7.89,3.19,5,5,1,5,29.1,33.9,24.1,5.96,5,11.94736842,0.2631578947,7.493908677,0.9644742947,0.01267412184,No,No,Normal,Safe,Stable
2024-05-11 00:00:00,May,262.05,92.93,1,26.6,6.68,7.89,3.19,5,5,0,6,29.1,33.9,24.1,5.96,5,12,0,7.467602701,0.9622661479,0.01346566036,Yes,Yes,Normal,Safe,Stable
2024-05-11 01:00:00,May,262.05,92.93,1,26.6,6.68,7.89,3.19,5,5,0,2,29.1,33.9,24.1,5.96,5,12,1,8.312209072,0.337276542,0.1240223866,No,No,Normal,Safe,Stable
2024-05-11 02:00:00,May,262.05,92.93,1,26.6,6.68,7.89,3.19,5,5,0,2,29.1,33.9,24.1,5.96,5,12,2,7.815769956,0.9730679515,-0.02941501316,Yes,No,Normal,Safe,Stable
2024-05-11 03:00:00,May,262.05,92.93,1,26.6,6.68,7.89,3.19,5,5,0,5,29.1,33.9,24.1,5.96,5,12,3,8.233552794,0.3486739596,0.8488479859,No,No,Normal,Safe,Stable
2024-05-11 04:00:00,May,262.05,92.93,1,26.6,6.68,7.89,3.19,5,5,1,2,29.1,33.9,24.1,5.96,5,12,4,8.48352094,0.3168792608,0.8268682514,Yes,No,Normal,Safe,Stable
2024-05-11 05:00:00,May,262.05,92.93,1,26.6,6.68,7.89,3.19,5,5,0,4,29.1,33.9,24.1,5.96,5,12,5,8.073694818,0.407287524,-0.002477627543,No,No,Normal,Safe,Stable
2024-05-11 06:00:00,May,262.05,92.93,1,26.6,6.68,7.89,3.19,5,5,1,4,29.1,33.9,24.1,5.96,5,12.05263158,4.736842105,8.06874107,0.4084612824,-0.001201080735,Yes,Yes,Normal,Safe,Stable
2024-05-11 07:00:00,May,262.05,92.93,1,26.6,6.68,7.89,3.19,5,5,0,4,29.1,33.9,24.1,5.96,5,12.10526316,4.473684211,8.063787321,0.4096350408,0.00007546607255,No,No,Normal,Safe,Stable
2024-05-11 08:00:00,May,262.05,92.93,1,26.6,6.68,7.89,3.19,5,5,1,5,29.1,33.9,24.1,5.96,5,12.15789474,4.210526316,8.058833573,0.4108087992,0.00135201288,Yes,No,Normal,Safe,Stable
2024-05-11 09:00:00,May,262.05,92.93,1,26.6,6.68,7.89,3.19,5,5,0,5,29.1,33.9,24.1,5.96,5,12.21052632,3.947368421,8.053879824,0.4119825577,0.002628559688,No,No,Normal,Safe,Stable
2024-05-11 10:00:00,May,262.05,92.93,1,26.6,6.68,7.89,3.19,5,5,0,5,29.1,33.9,24.1,5.96,5,12.26315789,3.684210526,8.048926076,0.4131563161,0.003905106496,Yes,No,Normal,Safe,Stable
2024-05-11 11:00:00,May,262.05,92.93,1,26.6,6.68,7.89,3.19,5,5,0,6,29.1,33.9,24.1,5.96,5,12.31578947,3.421052632,8.043972327,0.4143300745,0.005181653303,No,No,Normal,Safe,Stable
2024-05-11 12:00:00,May,262.05,92.93,1,26.6,6.68,7.89,3.19,5,5,0,4,29.1,33.9,24.1,5.96,5,12.36842105,3.157894737,8.039018579,0.4155038329,0.006458200111,Yes,Yes,Normal,Safe,Stable
2024-05-11 13:00:00,May,262.05,92.93,1,26.6,6.68,7.89,3.19,5,5,0,4,29.1,33.9,24.1,5.96,5,12.42105263,2.894736842,8.03406483,0.4166775913,0.007734746919,No,No,Normal,Safe,Stable
2024-05-11 14:00:00,May,262.05,92.93,1,26.6,6.68,7.89,3.19,5,5,0,1,29.1,33.9,24.1,5.96,5,12.47368421,2.631578947,8.029111082,0.4178513497,0.009011293726,Yes,No,Normal,Safe,Stable
2024-05-11 15:00:00,May,262.05,92.93,1,26.6,6.68,7.89,3.19,5,5,0,4,29.1,33.9,24.1,5.96,5,12.52631579,2.368421053,8.024157333,0.4190251082,0.01028784053,No,No,Normal,Safe,Stable
2024-05-11 16:00:00,May,262.05,92.93,1,26.6,6.68,7.89,3.19,5,5,0,4,29.1,33.9,24.1,5.96,5,12.57894737,2.105263158,8.019203585,0.4201988666,0.01156438734,Yes,No,Normal,Safe,Stable
2024-05-11 17:00:00,May,262.05,92.93,1,26.6,6.68,7.89,3.19,5,5,0,1,29.1,33.9,24.1,5.96,5,12.63157895,1.842105263,8.014249836,0.421372625,0.01284093415,No,No,Normal,Safe,Stable
2024-05-11 18:00:00,May,262.05,92.93,1,26.6,6.68,7.89,3.19,5,5,0,4,29.1,33.9,24.1,5.96,5,12.68421053,1.578947368,8.009296088,0.4225463834,0.01411748096,Yes,Yes,Normal,Safe,Stable
2024-05-11 19:00:00,May,262.05,92.93,1,26.6,6.68,7.89,3.19,5,5,0,5,29.1,33.9,24.1,5.96,5,12.73684211,1.315789474,8.00434234,0.4237201418,0.01539402776,No,No,Normal,Safe,Stable
2024-05-11 20:00:00,May,262.05,92.93,1,26.6,6.68,7.89,3.19,5,5,0,1,29.1,33.9,24.1,5.96,5,12.78947368,1.052631579,7.999388591,0.4248939002,0.01667057457,Yes,No,Normal,Safe,Stable
2024-05-11 21:00:00,May,262.05,92.93,1,26.6,6.68,7.89,3.19,5,5,1,5,29.1,33.9,24.1,5.96,5,12.84210526,0.7894736842,7.994434843,0.4260676587,0.01794712138,No,No,Normal,Safe,Stable
2024-05-11 22:00:00,May,262.05,92.93,1,26.6,6.68,7.89,3.19,5,5,1,4,29.1,33.9,24.1,5.96,5,12.89473684,0.5263157895,7.989481094,0.4272414171,0.01922366819,Yes,No,Normal,Safe,Stable
2024-05-11 23:00:00,May,262.05,92.93,1,26.6,6.68,7.89,3.19,5,5,0,2,29.1,33.9,24.1,5.96,5,12.94736842,0.2631578947,7.984527346,0.4284151755,0.020500215,No,No,Normal,Safe,Stable
2024-05-12 00:00:00,May,262.05,92.93,1,26.6,6.68,7.89,3.19,5,5,1,5,29.1,33.9,24.1,5.96,5,13,0,7.979573597,0.4295889339,0.0217767618,Yes,Yes,Normal,Safe,Stable
2024-05-12 01:00:00,May,262.05,92.93,1,26.6,6.68,7.89,3.19,5,5,0,2,29.1,33.9,24.1,5.96,5,13,1,8.000130136,0.9435204434,0.03947870868,No,No,Normal,Safe,Stable
2024-05-12 02:00:00,May,262.05,92.93,1,26.6,6.68,7.89,3.19,5,5,0,5,29.1,33.9,24.1,5.96,5,13,2,8.123400196,1.007434199,0.02273617424,Yes,No,Normal,Safe,Stable
2024-05-12 03:00:00,May,262.05,92.93,1,26.6,6.68,7.89,3.19,5,5,0,4,29.1,33.9,24.1,5.96,5,13,3,7.916491226,0.2958723694,0.9682545277,No,No,Normal,Safe,Stable
2024-05-12 04:00:00,May,262.05,92.93,1,26.6,6.68,7.89,3.19,5,5,0,5,29.1,33.9,24.1,5.96,5,13,4,7.851581584,0.976087589,0.02189074195,Yes,No,Normal,Safe,Stable
2024-05-12 05:00:00,May,262.05,92.93,1,26.6,6.68,7.89,3.19,5,5,0,2,29.1,33.9,24.1,5.96,5,13,5,8.261198853,0.4050563983,0.02569058618,No,No,Normal,Safe,Stable
2024-05-12 06:00:00,May,262.05,92.93,1,26.6,6.68,7.89,3.19,5,5,0,2,29.1,33.9,24.1,5.96,5,13.05263158,4.736842105,8.239000583,0.4056792208,0.02542780812,Yes,Yes,Normal,Safe,Stable
2024-05-12 07:00:00,May,262.05,92.93,1,26.6,6.68,7.89,3.19,5,5,0,5,29.1,33.9,24.1,5.96,5,13.10526316,4.473684211,8.216802313,0.4063020433,0.02516503006,No,No,Normal,Safe,Stable
2024-05-12 08:00:00,May,262.05,92.93,1,26.6,6.68,7.89,3.19,5,5,0,2,29.1,33.9,24.1,5.96,5,13.15789474,4.210526316,8.194604044,0.4069248658,0.02490225201,Yes,No,Normal,Safe,Stable
2024-05-12 09:00:00,May,262.05,92.93,1,26.6,6.68,7.89,3.19,5,5,0,5,29.1,33.9,24.1,5.96,5,13.21052632,3.947368421,8.172405774,0.4075476884,0.02463947395,No,No,Normal,Safe,Stable
2024-05-12 10:00:00,May,262.05,92.93,1,26.6,6.68,7.89,3.19,5,5,0,5,29.1,33.9,24.1,5.96,5,13.26315789,3.684210526,8.150207504,0.4081705109,0.02437669589,Yes,No,Normal,Safe,Stable
2024-05-12 11:00:00,May,262.05,92.93,1,26.6,6.68,7.89,3.19,5,5,1,2,29.1,33.9,24.1,5.96,5,13.31578947,3.421052632,8.128009234,0.4087933334,0.02411391783,No,No,Normal,Safe,Stable
2024-05-12 12:00:00,May,262.05,92.93,1,26.6,6.68,7.89,3.19,5,5,0,4,29.1,33.9,24.1,5.96,5,13.36842105,3.157894737,8.105810965,0.4094161559,0.02385113978,Yes,Yes,Normal,Safe,Stable
2024-05-12 13:00:00,May,262.05,92.93,1,26.6,6.68,7.89,3.19,5,5,0,5,29.1,33.9,24.1,5.96,5,13.42105263,2.894736842,8.083612695,0.4100389784,0.02358836172,No,No,Normal,Safe,Stable
2024-05-12 14:00:00,May,262.05,92.93,1,26.6,6.68,7.89,3.19,5,5,0,1,29.1,33.9,24.1,5.96,5,13.47368421,2.631578947,8.061414425,0.4106618009,0.02332558366,Yes,No,Normal,Safe,Stable
2024-05-12 15:00:00,May,262.05,92.93,1,26.6,6.68,7.89,3.19,5,5,0,4,29.1,33.9,24.1,5.96,5,13.52631579,2.368421053,8.039216155,0.4112846234,0.0230628056,No,No,Normal,Safe,Stable
2024-05-12 16:00:00,May,262.05,92.93,1,26.6,6.68,7.89,3.19,5,5,0,4,29.1,33.9,24.1,5.96,5,13.57894737,2.105263158,8.017017886,0.4119074459,0.02280002755,Yes,No,Normal,Safe,Stable
2024-05-12 17:00:00,May,262.05,92.93,1,26.6,6.68,7.89,3.19,5,5,0,4,29.1,33.9,24.1,5.96,5,13.63157895,1.842105263,7.994819616,0.4125302685,0.02253724949,No,No,Normal,Safe,Stable
2024-05-12 18:00:00,May,262.05,92.93,1,26.6,6.68,7.89,3.19,5,5,0,1,29.1,33.9,24.1,5.96,5,13.68421053,1.578947368,7.972621346,0.413153091,0.02227447143,Yes,Yes,Normal,Safe,Stable
2024-05-12 19:00:00,May,262.05,92.93,1,26.6,6.68,7.89,3.19,5,5,0,2,29.1,33.9,24.1,5.96,5,13.73684211,1.315789474,7.950423076,0.4137759135,0.02201169337,No,No,Normal,Safe,Stable
2024-05-12 20:00:00,May,262.05,92.93,1,26.6,6.68,7.89,3.19,5,5,0,4,29.1,33.9,24.1,5.96,5,13.78947368,1.052631579,7.928224807,0.414398736,0.02174891532,Yes,No,Normal,Safe,Stable
2024-05-12 21:00:00,May,262.05,92.93,1,26.6,6.68,7.89,3.19,5,5,0,4,29.1,33.9,24.1,5.96,5,13.84210526,0.7894736842,7.906026537,0.4150215585,0.02148613726,No,No,Normal,Safe,Stable
2024-05-12 22:00:00,May,262.05,92.93,1,26.6,6.68,7.89,3.19,5,5,1,5,29.1,33.9,24.1,5.96,5,13.89473684,0.5263157895,7.883828267,0.415644381,0.0212233592,Yes,No,Normal,Safe,Stable
2024-05-12 23:00:00,May,262.05,92.93,1,26.6,6.68,7.89,3.19,5,5,0,1,29.1,33.9,24.1,5.96,5,13.94736842,0.2631578947,7.861629997,0.4162672035,0.02096058114,No,No,Normal,Safe,Stable
2024-05-13 00:00:00,May,262.05,92.93,1,26.6,6.68,7.89,3.19,5,5,0,6,29.1,33.9,24.1,5.96,5,14,0,7.839431728,0.416890026,0.02069780309,Yes,Yes,Normal,Safe,Stable
2024-05-13 01:00:00,May,262.05,92.93,1,26.6,6.68,7.89,3.19,5,5,0,1,29.1,33.9,24.1,5.96,5,14,1,8.465880351,0.3225783505,0.1281348096,No,No,Normal,Safe,Stable
2024-05-13 02:00:00,May,262.05,92.93,1,26.6,6.68,7.89,3.19,5,5,0,6,29.1,33.9,24.1,5.96,5,14,2,8.310259522,0.3512345449,0.4382158294,Yes,No,Normal,Safe,Stable
2024-05-13 03:00:00,May,262.05,92.93,1,26.6,6.68,7.89,3.19,5,5,0,4,29.1,33.9,24.1,5.96,5,14,3,7.919493749,0.320906052,0.8348100619,No,No,Normal,Safe,Stable
2024-05-13 04:00:00,May,262.05,92.93,1,26.6,6.68,7.89,3.19,5,5,0,4,29.1,33.9,24.1,5.96,5,14,4,7.992538577,0.942620052,-0.006850855898,Yes,No,Normal,Safe,Stable
2024-05-13 05:00:00,May,262.05,92.93,1,26.6,6.68,7.89,3.19,5,5,0,4,29.1,33.9,24.1,5.96,5,14,5,8.483072822,0.4203645556,0.03303063776,No,No,Normal,Safe,Stable
2024-05-13 06:00:00,May,262.05,92.93,1,26.6,6.68,7.89,3.19,5,5,0,2,29.1,33.9,24.1,5.96,5,14.05263158,4.736842105,8.436996226,0.4493944885,0.03122529821,Yes,Yes,Normal,Safe,Stable
2024-05-13 07:00:00,May,262.05,92.93,1,26.6,6.68,7.89,3.19,5,5,0,5,29.1,33.9,24.1,5.96,5,14.10526316,4.473684211,8.390919631,0.4784244215,0.02941995866,No,No,Normal,Safe,Stable
2024-05-13 08:00:00,May,262.05,92.93,1,26.6,6.68,7.89,3.19,5,5,1,1,29.1,33.9,24.1,5.96,5,14.15789474,4.210526316,8.344843036,0.5074543544,0.02761461911,Yes,No,Normal,Safe,Stable
2024-05-13 09:00:00,May,262.05,92.93,1,26.6,6.68,7.89,3.19,5,5,1,6,29.1,33.9,24.1,5.96,5,14.21052632,3.947368421,8.29876644,0.5364842873,0.02580927956,No,No,Normal,Safe,Stable
2024-05-13 10:00:00,May,262.05,92.93,1,26.6,6.68,7.89,3.19,5,5,0,4,29.1,33.9,24.1,5.96,5,14.26315789,3.684210526,8.252689845,0.5655142203,0.02400394001,Yes,No,Normal,Safe,Stable
2024-05-13 11:00:00,May,262.05,92.93,1,26.6,6.68,7.89,3.19,5,5,0,4,29.1,33.9,24.1,5.96,5,14.31578947,3.421052632,8.20661325,0.5945441532,0.02219860046,No,No,Normal,Safe,Stable
2024-05-13 12:00:00,May,262.05,92.93,1,26.6,6.68,7.89,3.19,5,5,1,5,29.1,33.9,24.1,5.96,5,14.36842105,3.157894737,8.160536654,0.6235740862,0.02039326091,Yes,Yes,Normal,Safe,Stable
2024-05-13 13:00:00,May,262.05,92.93,1,26.6,6.68,7.89,3.19,5,5,0,1,29.1,33.9,24.1,5.96,5,14.42105263,2.894736842,8.114460059,0.6526040191,0.01858792136,No,No,Normal,Safe,Stable
2024-05-13 14:00:00,May,262.05,92.93,1,26.6,6.68,7.89,3.19,5,5,0,4,29.1,33.9,24.1,5.96,5,14.47368421,2.631578947,8.068383464,0.681633952,0.01678258181,Yes,No,Normal,Safe,Stable
2024-05-13 15:00:00,May,262.05,92.93,1,26.6,6.68,7.89,3.19,5,5,0,1,29.1,33.9,24.1,5.96,5,14.52631579,2.368421053,8.022306868,0.710663885,0.01497724226,No,No,Normal,Safe,Stable
2024-05-13 16:00:00,May,262.05,92.93,1,26.6,6.68,7.89,3.19,5,5,1,1,29.1,33.9,24.1,5.96,5,14.57894737,2.105263158,7.976230273,0.7396938179,0.01317190271,Yes,No,Normal,Safe,Stable
2024-05-13 17:00:00,May,262.05,92.93,1,26.6,6.68,7.89,3.19,5,5,0,4,29.1,33.9,24.1,5.96,5,14.63157895,1.842105263,7.930153678,0.7687237509,0.01136656316,No,No,Normal,Safe,Stable
2024-05-13 18:00:00,May,262.05,92.93,1,26.6,6.68,7.89,3.19,5,5,0,6,29.1,33.9,24.1,5.96,5,14.68421053,1.578947368,7.884077082,0.7977536838,0.009561223612,Yes,Yes,Normal,Safe,Stable
2024-05-13 19:00:00,May,262.05,92.93,1,26.6,6.68,7.89,3.19,5,5,0,5,29.1,33.9,24.1,5.96,5,14.73684211,1.315789474,7.838000487,0.8267836167,0.007755884062,No,No,Normal,Safe,Stable
2024-05-13 20:00:00,May,262.05,92.93,1,26.6,6.68,7.89,3.19,5,5,0,4,29.1,33.9,24.1,5.96,5,14.78947368,1.052631579,7.791923892,0.8558135497,0.005950544512,Yes,No,Normal,Safe,Stable
2024-05-13 21:00:00,May,262.05,92.93,1,26.6,6.68,7.89,3.19,5,5,0,4,29.1,33.9,24.1,5.96,5,14.84210526,0.7894736842,7.745847296,0.8848434826,0.004145204962,No,No,Normal,Safe,Stable
2024-05-13 22:00:00,May,262.05,92.93,1,26.6,6.68,7.89,3.19,5,5,0,5,29.1,33.9,24.1,5.96,5,14.89473684,0.5263157895,7.699770701,0.9138734156,0.002339865412,Yes,No,Normal,Safe,Stable
2024-05-13 23:00:00,May,262.05,92.93,1,26.6,6.68,7.89,3.19,5,5,1,4,29.1,33.9,24.1,5.96,5,14.94736842,0.2631578947,7.653694106,0.9429033485,0.0005345258621,No,No,Normal,Safe,Stable
2024-05-14 00:00:00,May,262.05,92.93,1,26.6,6.68,7.89,3.19,5,5,0,1,29.1,33.9,24.1,5.96,5,15,0,7.60761751,0.9719332815,-0.001270813688,Yes,Yes,Normal,Safe,Stable
2024-05-14 01:00:00,May,262.05,92.93,1,26.6,6.68,7.89,3.19,5,5,0,5,29.1,33.9,24.1,5.96,5,15,1,8.089811149,0.3277831617,0.105870984,No,No,Normal,Safe,Stable
2024-05-14 02:00:00,May,262.05,92.93,1,26.6,6.68,7.89,3.19,5,5,0,6,29.1,33.9,24.1,5.96,5,15,2,7.593914931,0.9485094648,-0.04135347439,Yes,No,Normal,Safe,Stable
2024-05-14 03:00:00,May,262.05,92.93,1,26.6,6.68,7.89,3.19,5,5,0,6,29.1,33.9,24.1,5.96,5,15,3,8.221427886,0.5274260101,0.006877228691,No,No,Normal,Safe,Stable
2024-05-14 04:00:00,May,262.05,92.93,1,26.6,6.68,7.89,3.19,5,5,0,6,29.1,33.9,24.1,5.96,5,15,4,7.872119578,0.9767107952,-0.02926474751,Yes,No,Normal,Safe,Stable
2024-05-14 05:00:00,May,262.05,92.93,1,26.6,6.68,7.89,3.19,5,5,0,5,29.1,33.9,24.1,5.96,5,15,5,8.511029793,0.368628944,0.01063433858,No,No,Normal,Safe,Stable
2024-05-14 06:00:00,May,262.05,92.93,1,26.6,6.68,7.89,3.19,5,5,0,5,29.1,33.9,24.1,5.96,5,15.05263158,4.736842105,8.492253426,0.3718750516,0.01125196091,Yes,Yes,Normal,Safe,Stable
2024-05-14 07:00:00,May,262.05,92.93,1,26.6,6.68,7.89,3.19,5,5,0,1,29.1,33.9,24.1,5.96,5,15.10526316,4.473684211,8.473477059,0.3751211593,0.01186958324,No,No,Normal,Safe,Stable
2024-05-14 08:00:00,May,262.05,92.93,1,26.6,6.68,7.89,3.19,5,5,0,4,29.1,33.9,24.1,5.96,5,15.15789474,4.210526316,8.454700692,0.3783672669,0.01248720557,Yes,No,Normal,Safe,Stable
2024-05-14 09:00:00,May,262.05,92.93,1,26.6,6.68,7.89,3.19,5,5,0,5,29.1,33.9,24.1,5.96,5,15.21052632,3.947368421,8.435924325,0.3816133746,0.01310482789,No,No,Normal,Safe,Stable
2024-05-14 10:00:00,May,262.05,92.93,1,26.6,6.68,7.89,3.19,5,5,0,4,29.1,33.9,24.1,5.96,5,15.26315789,3.684210526,8.417147958,0.3848594823,0.01372245022,Yes,No,Normal,Safe,Stable
2024-05-14 11:00:00,May,262.05,92.93,1,26.6,6.68,7.89,3.19,5,5,0,1,29.1,33.9,24.1,5.96,5,15.31578947,3.421052632,8.398371591,0.3881055899,0.01434007255,No,No,Normal,Safe,Stable
2024-05-14 12:00:00,May,262.05,92.93,1,26.6,6.68,7.89,3.19,5,5,0,4,29.1,33.9,24.1,5.96,5,15.36842105,3.157894737,8.379595224,0.3913516976,0.01495769488,Yes,Yes,Normal,Safe,Stable
2024-05-14 13:00:00,May,262.05,92.93,1,26.6,6.68,7.89,3.19,5,5,0,5,29.1,33.9,24.1,5.96,5,15.42105263,2.894736842,8.360818857,0.3945978052,0.01557531721,No,No,Normal,Safe,Stable
2024-05-14 14:00:00,May,262.05,92.93,1,26.6,6.68,7.89,3.19,5,5,0,4,29.1,33.9,24.1,5.96,5,15.47368421,2.631578947,8.34204249,0.3978439129,0.01619293953,Yes,No,Normal,Safe,Stable
2024-05-14 15:00:00,May,262.05,92.93,1,26.6,6.68,7.89,3.19,5,5,0,2,29.1,33.9,24.1,5.96,5,15.52631579,2.368421053,8.323266123,0.4010900205,0.01681056186,No,No,Normal,Safe,Stable
2024-05-14 16:00:00,May,262.05,92.93,1,26.6,6.68,7.89,3.19,5,5,0,4,29.1,33.9,24.1,5.96,5,15.57894737,2.105263158,8.304489756,0.4043361282,0.01742818419,Yes,No,Normal,Safe,Stable
2024-05-14 17:00:00,May,262.05,92.93,1,26.6,6.68,7.89,3.19,5,5,0,5,29.1,33.9,24.1,5.96,5,15.63157895,1.842105263,8.285713389,0.4075822359,0.01804580652,No,No,Normal,Safe,Stable
2024-05-14 18:00:00,May,262.05,92.93,1,26.6,6.68,7.89,3.19,5,5,0,5,29.1,33.9,24.1,5.96,5,15.68421053,1.578947368,8.266937023,0.4108283435,0.01866342884,Yes,Yes,Normal,Safe,Stable
2024-05-14 19:00:00,May,262.05,92.93,1,26.6,6.68,7.89,3.19,5,5,0,5,29.1,33.9,24.1,5.96,5,15.73684211,1.315789474,8.248160656,0.4140744512,0.01928105117,No,No,Normal,Safe,Stable
2024-05-14 20:00:00,May,262.05,92.93,1,26.6,6.68,7.89,3.19,5,5,0,5,29.1,33.9,24.1,5.96,5,15.78947368,1.052631579,8.229384289,0.4173205588,0.0198986735,Yes,No,Normal,Safe,Stable
2024-05-14 21:00:00,May,262.05,92.93,1,26.6,6.68,7.89,3.19,5,5,0,5,29.1,33.9,24.1,5.96,5,15.84210526,0.7894736842,8.210607922,0.4205666665,0.02051629583,No,No,Normal,Safe,Stable
2024-05-14 22:00:00,May,262.05,92.93,1,26.6,6.68,7.89,3.19,5,5,0,4,29.1,33.9,24.1,5.96,5,15.89473684,0.5263157895,8.191831555,0.4238127742,0.02113391816,Yes,No,Normal,Safe,Stable
2024-05-14 23:00:00,May,262.05,92.93,1,26.6,6.68,7.89,3.19,5,5,0,4,29.1,33.9,24.1,5.96,5,15.94736842,0.2631578947,8.173055188,0.4270588818,0.02175154048,No,No,Normal,Safe,Stable
2024-05-15 00:00:00,May,262.05,92.93,1,26.6,6.68,7.89,3.19,5,5,1,4,29.1,33.9,24.1,5.96,5,16,0,8.154278821,0.4303049895,0.02236916281,Yes,Yes,Normal,Safe,Stable
2024-05-15 01:00:00,May,262.05,92.93,1,26.6,6.68,7.89,3.19,5,5,1,2,29.1,33.9,24.1,5.96,5,16,1,7.828699262,0.9479373385,0.02568545967,No,No,Normal,Safe,Stable
2024-05-15 02:00:00,May,262.05,92.93,1,26.6,6.68,7.89,3.19,5,5,0,2,29.1,33.9,24.1,5.96,5,16,2,8.117283208,0.9676996898,0.008426271859,Yes,No,Normal,Safe,Stable
2024-05-15 03:00:00,May,262.05,92.93,1,26.6,6.68,7.89,3.19,5,5,0,2,29.1,33.9,24.1,5.96,5,16,3,8.47419008,0.1900174932,0.9095825809,No,No,Normal,Safe,Stable
2024-05-15 04:00:00,May,262.05,92.93,1,26.6,6.68,7.89,3.19,5,5,0,4,29.1,33.9,24.1,5.96,5,16,4,8.329895313,0.9832217517,-0.02160270421,Yes,No,Normal,Safe,Stable
2024-05-15 05:00:00,May,262.05,92.93,1,26.6,6.68,7.89,3.19,5,5,0,4,29.1,33.9,24.1,5.96,5,16,5,8.543348266,0.3802868339,0.01816270562,No,No,Normal,Safe,Stable
2024-05-15 06:00:00,May,262.05,92.93,1,26.6,6.68,7.89,3.19,5,5,0,4,29.1,33.9,24.1,5.96,5,16.05263158,4.736842105,8.514270518,0.3802940897,0.01761829119,Yes,Yes,Normal,Safe,Stable
2024-05-15 07:00:00,May,262.05,92.93,1,26.6,6.68,7.89,3.19,5,5,0,4,29.1,33.9,24.1,5.96,5,16.10526316,4.473684211,8.48519277,0.3803013456,0.01707387676,No,No,Normal,Safe,Stable
2024-05-15 08:00:00,May,262.05,92.93,1,26.6,6.68,7.89,3.19,5,5,0,6,29.1,33.9,24.1,5.96,5,16.15789474,4.210526316,8.456115022,0.3803086014,0.01652946233,Yes,No,Normal,Safe,Stable
2024-05-15 09:00:00,May,262.05,92.93,1,26.6,6.68,7.89,3.19,5,5,0,2,29.1,33.9,24.1,5.96,5,16.21052632,3.947368421,8.427037274,0.3803158572,0.0159850479,No,No,Normal,Safe,Stable
2024-05-15 10:00:00,May,262.05,92.93,1,26.6,6.68,7.89,3.19,5,5,0,2,29.1,33.9,24.1,5.96,5,16.26315789,3.684210526,8.397959526,0.380323113,0.01544063347,Yes,No,Normal,Safe,Stable
2024-05-15 11:00:00,May,262.05,92.93,1,26.6,6.68,7.89,3.19,5,5,0,4,29.1,33.9,24.1,5.96,5,16.31578947,3.421052632,8.368881779,0.3803303688,0.01489621904,No,No,Normal,Safe,Stable
2024-05-15 12:00:00,May,262.05,92.93,1,26.6,6.68,7.89,3.19,5,5,1,2,29.1,33.9,24.1,5.96,5,16.36842105,3.157894737,8.339804031,0.3803376246,0.01435180461,Yes,Yes,Normal,Safe,Stable
2024-05-15 13:00:00,May,262.05,92.93,1,26.6,6.68,7.89,3.19,5,5,1,2,29.1,33.9,24.1,5.96,5,16.42105263,2.894736842,8.310726283,0.3803448804,0.01380739018,No,No,Normal,Safe,Stable
2024-05-15 14:00:00,May,262.05,92.93,1,26.6,6.68,7.89,3.19,5,5,0,5,29.1,33.9,24.1,5.96,5,16.47368421,2.631578947,8.281648535,0.3803521362,0.01326297575,Yes,No,Normal,Safe,Stable
2024-05-15 15:00:00,May,262.05,92.93,1,26.6,6.68,7.89,3.19,5,5,0,5,29.1,33.9,24.1,5.96,5,16.52631579,2.368421053,8.252570787,0.380359392,0.01271856132,No,No,Normal,Safe,Stable
2024-05-15 16:00:00,May,262.05,92.93,1,26.6,6.68,7.89,3.19,5,5,0,4,29.1,33.9,24.1,5.96,5,16.57894737,2.105263158,8.223493039,0.3803666478,0.01217414688,Yes,No,Normal,Safe,Stable
2024-05-15 17:00:00,May,262.05,92.93,1,26.6,6.68,7.89,3.19,5,5,0,5,29.1,33.9,24.1,5.96,5,16.63157895,1.842105263,8.194415292,0.3803739036,0.01162973245,No,No,Normal,Safe,Stable
2024-05-15 18:00:00,May,262.05,92.93,1,26.6,6.68,7.89,3.19,5,5,1,2,29.1,33.9,24.1,5.96,5,16.68421053,1.578947368,8.165337544,0.3803811594,0.01108531802,Yes,Yes,Normal,Safe,Stable
2024-05-15 19:00:00,May,262.05,92.93,1,26.6,6.68,7.89,3.19,5,5,0,4,29.1,33.9,24.1,5.96,5,16.73684211,1.315789474,8.136259796,0.3803884152,0.01054090359,No,No,Normal,Safe,Stable
2024-05-15 20:00:00,May,262.05,92.93,1,26.6,6.68,7.89,3.19,5,5,1,6,29.1,33.9,24.1,5.96,5,16.78947368,1.052631579,8.107182048,0.380395671,0.009996489163,Yes,No,Normal,Safe,Stable
2024-05-15 21:00:00,May,262.05,92.93,1,26.6,6.68,7.89,3.19,5,5,0,6,29.1,33.9,24.1,5.96,5,16.84210526,0.7894736842,8.0781043,0.3804029269,0.009452074732,No,No,Normal,Safe,Stable
2024-05-15 22:00:00,May,262.05,92.93,1,26.6,6.68,7.89,3.19,5,5,0,4,29.1,33.9,24.1,5.96,5,16.89473684,0.5263157895,8.049026552,0.3804101827,0.008907660302,Yes,No,Normal,Safe,Stable
2024-05-15 23:00:00,May,262.05,92.93,1,26.6,6.68,7.89,3.19,5,5,0,4,29.1,33.9,24.1,5.96,5,16.94736842,0.2631578947,8.019948804,0.3804174385,0.008363245871,No,No,Normal,Safe,Stable
2024-05-16 00:00:00,May,262.05,92.93,1,26.6,6.68,7.89,3.19,5,5,0,4,29.1,33.9,24.1,5.96,5,17,0,7.990871057,0.3804246943,0.007818831441,Yes,Yes,Normal,Safe,Stable
2024-05-16 01:00:00,May,262.05,92.93,1,26.6,6.68,7.89,3.19,5,5,1,5,29.1,33.9,24.1,5.96,5,17,1,8.258492166,0.3684108987,0.1514122571,No,No,Normal,Safe,Stable
2024-05-16 02:00:00,May,262.05,92.93,1,26.6,6.68,7.89,3.19,5,5,0,4,29.1,33.9,24.1,5.96,5,17,2,8.040317355,0.3379199495,0.4456347188,Yes,No,Normal,Safe,Stable
2024-05-16 03:00:00,May,262.05,92.93,1,26.6,6.68,7.89,3.19,5,5,0,5,29.1,33.9,24.1,5.96,5,17,3,8.089629973,0.2119761285,0.8825795554,No,No,Normal,Safe,Stable
2024-05-16 04:00:00,May,262.05,92.93,1,26.6,6.68,7.89,3.19,5,5,1,4,29.1,33.9,24.1,5.96,5,17,4,8.20904898,0.300280762,0.8182125176,Yes,No,Normal,Safe,Stable
2024-05-16 05:00:00,May,262.05,92.93,1,26.6,6.68,7.89,3.19,5,5,0,5,29.1,33.9,24.1,5.96,5,17,5,8.225762403,0.3838801937,0.0229774271,No,No,Normal,Safe,Stable
2024-05-16 06:00:00,May,262.05,92.93,1,26.6,6.68,7.89,3.19,5,5,1,5,29.1,33.9,24.1,5.96,5,17.05263158,4.736842105,8.226870562,0.3837368486,0.02190543552,Yes,Yes,Normal,Safe,Stable
2024-05-16 07:00:00,May,262.05,92.93,1,26.6,6.68,7.89,3.19,5,5,0,4,29.1,33.9,24.1,5.96,5,17.10526316,4.473684211,8.227978722,0.3835935035,0.02083344395,No,No,Normal,Safe,Stable
2024-05-16 08:00:00,May,262.05,92.93,1,26.6,6.68,7.89,3.19,5,5,0,2,29.1,33.9,24.1,5.96,5,17.15789474,4.210526316,8.229086881,0.3834501584,0.01976145237,Yes,No,Normal,Safe,Stable
2024-05-16 09:00:00,May,262.05,92.93,1,26.6,6.68,7.89,3.19,5,5,0,2,29.1,33.9,24.1,5.96,5,17.21052632,3.947368421,8.23019504,0.3833068133,0.01868946079,No,No,Normal,Safe,Stable
2024-05-16 10:00:00,May,262.05,92.93,1,26.6,6.68,7.89,3.19,5,5,0,2,29.1,33.9,24.1,5.96,5,17.26315789,3.684210526,8.231303199,0.3831634682,0.01761746922,Yes,No,Normal,Safe,Stable
2024-05-16 11:00:00,May,262.05,92.93,1,26.6,6.68,7.89,3.19,5,5,0,2,29.1,33.9,24.1,5.96,5,17.31578947,3.421052632,8.232411358,0.3830201231,0.01654547764,No,No,Normal,Safe,Stable
2024-05-16 12:00:00,May,262.05,92.93,1,26.6,6.68,7.89,3.19,5,5,0,4,29.1,33.9,24.1,5.96,5,17.36842105,3.157894737,8.233519518,0.382876778,0.01547348607,Yes,Yes,Normal,Safe,Stable
2024-05-16 13:00:00,May,262.05,92.93,1,26.6,6.68,7.89,3.19,5,5,0,2,29.1,33.9,24.1,5.96,5,17.42105263,2.894736842,8.234627677,0.3827334329,0.01440149449,No,No,Normal,Safe,Stable
2024-05-16 14:00:00,May,262.05,92.93,1,26.6,6.68,7.89,3.19,5,5,0,6,29.1,33.9,24.1,5.96,5,17.47368421,2.631578947,8.235735836,0.3825900878,0.01332950291,Yes,No,Normal,Safe,Stable
2024-05-16 15:00:00,May,262.05,92.93,1,26.6,6.68,7.89,3.19,5,5,0,1,29.1,33.9,24.1,5.96,5,17.52631579,2.368421053,8.236843995,0.3824467427,0.01225751134,No,No,Normal,Safe,Stable
2024-05-16 16:00:00,May,262.05,92.93,1,26.6,6.68,7.89,3.19,5,5,1,4,29.1,33.9,24.1,5.96,5,17.57894737,2.105263158,8.237952154,0.3823033976,0.01118551976,Yes,No,Normal,Safe,Stable
2024-05-16 17:00:00,May,262.05,92.93,1,26.6,6.68,7.89,3.19,5,5,1,4,29.1,33.9,24.1,5.96,5,17.63157895,1.842105263,8.239060313,0.3821600525,0.01011352818,No,No,Normal,Safe,Stable
2024-05-16 18:00:00,May,262.05,92.93,1,26.6,6.68,7.89,3.19,5,5,0,1,29.1,33.9,24.1,5.96,5,17.68421053,1.578947368,8.240168473,0.3820167074,0.009041536606,Yes,Yes,Normal,Safe,Stable
2024-05-16 19:00:00,May,262.05,92.93,1,26.6,6.68,7.89,3.19,5,5,0,2,29.1,33.9,24.1,5.96,5,17.73684211,1.315789474,8.241276632,0.3818733623,0.007969545029,No,No,Normal,Safe,Stable
2024-05-16 20:00:00,May,262.05,92.93,1,26.6,6.68,7.89,3.19,5,5,0,6,29.1,33.9,24.1,5.96,5,17.78947368,1.052631579,8.242384791,0.3817300172,0.006897553452,Yes,No,Normal,Safe,Stable
2024-05-16 21:00:00,May,262.05,92.93,1,26.6,6.68,7.89,3.19,5,5,0,5,29.1,33.9,24.1,5.96,5,17.84210526,0.7894736842,8.24349295,0.3815866721,0.005825561876,No,No,Normal,Safe,Stable
2024-05-16 22:00:00,May,262.05,92.93,1,26.6,6.68,7.89,3.19,5,5,0,4,29.1,33.9,24.1,5.96,5,17.89473684,0.5263157895,8.244601109,0.381443327,0.004753570299,Yes,No,Normal,Safe,Stable
2024-05-16 23:00:00,May,262.05,92.93,1,26.6,6.68,7.89,3.19,5,5,0,4,29.1,33.9,24.1,5.96,5,17.94736842,0.2631578947,8.245709268,0.3812999819,0.003681578723,No,No,Normal,Safe,Stable
2024-05-17 00:00:00,May,262.05,92.93,1,26.6,6.68,7.89,3.19,5,5,0,4,29.1,33.9,24.1,5.96,5,18,0,8.246817428,0.3811566368,0.002609587146,Yes,Yes,Normal,Safe,Stable
2024-05-17 01:00:00,May,262.05,92.93,1,26.6,6.68,7.89,3.19,5,5,0,5,29.1,33.9,24.1,5.96,5,18,1,8.134919765,0.3187209146,0.133397199,No,No,Normal,Safe,Stable
2024-05-17 02:00:00,May,262.05,92.93,1,26.6,6.68,7.89,3.19,5,5,0,4,29.1,33.9,24.1,5.96,5,18,2,8.200415141,0.9918865887,0.02101477721,Yes,No,Normal,Safe,Stable
2024-05-17 03:00:00,May,262.05,92.93,1,26.6,6.68,7.89,3.19,5,5,1,5,29.1,33.9,24.1,5.96,5,18,3,8.181920178,0.2102448991,0.8574988146,No,No,Normal,Safe,Stable
2024-05-17 04:00:00,May,262.05,92.93,1,26.6,6.68,7.89,3.19,5,5,0,5,29.1,33.9,24.1,5.96,5,18,4,8.201117009,0.2921544179,0.978846546,Yes,No,Normal,Safe,Stable
2024-05-17 05:00:00,May,262.05,92.93,1,26.6,6.68,7.89,3.19,5,5,0,1,29.1,33.9,24.1,5.96,5,18,5,8.135400093,0.3950705562,0.01006950149,No,No,Normal,Safe,Stable
2024-05-17 06:00:00,May,262.05,92.93,1,26.6,6.68,7.89,3.19,5,5,0,2,29.1,33.9,24.1,5.96,5,18.05263158,4.736842105,8.143909499,0.3959247835,0.01014208225,Yes,Yes,Normal,Safe,Stable
2024-05-17 07:00:00,May,262.05,92.93,1,26.6,6.68,7.89,3.19,5,5,0,5,29.1,33.9,24.1,5.96,5,18.10526316,4.473684211,8.152418904,0.3967790108,0.01021466302,No,No,Normal,Safe,Stable
2024-05-17 08:00:00,May,262.05,92.93,1,26.6,6.68,7.89,3.19,5,5,0,5,29.1,33.9,24.1,5.96,5,18.15789474,4.210526316,8.160928309,0.3976332381,0.01028724379,Yes,No,Normal,Safe,Stable
2024-05-17 09:00:00,May,262.05,92.93,1,26.6,6.68,7.89,3.19,5,5,0,2,29.1,33.9,24.1,5.96,5,18.21052632,3.947368421,8.169437715,0.3984874654,0.01035982456,No,No,Normal,Safe,Stable
2024-05-17 10:00:00,May,262.05,92.93,1,26.6,6.68,7.89,3.19,5,5,0,1,29.1,33.9,24.1,5.96,5,18.26315789,3.684210526,8.17794712,0.3993416928,0.01043240533,Yes,No,Normal,Safe,Stable
2024-05-17 11:00:00,May,262.05,92.93,1,26.6,6.68,7.89,3.19,5,5,0,5,29.1,33.9,24.1,5.96,5,18.31578947,3.421052632,8.186456525,0.4001959201,0.0105049861,No,No,Normal,Safe,Stable
2024-05-17 12:00:00,May,262.05,92.93,1,26.6,6.68,7.89,3.19,5,5,0,5,29.1,33.9,24.1,5.96,5,18.36842105,3.157894737,8.194965931,0.4010501474,0.01057756687,Yes,Yes,Normal,Safe,Stable
2024-05-17 13:00:00,May,262.05,92.93,1,26.6,6.68,7.89,3.19,5,5,0,6,29.1,33.9,24.1,5.96,5,18.42105263,2.894736842,8.203475336,0.4019043747,0.01065014764,No,No,Normal,Safe,Stable
2024-05-17 14:00:00,May,262.05,92.93,1,26.6,6.68,7.89,3.19,5,5,0,5,29.1,33.9,24.1,5.96,5,18.47368421,2.631578947,8.211984741,0.402758602,0.0107227284,Yes,No,Normal,Safe,Stable
2024-05-17 15:00:00,May,262.05,92.93,1,26.6,6.68,7.89,3.19,5,5,0,4,29.1,33.9,24.1,5.96,5,18.52631579,2.368421053,8.220494147,0.4036128293,0.01079530917,No,No,Normal,Safe,Stable
2024-05-17 16:00:00,May,262.05,92.93,1,26.6,6.68,7.89,3.19,5,5,1,4,29.1,33.9,24.1,5.96,5,18.57894737,2.105263158,8.229003552,0.4044670566,0.01086788994,Yes,No,Normal,Safe,Stable
2024-05-17 17:00:00,May,262.05,92.93,1,26.6,6.68,7.89,3.19,5,5,0,2,29.1,33.9,24.1,5.96,5,18.63157895,1.842105263,8.237512958,0.405321284,0.01094047071,No,No,Normal,Safe,Stable
2024-05-17 18:00:00,May,262.05,92.93,1,26.6,6.68,7.89,3.19,5,5,1,4,29.1,33.9,24.1,5.96,5,18.68421053,1.578947368,8.246022363,0.4061755113,0.01101305148,Yes,Yes,Normal,Safe,Stable
2024-05-17 19:00:00,May,262.05,92.93,1,26.6,6.68,7.89,3.19,5,5,0,2,29.1,33.9,24.1,5.96,5,18.73684211,1.315789474,8.254531768,0.4070297386,0.01108563225,No,No,Normal,Safe,Stable
2024-05-17 20:00:00,May,262.05,92.93,1,26.6,6.68,7.89,3.19,5,5,0,5,29.1,33.9,24.1,5.96,5,18.78947368,1.052631579,8.263041174,0.4078839659,0.01115821302,Yes,No,Normal,Safe,Stable
2024-05-17 21:00:00,May,262.05,92.93,1,26.6,6.68,7.89,3.19,5,5,0,5,29.1,33.9,24.1,5.96,5,18.84210526,0.7894736842,8.271550579,0.4087381932,0.01123079378,No,No,Normal,Safe,Stable
2024-05-17 22:00:00,May,262.05,92.93,1,26.6,6.68,7.89,3.19,5,5,0,5,29.1,33.9,24.1,5.96,5,18.89473684,0.5263157895,8.280059984,0.4095924205,0.01130337455,Yes,No,Normal,Safe,Stable
2024-05-17 23:00:00,May,262.05,92.93,1,26.6,6.68,7.89,3.19,5,5,0,4,29.1,33.9,24.1,5.96,5,18.94736842,0.2631578947,8.28856939,0.4104466479,0.01137595532,No,No,Normal,Safe,Stable
2024-05-18 00:00:00,May,262.05,92.93,1,26.6,6.68,7.89,3.19,5,5,1,2,29.1,33.9,24.1,5.96,5,19,0,8.297078795,0.4113008752,0.01144853609,Yes,Yes,Normal,Safe,Stable
2024-05-18 01:00:00,May,262.05,92.93,1,26.6,6.68,7.89,3.19,5,5,0,2,29.1,33.9,24.1,5.96,5,19,1,7.823990017,0.9485328886,0.002438634104,No,No,Normal,Safe,Stable
2024-05-18 02:00:00,May,262.05,92.93,1,26.6,6.68,7.89,3.19,5,5,0,4,29.1,33.9,24.1,5.96,5,19,2,7.773423189,0.9624066066,-0.02741024438,Yes,No,Normal,Safe,Stable
2024-05-18 03:00:00,May,262.05,92.93,1,26.6,6.68,7.89,3.19,5,5,0,2,29.1,33.9,24.1,5.96,5,19,3,8.339582889,0.5463130357,0.03586987472,No,No,Normal,Safe,Stable
2024-05-18 04:00:00,May,262.05,92.93,1,26.6,6.68,7.89,3.19,5,5,0,5,29.1,33.9,24.1,5.96,5,19,4,8.479405968,0.3119173086,0.9673897223,Yes,No,Normal,Safe,Stable
2024-05-18 05:00:00,May,262.05,92.93,1,26.6,6.68,7.89,3.19,5,5,0,5,29.1,33.9,24.1,5.96,5,19,5,8.518450343,0.3762348217,0.0211375517,No,No,Normal,Safe,Stable
2024-05-18 06:00:00,May,262.05,92.93,1,26.6,6.68,7.89,3.19,5,5,0,2,29.1,33.9,24.1,5.96,5,19.05263158,4.736842105,8.490445664,0.3777175267,0.01942904953,Yes,Yes,Normal,Safe,Stable
2024-05-18 07:00:00,May,262.05,92.93,1,26.6,6.68,7.89,3.19,5,5,0,5,29.1,33.9,24.1,5.96,5,19.10526316,4.473684211,8.462440986,0.3792002317,0.01772054737,No,No,Normal,Safe,Stable
2024-05-18 08:00:00,May,262.05,92.93,1,26.6,6.68,7.89,3.19,5,5,1,5,29.1,33.9,24.1,5.96,5,19.15789474,4.210526316,8.434436307,0.3806829367,0.0160120452,Yes,No,Normal,Safe,Stable
2024-05-18 09:00:00,May,262.05,92.93,1,26.6,6.68,7.89,3.19,5,5,1,4,29.1,33.9,24.1,5.96,5,19.21052632,3.947368421,8.406431629,0.3821656417,0.01430354303,No,No,Normal,Safe,Stable
2024-05-18 10:00:00,May,262.05,92.93,1,26.6,6.68,7.89,3.19,5,5,0,4,29.1,33.9,24.1,5.96,5,19.26315789,3.684210526,8.37842695,0.3836483468,0.01259504087,Yes,No,Normal,Safe,Stable
2024-05-18 11:00:00,May,262.05,92.93,1,26.6,6.68,7.89,3.19,5,5,0,5,29.1,33.9,24.1,5.96,5,19.31578947,3.421052632,8.350422272,0.3851310518,0.0108865387,No,No,Normal,Safe,Stable
2024-05-18 12:00:00,May,262.05,92.93,1,26.6,6.68,7.89,3.19,5,5,0,4,29.1,33.9,24.1,5.96,5,19.36842105,3.157894737,8.322417593,0.3866137568,0.009178036531,Yes,Yes,Normal,Safe,Stable
2024-05-18 13:00:00,May,262.05,92.93,1,26.6,6.68,7.89,3.19,5,5,0,4,29.1,33.9,24.1,5.96,5,19.42105263,2.894736842,8.294412915,0.3880964618,0.007469534364,No,No,Normal,Safe,Stable
2024-05-18 14:00:00,May,262.05,92.93,1,26.6,6.68,7.89,3.19,5,5,0,4,29.1,33.9,24.1,5.96,5,19.47368421,2.631578947,8.266408237,0.3895791669,0.005761032197,Yes,No,Normal,Safe,Stable
2024-05-18 15:00:00,May,262.05,92.93,1,26.6,6.68,7.89,3.19,5,5,0,5,29.1,33.9,24.1,5.96,5,19.52631579,2.368421053,8.238403558,0.3910618719,0.00405253003,No,No,Normal,Safe,Stable
2024-05-18 16:00:00,May,262.05,92.93,1,26.6,6.68,7.89,3.19,5,5,0,4,29.1,33.9,24.1,5.96,5,19.57894737,2.105263158,8.21039888,0.3925445769,0.002344027863,Yes,No,Normal,Safe,Stable
2024-05-18 17:00:00,May,262.05,92.93,1,26.6,6.68,7.89,3.19,5,5,0,5,29.1,33.9,24.1,5.96,5,19.63157895,1.842105263,8.182394201,0.3940272819,0.0006355256963,No,No,Normal,Safe,Stable
2024-05-18 18:00:00,May,262.05,92.93,1,26.6,6.68,7.89,3.19,5,5,0,6,29.1,33.9,24.1,5.96,5,19.68421053,1.578947368,8.154389523,0.3955099869,-0.001072976471,Yes,Yes,Normal,Safe,Stable
2024-05-18 19:00:00,May,262.05,92.93,1,26.6,6.68,7.89,3.19,5,5,0,4,29.1,33.9,24.1,5.96,5,19.73684211,1.315789474,8.126384844,0.396992692,-0.002781478638,No,No,Normal,Safe,Stable
2024-05-18 20:00:00,May,262.05,92.93,1,26.6,6.68,7.89,3.19,5,5,0,2,29.1,33.9,24.1,5.96,5,19.78947368,1.052631579,8.098380166,0.398475397,-0.004489980805,Yes,No,Normal,Safe,Stable
2024-05-18 21:00:00,May,262.05,92.93,1,26.6,6.68,7.89,3.19,5,5,0,5,29.1,33.9,24.1,5.96,5,19.84210526,0.7894736842,8.070375487,0.399958102,-0.006198482972,No,No,Normal,Safe,Stable
2024-05-18 22:00:00,May,262.05,92.93,1,26.6,6.68,7.89,3.19,5,5,0,2,29.1,33.9,24.1,5.96,5,19.89473684,0.5263157895,8.042370809,0.401440807,-0.007906985139,Yes,No,Normal,Safe,Stable
2024-05-18 23:00:00,May,262.05,92.93,1,26.6,6.68,7.89,3.19,5,5,0,1,29.1,33.9,24.1,5.96,5,19.94736842,0.2631578947,8.01436613,0.4029235121,-0.009615487306,No,No,Normal,Safe,Stable
2024-05-19 00:00:00,May,262.05,92.93,1,26.6,6.68,7.89,3.19,5,5,1,2,29.1,33.9,24.1,5.96,5,20,0,7.986361452,0.4044062171,-0.01132398947,Yes,Yes,Normal,Safe,Stable
2024-05-19 01:00:00,May,262.05,92.93,1,26.6,6.68,7.89,3.19,5,5,1,5,29.1,33.9,24.1,5.96,5,20,1,8.003552745,0.3498876579,0.114593396,No,No,Normal,Safe,Stable
2024-05-19 02:00:00,May,262.05,92.93,1,26.6,6.68,7.89,3.19,5,5,0,5,29.1,33.9,24.1,5.96,5,20,2,8.653526313,0.3148576787,0.4343953785,Yes,No,Normal,Safe,Stable
2024-05-19 03:00:00,May,262.05,92.93,1,26.6,6.68,7.89,3.19,5,5,0,2,29.1,33.9,24.1,5.96,5,20,3,7.689392414,0.9688209939,0.01212217323,No,No,Normal,Safe,Stable
2024-05-19 04:00:00,May,262.05,92.93,1,26.6,6.68,7.89,3.19,5,5,0,2,29.1,33.9,24.1,5.96,5,20,4,8.500883323,0.235849738,0.8534154356,Yes,No,Normal,Safe,Stable
2024-05-19 05:00:00,May,262.05,92.93,1,26.6,6.68,7.89,3.19,5,5,0,2,29.1,33.9,24.1,5.96,5,20,5,8.030893841,0.3846625915,0.00279502622,No,No,Normal,Safe,Stable
2024-05-19 06:00:00,May,262.05,92.93,1,26.6,6.68,7.89,3.19,5,5,0,6,29.1,33.9,24.1,5.96,5,20.05263158,4.736842105,8.047539138,0.3857130046,0.002666741861,Yes,Yes,Normal,Safe,Stable
2024-05-19 07:00:00,May,262.05,92.93,1,26.6,6.68,7.89,3.19,5,5,0,1,29.1,33.9,24.1,5.96,5,20.10526316,4.473684211,8.064184434,0.3867634177,0.002538457502,No,No,Normal,Safe,Stable
2024-05-19 08:00:00,May,262.05,92.93,1,26.6,6.68,7.89,3.19,5,5,0,6,29.1,33.9,24.1,5.96,5,20.15789474,4.210526316,8.080829731,0.3878138308,0.002410173143,Yes,No,Normal,Safe,Stable
2024-05-19 09:00:00,May,262.05,92.93,1,26.6,6.68,7.89,3.19,5,5,0,1,29.1,33.9,24.1,5.96,5,20.21052632,3.947368421,8.097475028,0.3888642439,0.002281888784,No,No,Normal,Safe,Stable
2024-05-19 10:00:00,May,262.05,92.93,1,26.6,6.68,7.89,3.19,5,5,1,2,29.1,33.9,24.1,5.96,5,20.26315789,3.684210526,8.114120324,0.389914657,0.002153604425,Yes,No,Normal,Safe,Stable
2024-05-19 11:00:00,May,262.05,92.93,1,26.6,6.68,7.89,3.19,5,5,0,1,29.1,33.9,24.1,5.96,5,20.31578947,3.421052632,8.130765621,0.39096507,0.002025320065,No,No,Normal,Safe,Stable
2024-05-19 12:00:00,May,262.05,92.93,1,26.6,6.68,7.89,3.19,5,5,0,5,29.1,33.9,24.1,5.96,5,20.36842105,3.157894737,8.147410918,0.3920154831,0.001897035706,Yes,Yes,Normal,Safe,Stable
2024-05-19 13:00:00,May,262.05,92.93,1,26.6,6.68,7.89,3.19,5,5,0,5,29.1,33.9,24.1,5.96,5,20.42105263,2.894736842,8.164056215,0.3930658962,0.001768751347,No,No,Normal,Safe,Stable
2024-05-19 14:00:00,May,262.05,92.93,1,26.6,6.68,7.89,3.19,5,5,0,5,29.1,33.9,24.1,5.96,5,20.47368421,2.631578947,8.180701511,0.3941163093,0.001640466988,Yes,No,Normal,Safe,Stable
2024-05-19 15:00:00,May,262.05,92.93,1,26.6,6.68,7.89,3.19,5,5,1,5,29.1,33.9,24.1,5.96,5,20.52631579,2.368421053,8.197346808,0.3951667224,0.001512182629,No,No,Normal,Safe,Stable
2024-05-19 16:00:00,May,262.05,92.93,1,26.6,6.68,7.89,3.19,5,5,0,4,29.1,33.9,24.1,5.96,5,20.57894737,2.105263158,8.213992105,0.3962171355,0.00138389827,Yes,No,Normal,Safe,Stable
2024-05-19 17:00:00,May,262.05,92.93,1,26.6,6.68,7.89,3.19,5,5,0,2,29.1,33.9,24.1,5.96,5,20.63157895,1.842105263,8.230637402,0.3972675486,0.001255613911,No,No,Normal,Safe,Stable
2024-05-19 18:00:00,May,262.05,92.93,1,26.6,6.68,7.89,3.19,5,5,0,4,29.1,33.9,24.1,5.96,5,20.68421053,1.578947368,8.247282698,0.3983179617,0.001127329552,Yes,Yes,Normal,Safe,Stable
2024-05-19 19:00:00,May,262.05,92.93,1,26.6,6.68,7.89,3.19,5,5,0,5,29.1,33.9,24.1,5.96,5,20.73684211,1.315789474,8.263927995,0.3993683747,0.0009990451927,No,No,Normal,Safe,Stable
2024-05-19 20:00:00,May,262.05,92.93,1,26.6,6.68,7.89,3.19,5,5,0,2,29.1,33.9,24.1,5.96,5,20.78947368,1.052631579,8.280573292,0.4004187878,0.0008707608336,Yes,No,Normal,Safe,Stable
2024-05-19 21:00:00,May,262.05,92.93,1,26.6,6.68,7.89,3.19,5,5,0,4,29.1,33.9,24.1,5.96,5,20.84210526,0.7894736842,8.297218588,0.4014692009,0.0007424764745,No,No,Normal,Safe,Stable
2024-05-19 22:00:00,May,262.05,92.93,1,26.6,6.68,7.89,3.19,5,5,0,1,29.1,33.9,24.1,5.96,5,20.89473684,0.5263157895,8.313863885,0.402519614,0.0006141921154,Yes,No,Normal,Safe,Stable
2024-05-19 23:00:00,May,262.05,92.93,1,26.6,6.68,7.89,3.19,5,5,0,4,29.1,33.9,24.1,5.96,5,20.94736842,0.2631578947,8.330509182,0.4035700271,0.0004859077563,No,No,Normal,Safe,Stable
2024-05-20 00:00:00,May,262.05,92.93,1,26.6,6.68,7.89,3.19,5,5,0,5,29.1,33.9,24.1,5.96,5,21,0,8.347154479,0.4046204402,0.0003576233972,Yes,Yes,Normal,Safe,Stable
2024-05-20 01:00:00,May,262.05,92.93,1,26.6,6.68,7.89,3.19,5,5,0,5,29.1,33.9,24.1,5.96,5,21,1,8.1106844,0.9725332043,0.007955236742,No,No,Normal,Safe,Stable
2024-05-20 02:00:00,May,262.05,92.93,1,26.6,6.68,7.89,3.19,5,5,0,2,29.1,33.9,24.1,5.96,5,21,2,8.175037025,0.8912176751,0.02985318745,Yes,No,Normal,Safe,Stable
2024-05-20 03:00:00,May,262.05,92.93,1,26.6,6.68,7.89,3.19,5,5,0,5,29.1,33.9,24.1,5.96,5,21,3,8.372653862,0.2507664005,0.9666641919,No,No,Normal,Safe,Stable
2024-05-20 04:00:00,May,262.05,92.93,1,26.6,6.68,7.89,3.19,5,5,0,5,29.1,33.9,24.1,5.96,5,21,4,8.29769254,0.9471048283,-0.01881275438,Yes,No,Normal,Safe,Stable
2024-05-20 05:00:00,May,262.05,92.93,1,26.6,6.68,7.89,3.19,5,5,0,4,29.1,33.9,24.1,5.96,5,21,5,7.440606889,0.9679396944,0.0002909667215,No,No,Normal,Safe,Stable
2024-05-20 06:00:00,May,262.05,92.93,1,26.6,6.68,7.89,3.19,5,5,1,4,29.1,33.9,24.1,5.96,5,21.05263158,4.736842105,7.47441211,0.9378400437,0.0007678265213,Yes,Yes,Normal,Safe,Stable
2024-05-20 07:00:00,May,262.05,92.93,1,26.6,6.68,7.89,3.19,5,5,1,4,29.1,33.9,24.1,5.96,5,21.10526316,4.473684211,7.50821733,0.9077403931,0.001244686321,No,No,Normal,Safe,Stable
2024-05-20 08:00:00,May,262.05,92.93,1,26.6,6.68,7.89,3.19,5,5,1,5,29.1,33.9,24.1,5.96,5,21.15789474,4.210526316,7.542022551,0.8776407425,0.001721546121,Yes,No,Normal,Safe,Stable
2024-05-20 09:00:00,May,262.05,92.93,1,26.6,6.68,7.89,3.19,5,5,0,4,29.1,33.9,24.1,5.96,5,21.21052632,3.947368421,7.575827772,0.8475410919,0.002198405921,No,No,Normal,Safe,Stable
2024-05-20 10:00:00,May,262.05,92.93,1,26.6,6.68,7.89,3.19,5,5,1,1,29.1,33.9,24.1,5.96,5,21.26315789,3.684210526,7.609632992,0.8174414413,0.00267526572,Yes,No,Normal,Safe,Stable
2024-05-20 11:00:00,May,262.05,92.93,1,26.6,6.68,7.89,3.19,5,5,0,5,29.1,33.9,24.1,5.96,5,21.31578947,3.421052632,7.643438213,0.7873417907,0.00315212552,No,No,Normal,Safe,Stable
2024-05-20 12:00:00,May,262.05,92.93,1,26.6,6.68,7.89,3.19,5,5,0,4,29.1,33.9,24.1,5.96,5,21.36842105,3.157894737,7.677243433,0.7572421401,0.00362898532,Yes,Yes,Normal,Safe,Stable
2024-05-20 13:00:00,May,262.05,92.93,1,26.6,6.68,7.89,3.19,5,5,0,5,29.1,33.9,24.1,5.96,5,21.42105263,2.894736842,7.711048654,0.7271424895,0.00410584512,No,No,Normal,Safe,Stable
2024-05-20 14:00:00,May,262.05,92.93,1,26.6,6.68,7.89,3.19,5,5,0,5,29.1,33.9,24.1,5.96,5,21.47368421,2.631578947,7.744853874,0.6970428389,0.004582704919,Yes,No,Normal,Safe,Stable
2024-05-20 15:00:00,May,262.05,92.93,1,26.6,6.68,7.89,3.19,5,5,1,4,29.1,33.9,24.1,5.96,5,21.52631579,2.368421053,7.778659095,0.6669431883,0.005059564719,No,No,Normal,Safe,Stable
2024-05-20 16:00:00,May,262.05,92.93,1,26.6,6.68,7.89,3.19,5,5,0,4,29.1,33.9,24.1,5.96,5,21.57894737,2.105263158,7.812464316,0.6368435377,0.005536424519,Yes,No,Normal,Safe,Stable
2024-05-20 17:00:00,May,262.05,92.93,1,26.6,6.68,7.89,3.19,5,5,0,5,29.1,33.9,24.1,5.96,5,21.63157895,1.842105263,7.846269536,0.6067438871,0.006013284319,No,No,Normal,Safe,Stable
2024-05-20 18:00:00,May,262.05,92.93,1,26.6,6.68,7.89,3.19,5,5,0,5,29.1,33.9,24.1,5.96,5,21.68421053,1.578947368,7.880074757,0.5766442365,0.006490144119,Yes,Yes,Normal,Safe,Stable
2024-05-20 19:00:00,May,262.05,92.93,1,26.6,6.68,7.89,3.19,5,5,0,5,29.1,33.9,24.1,5.96,5,21.73684211,1.315789474,7.913879977,0.5465445859,0.006967003918,No,No,Normal,Safe,Stable
2024-05-20 20:00:00,May,262.05,92.93,1,26.6,6.68,7.89,3.19,5,5,1,6,29.1,33.9,24.1,5.96,5,21.78947368,1.052631579,7.947685198,0.5164449353,0.007443863718,Yes,No,Normal,Safe,Stable
2024-05-20 21:00:00,May,262.05,92.93,1,26.6,6.68,7.89,3.19,5,5,0,5,29.1,33.9,24.1,5.96,5,21.84210526,0.7894736842,7.981490418,0.4863452847,0.007920723518,No,No,Normal,Safe,Stable
2024-05-20 22:00:00,May,262.05,92.93,1,26.6,6.68,7.89,3.19,5,5,0,6,29.1,33.9,24.1,5.96,5,21.89473684,0.5263157895,8.015295639,0.4562456341,0.008397583318,Yes,No,Normal,Safe,Stable
2024-05-20 23:00:00,May,262.05,92.93,1,26.6,6.68,7.89,3.19,5,5,0,6,29.1,33.9,24.1,5.96,5,21.94736842,0.2631578947,8.049100859,0.4261459834,0.008874443117,No,No,Normal,Safe,Stable
2024-05-21 00:00:00,May,262.05,92.93,1,26.6,6.68,7.89,3.19,5,5,0,5,29.1,33.9,24.1,5.96,5,22,0,8.08290608,0.3960463328,0.009351302917,Yes,Yes,Normal,Safe,Stable
2024-05-21 01:00:00,May,262.05,92.93,1,26.6,6.68,7.89,3.19,5,5,0,4,29.1,33.9,24.1,5.96,5,22,1,8.016271165,0.3198295612,0.1315370475,No,No,Normal,Safe,Stable
2024-05-21 02:00:00,May,262.05,92.93,1,26.6,6.68,7.89,3.19,5,5,0,5,29.1,33.9,24.1,5.96,5,22,2,8.049173202,0.9615452627,-0.006032376962,Yes,No,Normal,Safe,Stable
2024-05-21 03:00:00,May,262.05,92.93,1,26.6,6.68,7.89,3.19,5,5,0,4,29.1,33.9,24.1,5.96,5,22,3,8.457442043,0.2578368624,0.9595180086,No,No,Normal,Safe,Stable
2024-05-21 04:00:00,May,262.05,92.93,1,26.6,6.68,7.89,3.19,5,5,0,5,29.1,33.9,24.1,5.96,5,22,4,8.390941804,0.2699002593,0.8282852734,Yes,No,Normal,Safe,Stable
2024-05-21 05:00:00,May,262.05,92.93,1,26.6,6.68,7.89,3.19,5,5,0,2,29.1,33.9,24.1,5.96,5,22,5,8.334697559,0.387202585,0.01440743782,No,No,Normal,Safe,Stable
2024-05-21 06:00:00,May,262.05,92.93,1,26.6,6.68,7.89,3.19,5,5,1,5,29.1,33.9,24.1,5.96,5,22.05263158,4.736842105,8.335419389,0.4174930588,0.01279099763,Yes,Yes,Normal,Safe,Stable
2024-05-21 07:00:00,May,262.05,92.93,1,26.6,6.68,7.89,3.19,5,5,0,2,29.1,33.9,24.1,5.96,5,22.10526316,4.473684211,8.336141219,0.4477835326,0.01117455744,No,No,Normal,Safe,Stable
2024-05-21 08:00:00,May,262.05,92.93,1,26.6,6.68,7.89,3.19,5,5,0,2,29.1,33.9,24.1,5.96,5,22.15789474,4.210526316,8.336863049,0.4780740064,0.009558117252,Yes,No,Normal,Safe,Stable
2024-05-21 09:00:00,May,262.05,92.93,1,26.6,6.68,7.89,3.19,5,5,0,4,29.1,33.9,24.1,5.96,5,22.21052632,3.947368421,8.337584879,0.5083644802,0.007941677062,No,No,Normal,Safe,Stable
2024-05-21 10:00:00,May,262.05,92.93,1,26.6,6.68,7.89,3.19,5,5,0,1,29.1,33.9,24.1,5.96,5,22.26315789,3.684210526,8.338306708,0.538654954,0.006325236871,Yes,No,Normal,Safe,Stable
2024-05-21 11:00:00,May,262.05,92.93,1,26.6,6.68,7.89,3.19,5,5,1,4,29.1,33.9,24.1,5.96,5,22.31578947,3.421052632,8.339028538,0.5689454278,0.004708796681,No,No,Normal,Safe,Stable
2024-05-21 12:00:00,May,262.05,92.93,1,26.6,6.68,7.89,3.19,5,5,0,2,29.1,33.9,24.1,5.96,5,22.36842105,3.157894737,8.339750368,0.5992359016,0.00309235649,Yes,Yes,Normal,Safe,Stable
2024-05-21 13:00:00,May,262.05,92.93,1,26.6,6.68,7.89,3.19,5,5,0,6,29.1,33.9,24.1,5.96,5,22.42105263,2.894736842,8.340472198,0.6295263754,0.001475916299,No,No,Normal,Safe,Stable
2024-05-21 14:00:00,May,262.05,92.93,1,26.6,6.68,7.89,3.19,5,5,1,5,29.1,33.9,24.1,5.96,5,22.47368421,2.631578947,8.341194028,0.6598168492,-0.0001405238914,Yes,No,Normal,Safe,Stable
2024-05-21 15:00:00,May,262.05,92.93,1,26.6,6.68,7.89,3.19,5,5,0,5,29.1,33.9,24.1,5.96,5,22.52631579,2.368421053,8.341915857,0.690107323,-0.001756964082,No,No,Normal,Safe,Stable
2024-05-21 16:00:00,May,262.05,92.93,1,26.6,6.68,7.89,3.19,5,5,0,6,29.1,33.9,24.1,5.96,5,22.57894737,2.105263158,8.342637687,0.7203977968,-0.003373404273,Yes,No,Normal,Safe,Stable
2024-05-21 17:00:00,May,262.05,92.93,1,26.6,6.68,7.89,3.19,5,5,0,5,29.1,33.9,24.1,5.96,5,22.63157895,1.842105263,8.343359517,0.7506882706,-0.004989844463,No,No,Normal,Safe,Stable
2024-05-21 18:00:00,May,262.05,92.93,1,26.6,6.68,7.89,3.19,5,5,0,5,29.1,33.9,24.1,5.96,5,22.68421053,1.578947368,8.344081347,0.7809787444,-0.006606284654,Yes,Yes,Normal,Safe,Stable
2024-05-21 19:00:00,May,262.05,92.93,1,26.6,6.68,7.89,3.19,5,5,0,4,29.1,33.9,24.1,5.96,5,22.73684211,1.315789474,8.344803177,0.8112692182,-0.008222724844,No,No,Normal,Safe,Stable
2024-05-21 20:00:00,May,262.05,92.93,1,26.6,6.68,7.89,3.19,5,5,0,2,29.1,33.9,24.1,5.96,5,22.78947368,1.052631579,8.345525006,0.841559692,-0.009839165035,Yes,No,Normal,Safe,Stable
2024-05-21 21:00:00,May,262.05,92.93,1,26.6,6.68,7.89,3.19,5,5,0,2,29.1,33.9,24.1,5.96,5,22.84210526,0.7894736842,8.346246836,0.8718501659,-0.01145560523,No,No,Normal,Safe,Stable
2024-05-21 22:00:00,May,262.05,92.93,1,26.6,6.68,7.89,3.19,5,5,1,5,29.1,33.9,24.1,5.96,5,22.89473684,0.5263157895,8.346968666,0.9021406397,-0.01307204542,Yes,No,Normal,Safe,Stable
2024-05-21 23:00:00,May,262.05,92.93,1,26.6,6.68,7.89,3.19,5,5,0,2,29.1,33.9,24.1,5.96,5,22.94736842,0.2631578947,8.347690496,0.9324311135,-0.01468848561,No,No,Normal,Safe,Stable
2024-05-22 00:00:00,May,262.05,92.93,1,26.6,6.68,7.89,3.19,5,5,0,4,29.1,33.9,24.1,5.96,5,23,0,8.348412326,0.9627215873,-0.0163049258,Yes,Yes,Normal,Safe,Stable
2024-05-22 01:00:00,May,262.05,92.93,1,26.6,6.68,7.89,3.19,5,5,0,4,29.1,33.9,24.1,5.96,5,23,1,8.252459237,0.3116288751,0.1367371949,No,No,Normal,Safe,Stable
2024-05-22 02:00:00,May,262.05,92.93,1,26.6,6.68,7.89,3.19,5,5,0,5,29.1,33.9,24.1,5.96,5,23,2,7.891258357,0.3210826543,0.4869421641,Yes,No,Normal,Safe,Stable
2024-05-22 03:00:00,May,262.05,92.93,1,26.6,6.68,7.89,3.19,5,5,0,4,29.1,33.9,24.1,5.96,5,23,3,8.066614701,0.1817666817,0.8448586665,No,No,Normal,Safe,Stable
2024-05-22 04:00:00,May,262.05,92.93,1,26.6,6.68,7.89,3.19,5,5,0,2,29.1,33.9,24.1,5.96,5,23,4,8.597814114,0.2971528439,0.8942671501,Yes,No,Normal,Safe,Stable
2024-05-22 05:00:00,May,262.05,92.93,1,26.6,6.68,7.89,3.19,5,5,1,4,29.1,33.9,24.1,5.96,5,23,5,8.196349912,0.3849260356,0.03859294088,No,No,Normal,Safe,Stable
2024-05-22 06:00:00,May,262.05,92.93,1,26.6,6.68,7.89,3.19,5,5,0,4,29.1,33.9,24.1,5.96,5,23.05263158,4.736842105,8.194461916,0.3848443608,0.03904992189,Yes,Yes,Normal,Safe,Stable
2024-05-22 07:00:00,May,262.05,92.93,1,26.6,6.68,7.89,3.19,5,5,0,4,29.1,33.9,24.1,5.96,5,23.10526316,4.473684211,8.192573919,0.384762686,0.0395069029,No,No,Normal,Safe,Stable
2024-05-22 08:00:00,May,262.05,92.93,1,26.6,6.68,7.89,3.19,5,5,0,4,29.1,33.9,24.1,5.96,5,23.15789474,4.210526316,8.190685923,0.3846810112,0.0399638839,Yes,No,Normal,Safe,Stable
2024-05-22 09:00:00,May,262.05,92.93,1,26.6,6.68,7.89,3.19,5,5,0,5,29.1,33.9,24.1,5.96,5,23.21052632,3.947368421,8.188797926,0.3845993363,0.04042086491,No,No,Normal,Safe,Stable
2024-05-22 10:00:00,May,262.05,92.93,1,26.6,6.68,7.89,3.19,5,5,0,5,29.1,33.9,24.1,5.96,5,23.26315789,3.684210526,8.18690993,0.3845176615,0.04087784592,Yes,No,Normal,Safe,Stable
2024-05-22 11:00:00,May,262.05,92.93,1,26.6,6.68,7.89,3.19,5,5,0,2,29.1,33.9,24.1,5.96,5,23.31578947,3.421052632,8.185021933,0.3844359867,0.04133482693,No,No,Normal,Safe,Stable
2024-05-22 12:00:00,May,262.05,92.93,1,26.6,6.68,7.89,3.19,5,5,0,2,29.1,33.9,24.1,5.96,5,23.36842105,3.157894737,8.183133937,0.3843543119,0.04179180793,Yes,Yes,Normal,Safe,Stable
2024-05-22 13:00:00,May,262.05,92.93,1,26.6,6.68,7.89,3.19,5,5,1,2,29.1,33.9,24.1,5.96,5,23.42105263,2.894736842,8.18124594,0.3842726371,0.04224878894,No,No,Normal,Safe,Stable
2024-05-22 14:00:00,May,262.05,92.93,1,26.6,6.68,7.89,3.19,5,5,0,2,29.1,33.9,24.1,5.96,5,23.47368421,2.631578947,8.179357943,0.3841909622,0.04270576995,Yes,No,Normal,Safe,Stable
2024-05-22 15:00:00,May,262.05,92.93,1,26.6,6.68,7.89,3.19,5,5,0,1,29.1,33.9,24.1,5.96,5,23.52631579,2.368421053,8.177469947,0.3841092874,0.04316275096,No,No,Normal,Safe,Stable
2024-05-22 16:00:00,May,262.05,92.93,1,26.6,6.68,7.89,3.19,5,5,0,4,29.1,33.9,24.1,5.96,5,23.57894737,2.105263158,8.17558195,0.3840276126,0.04361973196,Yes,No,Normal,Safe,Stable
2024-05-22 17:00:00,May,262.05,92.93,1,26.6,6.68,7.89,3.19,5,5,1,4,29.1,33.9,24.1,5.96,5,23.63157895,1.842105263,8.173693954,0.3839459378,0.04407671297,No,No,Normal,Safe,Stable
2024-05-22 18:00:00,May,262.05,92.93,1,26.6,6.68,7.89,3.19,5,5,0,2,29.1,33.9,24.1,5.96,5,23.68421053,1.578947368,8.171805957,0.383864263,0.04453369398,Yes,Yes,Normal,Safe,Stable
2024-05-22 19:00:00,May,262.05,92.93,1,26.6,6.68,7.89,3.19,5,5,0,1,29.1,33.9,24.1,5.96,5,23.73684211,1.315789474,8.169917961,0.3837825882,0.04499067498,No,No,Normal,Safe,Stable
2024-05-22 20:00:00,May,262.05,92.93,1,26.6,6.68,7.89,3.19,5,5,0,4,29.1,33.9,24.1,5.96,5,23.78947368,1.052631579,8.168029964,0.3837009133,0.04544765599,Yes,No,Normal,Safe,Stable
2024-05-22 21:00:00,May,262.05,92.93,1,26.6,6.68,7.89,3.19,5,5,0,4,29.1,33.9,24.1,5.96,5,23.84210526,0.7894736842,8.166141968,0.3836192385,0.045904637,No,No,Normal,Safe,Stable
2024-05-22 22:00:00,May,262.05,92.93,1,26.6,6.68,7.89,3.19,5,5,0,4,29.1,33.9,24.1,5.96,5,23.89473684,0.5263157895,8.164253971,0.3835375637,0.04636161801,Yes,No,Normal,Safe,Stable
2024-05-22 23:00:00,May,262.05,92.93,1,26.6,6.68,7.89,3.19,5,5,0,4,29.1,33.9,24.1,5.96,5,23.94736842,0.2631578947,8.162365975,0.3834558889,0.04681859901,No,No,Normal,Safe,Stable
2024-05-23 00:00:00,May,262.05,92.93,1,26.6,6.68,7.89,3.19,5,5,0,4,29.1,33.9,24.1,5.96,5,24,0,8.160477978,0.3833742141,0.04727558002,Yes,Yes,Normal,Safe,Stable
2024-05-23 01:00:00,May,262.05,92.93,1,26.6,6.68,7.89,3.19,5,5,0,4,29.1,33.9,24.1,5.96,5,24,1,8.314143703,0.9718686655,-0.006178135719,No,No,Normal,Safe,Stable
2024-05-23 02:00:00,May,262.05,92.93,1,26.6,6.68,7.89,3.19,5,5,1,1,29.1,33.9,24.1,5.96,5,24,2,8.143742386,0.9745602156,0.01532345317,Yes,No,Normal,Safe,Stable
2024-05-23 03:00:00,May,262.05,92.93,1,26.6,6.68,7.89,3.19,5,5,0,5,29.1,33.9,24.1,5.96,5,24,3,7.675681103,0.9821137757,0.02932445873,No,No,Normal,Safe,Stable
2024-05-23 04:00:00,May,262.05,92.93,1,26.6,6.68,7.89,3.19,5,5,0,5,29.1,33.9,24.1,5.96,5,24,4,8.579768582,0.2845407531,0.8706578662,Yes,No,Normal,Safe,Stable
2024-05-23 05:00:00,May,262.05,92.93,1,26.6,6.68,7.89,3.19,5,5,1,5,29.1,33.9,24.1,5.96,5,24,5,8.210433346,0.3731508033,-0.01569045473,No,No,Normal,Safe,Stable
2024-05-23 06:00:00,May,262.05,92.93,1,26.6,6.68,7.89,3.19,5,5,0,1,29.1,33.9,24.1,5.96,5,24.05263158,4.736842105,8.199090622,0.4039178697,-0.01472130005,Yes,Yes,Normal,Safe,Stable
2024-05-23 07:00:00,May,262.05,92.93,1,26.6,6.68,7.89,3.19,5,5,0,5,29.1,33.9,24.1,5.96,5,24.10526316,4.473684211,8.187747898,0.4346849362,-0.01375214538,No,No,Normal,Safe,Stable
2024-05-23 08:00:00,May,262.05,92.93,1,26.6,6.68,7.89,3.19,5,5,1,6,29.1,33.9,24.1,5.96,5,24.15789474,4.210526316,8.176405173,0.4654520026,-0.0127829907,Yes,No,Normal,Safe,Stable
2024-05-23 09:00:00,May,262.05,92.93,1,26.6,6.68,7.89,3.19,5,5,0,5,29.1,33.9,24.1,5.96,5,24.21052632,3.947368421,8.165062449,0.4962190691,-0.01181383602,No,No,Normal,Safe,Stable
2024-05-23 10:00:00,May,262.05,92.93,1,26.6,6.68,7.89,3.19,5,5,1,5,29.1,33.9,24.1,5.96,5,24.26315789,3.684210526,8.153719725,0.5269861356,-0.01084468135,Yes,No,Normal,Safe,Stable
2024-05-23 11:00:00,May,262.05,92.93,1,26.6,6.68,7.89,3.19,5,5,0,4,29.1,33.9,24.1,5.96,5,24.31578947,3.421052632,8.142377001,0.557753202,-0.009875526672,No,No,Normal,Safe,Stable
2024-05-23 12:00:00,May,262.05,92.93,1,26.6,6.68,7.89,3.19,5,5,0,4,29.1,33.9,24.1,5.96,5,24.36842105,3.157894737,8.131034276,0.5885202685,-0.008906371995,Yes,Yes,Normal,Safe,Stable
2024-05-23 13:00:00,May,262.05,92.93,1,26.6,6.68,7.89,3.19,5,5,0,4,29.1,33.9,24.1,5.96,5,24.42105263,2.894736842,8.119691552,0.6192873349,-0.007937217319,No,No,Normal,Safe,Stable
2024-05-23 14:00:00,May,262.05,92.93,1,26.6,6.68,7.89,3.19,5,5,0,4,29.1,33.9,24.1,5.96,5,24.47368421,2.631578947,8.108348828,0.6500544014,-0.006968062642,Yes,No,Normal,Safe,Stable
2024-05-23 15:00:00,May,262.05,92.93,1,26.6,6.68,7.89,3.19,5,5,0,1,29.1,33.9,24.1,5.96,5,24.52631579,2.368421053,8.097006104,0.6808214678,-0.005998907966,No,No,Normal,Safe,Stable
2024-05-23 16:00:00,May,262.05,92.93,1,26.6,6.68,7.89,3.19,5,5,0,6,29.1,33.9,24.1,5.96,5,24.57894737,2.105263158,8.08566338,0.7115885343,-0.005029753289,Yes,No,Normal,Safe,Stable
2024-05-23 17:00:00,May,262.05,92.93,1,26.6,6.68,7.89,3.19,5,5,0,1,29.1,33.9,24.1,5.96,5,24.63157895,1.842105263,8.074320655,0.7423556008,-0.004060598613,No,No,Normal,Safe,Stable
2024-05-23 18:00:00,May,262.05,92.93,1,26.6,6.68,7.89,3.19,5,5,0,2,29.1,33.9,24.1,5.96,5,24.68421053,1.578947368,8.062977931,0.7731226672,-0.003091443936,Yes,Yes,Normal,Safe,Stable
2024-05-23 19:00:00,May,262.05,92.93,1,26.6,6.68,7.89,3.19,5,5,0,6,29.1,33.9,24.1,5.96,5,24.73684211,1.315789474,8.051635207,0.8038897337,-0.002122289259,No,No,Normal,Safe,Stable
2024-05-23 20:00:00,May,262.05,92.93,1,26.6,6.68,7.89,3.19,5,5,1,4,29.1,33.9,24.1,5.96,5,24.78947368,1.052631579,8.040292483,0.8346568001,-0.001153134583,Yes,No,Normal,Safe,Stable
2024-05-23 21:00:00,May,262.05,92.93,1,26.6,6.68,7.89,3.19,5,5,1,2,29.1,33.9,24.1,5.96,5,24.84210526,0.7894736842,8.028949758,0.8654238666,-0.0001839799064,No,No,Normal,Safe,Stable
2024-05-23 22:00:00,May,262.05,92.93,1,26.6,6.68,7.89,3.19,5,5,0,4,29.1,33.9,24.1,5.96,5,24.89473684,0.5263157895,8.017607034,0.896190933,0.0007851747701,Yes,No,Normal,Safe,Stable
2024-05-23 23:00:00,May,262.05,92.93,1,26.6,6.68,7.89,3.19,5,5,0,5,29.1,33.9,24.1,5.96,5,24.94736842,0.2631578947,8.00626431,0.9269579995,0.001754329447,No,No,Normal,Safe,Stable
2024-05-24 00:00:00,May,262.05,92.93,1,26.6,6.68,7.89,3.19,5,5,0,5,29.1,33.9,24.1,5.96,5,25,0,7.994921586,0.957725066,0.002723484123,Yes,Yes,Normal,Safe,Stable
2024-05-24 01:00:00,May,262.05,92.93,1,26.6,6.68,7.89,3.19,5,5,0,5,29.1,33.9,24.1,5.96,5,25,1,8.128941946,0.2898746951,0.1064646521,No,No,Normal,Safe,Stable
2024-05-24 02:00:00,May,262.05,92.93,1,26.6,6.68,7.89,3.19,5,5,0,4,29.1,33.9,24.1,5.96,5,25,2,8.131242835,0.3437847034,0.4592758953,Yes,No,Normal,Safe,Stable
2024-05-24 03:00:00,May,262.05,92.93,1,26.6,6.68,7.89,3.19,5,5,1,1,29.1,33.9,24.1,5.96,5,25,3,8.470513247,0.2428984621,0.9421527798,No,No,Normal,Safe,Stable
2024-05-24 04:00:00,May,262.05,92.93,1,26.6,6.68,7.89,3.19,5,5,0,2,29.1,33.9,24.1,5.96,5,25,4,7.929638479,0.9577321392,-0.02016130022,Yes,No,Normal,Safe,Stable
2024-05-24 05:00:00,May,262.05,92.93,1,26.6,6.68,7.89,3.19,5,5,0,1,29.1,33.9,24.1,5.96,5,25,5,8.311126658,0.375005942,0.01165893826,No,No,Normal,Safe,Stable
2024-05-24 06:00:00,May,262.05,92.93,1,26.6,6.68,7.89,3.19,5,5,0,4,29.1,33.9,24.1,5.96,5,25.05263158,4.736842105,8.285282584,0.40700329,0.01188020406,Yes,Yes,Normal,Safe,Stable
2024-05-24 07:00:00,May,262.05,92.93,1,26.6,6.68,7.89,3.19,5,5,0,5,29.1,33.9,24.1,5.96,5,25.10526316,4.473684211,8.259438509,0.439000638,0.01210146987,No,No,Normal,Safe,Stable
2024-05-24 08:00:00,May,262.05,92.93,1,26.6,6.68,7.89,3.19,5,5,1,4,29.1,33.9,24.1,5.96,5,25.15789474,4.210526316,8.233594435,0.470997986,0.01232273567,Yes,No,Normal,Safe,Stable
2024-05-24 09:00:00,May,262.05,92.93,1,26.6,6.68,7.89,3.19,5,5,1,4,29.1,33.9,24.1,5.96,5,25.21052632,3.947368421,8.20775036,0.502995334,0.01254400147,No,No,Normal,Safe,Stable
2024-05-24 10:00:00,May,262.05,92.93,1,26.6,6.68,7.89,3.19,5,5,1,5,29.1,33.9,24.1,5.96,5,25.26315789,3.684210526,8.181906285,0.534992682,0.01276526728,Yes,No,Normal,Safe,Stable
2024-05-24 11:00:00,May,262.05,92.93,1,26.6,6.68,7.89,3.19,5,5,0,4,29.1,33.9,24.1,5.96,5,25.31578947,3.421052632,8.156062211,0.56699003,0.01298653308,No,No,Normal,Safe,Stable
2024-05-24 12:00:00,May,262.05,92.93,1,26.6,6.68,7.89,3.19,5,5,0,2,29.1,33.9,24.1,5.96,5,25.36842105,3.157894737,8.130218136,0.598987378,0.01320779889,Yes,Yes,Normal,Safe,Stable
2024-05-24 13:00:00,May,262.05,92.93,1,26.6,6.68,7.89,3.19,5,5,0,4,29.1,33.9,24.1,5.96,5,25.42105263,2.894736842,8.104374062,0.630984726,0.01342906469,No,No,Normal,Safe,Stable
2024-05-24 14:00:00,May,262.05,92.93,1,26.6,6.68,7.89,3.19,5,5,0,4,29.1,33.9,24.1,5.96,5,25.47368421,2.631578947,8.078529987,0.6629820741,0.0136503305,Yes,No,Normal,Safe,Stable
2024-05-24 15:00:00,May,262.05,92.93,1,26.6,6.68,7.89,3.19,5,5,0,4,29.1,33.9,24.1,5.96,5,25.52631579,2.368421053,8.052685913,0.6949794221,0.0138715963,No,No,Normal,Safe,Stable
2024-05-24 16:00:00,May,262.05,92.93,1,26.6,6.68,7.89,3.19,5,5,0,6,29.1,33.9,24.1,5.96,5,25.57894737,2.105263158,8.026841838,0.7269767701,0.0140928621,Yes,No,Normal,Safe,Stable
2024-05-24 17:00:00,May,262.05,92.93,1,26.6,6.68,7.89,3.19,5,5,0,2,29.1,33.9,24.1,5.96,5,25.63157895,1.842105263,8.000997763,0.7589741181,0.01431412791,No,No,Normal,Safe,Stable
2024-05-24 18:00:00,May,262.05,92.93,1,26.6,6.68,7.89,3.19,5,5,1,1,29.1,33.9,24.1,5.96,5,25.68421053,1.578947368,7.975153689,0.7909714661,0.01453539371,Yes,Yes,Normal,Safe,Stable
2024-05-24 19:00:00,May,262.05,92.93,1,26.6,6.68,7.89,3.19,5,5,0,2,29.1,33.9,24.1,5.96,5,25.73684211,1.315789474,7.949309614,0.8229688141,0.01475665952,No,No,Normal,Safe,Stable
2024-05-24 20:00:00,May,262.05,92.93,1,26.6,6.68,7.89,3.19,5,5,1,1,29.1,33.9,24.1,5.96,5,25.78947368,1.052631579,7.92346554,0.8549661621,0.01497792532,Yes,No,Normal,Safe,Stable
2024-05-24 21:00:00,May,262.05,92.93,1,26.6,6.68,7.89,3.19,5,5,0,5,29.1,33.9,24.1,5.96,5,25.84210526,0.7894736842,7.897621465,0.8869635101,0.01519919113,No,No,Normal,Safe,Stable
2024-05-24 22:00:00,May,262.05,92.93,1,26.6,6.68,7.89,3.19,5,5,0,4,29.1,33.9,24.1,5.96,5,25.89473684,0.5263157895,7.871777391,0.9189608582,0.01542045693,Yes,No,Normal,Safe,Stable
2024-05-24 23:00:00,May,262.05,92.93,1,26.6,6.68,7.89,3.19,5,5,0,2,29.1,33.9,24.1,5.96,5,25.94736842,0.2631578947,7.845933316,0.9509582062,0.01564172273,No,No,Normal,Safe,Stable
2024-05-25 00:00:00,May,262.05,92.93,1,26.6,6.68,7.89,3.19,5,5,0,2,29.1,33.9,24.1,5.96,5,26,0,7.820089241,0.9829555542,0.01586298854,Yes,Yes,Normal,Safe,Stable
2024-05-25 01:00:00,May,262.05,92.93,1,26.6,6.68,7.89,3.19,5,5,0,4,29.1,33.9,24.1,5.96,5,26,1,8.645721169,0.331717294,0.1014803808,No,No,Normal,Safe,Stable
2024-05-25 02:00:00,May,262.05,92.93,1,26.6,6.68,7.89,3.19,5,5,0,4,29.1,33.9,24.1,5.96,5,26,2,7.933450938,0.992587782,-0.03053188279,Yes,No,Normal,Safe,Stable
2024-05-25 03:00:00,May,262.05,92.93,1,26.6,6.68,7.89,3.19,5,5,0,5,29.1,33.9,24.1,5.96,5,26,3,8.579975424,0.1854065422,0.8922172712,No,No,Normal,Safe,Stable
2024-05-25 04:00:00,May,262.05,92.93,1,26.6,6.68,7.89,3.19,5,5,0,5,29.1,33.9,24.1,5.96,5,26,4,7.697137152,0.9677231649,0.01255246272,Yes,No,Normal,Safe,Stable
2024-05-25 05:00:00,May,262.05,92.93,1,26.6,6.68,7.89,3.19,5,5,0,4,29.1,33.9,24.1,5.96,5,26,5,8.468725625,0.3676388294,0.00147147709,No,No,Normal,Safe,Stable
2024-05-25 06:00:00,May,262.05,92.93,1,26.6,6.68,7.89,3.19,5,5,0,5,29.1,33.9,24.1,5.96,5,26.05263158,4.736842105,8.471629355,0.3700690784,0.001048766739,Yes,Yes,Normal,Safe,Stable
2024-05-25 07:00:00,May,262.05,92.93,1,26.6,6.68,7.89,3.19,5,5,1,2,29.1,33.9,24.1,5.96,5,26.10526316,4.473684211,8.474533086,0.3724993274,0.0006260563891,No,No,Normal,Safe,Stable
2024-05-25 08:00:00,May,262.05,92.93,1,26.6,6.68,7.89,3.19,5,5,0,4,29.1,33.9,24.1,5.96,5,26.15789474,4.210526316,8.477436816,0.3749295764,0.0002033460388,Yes,No,Normal,Safe,Stable
2024-05-25 09:00:00,May,262.05,92.93,1,26.6,6.68,7.89,3.19,5,5,0,1,29.1,33.9,24.1,5.96,5,26.21052632,3.947368421,8.480340546,0.3773598254,-0.0002193643116,No,No,Normal,Safe,Stable
2024-05-25 10:00:00,May,262.05,92.93,1,26.6,6.68,7.89,3.19,5,5,0,5,29.1,33.9,24.1,5.96,5,26.26315789,3.684210526,8.483244276,0.3797900744,-0.0006420746619,Yes,No,Normal,Safe,Stable
2024-05-25 11:00:00,May,262.05,92.93,1,26.6,6.68,7.89,3.19,5,5,1,5,29.1,33.9,24.1,5.96,5,26.31578947,3.421052632,8.486148006,0.3822203234,-0.001064785012,No,No,Normal,Safe,Stable
2024-05-25 12:00:00,May,262.05,92.93,1,26.6,6.68,7.89,3.19,5,5,0,4,29.1,33.9,24.1,5.96,5,26.36842105,3.157894737,8.489051736,0.3846505724,-0.001487495363,Yes,Yes,Normal,Safe,Stable
2024-05-25 13:00:00,May,262.05,92.93,1,26.6,6.68,7.89,3.19,5,5,0,4,29.1,33.9,24.1,5.96,5,26.42105263,2.894736842,8.491955466,0.3870808214,-0.001910205713,No,No,Normal,Safe,Stable
2024-05-25 14:00:00,May,262.05,92.93,1,26.6,6.68,7.89,3.19,5,5,0,2,29.1,33.9,24.1,5.96,5,26.47368421,2.631578947,8.494859196,0.3895110704,-0.002332916063,Yes,No,Normal,Safe,Stable
2024-05-25 15:00:00,May,262.05,92.93,1,26.6,6.68,7.89,3.19,5,5,0,2,29.1,33.9,24.1,5.96,5,26.52631579,2.368421053,8.497762926,0.3919413194,-0.002755626414,No,No,Normal,Safe,Stable
2024-05-25 16:00:00,May,262.05,92.93,1,26.6,6.68,7.89,3.19,5,5,0,1,29.1,33.9,24.1,5.96,5,26.57894737,2.105263158,8.500666656,0.3943715684,-0.003178336764,Yes,No,Normal,Safe,Stable
2024-05-25 17:00:00,May,262.05,92.93,1,26.6,6.68,7.89,3.19,5,5,0,4,29.1,33.9,24.1,5.96,5,26.63157895,1.842105263,8.503570386,0.3968018174,-0.003601047114,No,No,Normal,Safe,Stable
2024-05-25 18:00:00,May,262.05,92.93,1,26.6,6.68,7.89,3.19,5,5,0,4,29.1,33.9,24.1,5.96,5,26.68421053,1.578947368,8.506474116,0.3992320665,-0.004023757465,Yes,Yes,Normal,Safe,Stable
2024-05-25 19:00:00,May,262.05,92.93,1,26.6,6.68,7.89,3.19,5,5,0,4,29.1,33.9,24.1,5.96,5,26.73684211,1.315789474,8.509377846,0.4016623155,-0.004446467815,No,No,Normal,Safe,Stable
2024-05-25 20:00:00,May,262.05,92.93,1,26.6,6.68,7.89,3.19,5,5,1,5,29.1,33.9,24.1,5.96,5,26.78947368,1.052631579,8.512281576,0.4040925645,-0.004869178165,Yes,No,Normal,Safe,Stable
2024-05-25 21:00:00,May,262.05,92.93,1,26.6,6.68,7.89,3.19,5,5,0,4,29.1,33.9,24.1,5.96,5,26.84210526,0.7894736842,8.515185306,0.4065228135,-0.005291888516,No,No,Normal,Safe,Stable
2024-05-25 22:00:00,May,262.05,92.93,1,26.6,6.68,7.89,3.19,5,5,1,6,29.1,33.9,24.1,5.96,5,26.89473684,0.5263157895,8.518089036,0.4089530625,-0.005714598866,Yes,No,Normal,Safe,Stable
2024-05-25 23:00:00,May,262.05,92.93,1,26.6,6.68,7.89,3.19,5,5,0,2,29.1,33.9,24.1,5.96,5,26.94736842,0.2631578947,8.520992766,0.4113833115,-0.006137309216,No,No,Normal,Safe,Stable
2024-05-26 00:00:00,May,262.05,92.93,1,26.6,6.68,7.89,3.19,5,5,0,5,29.1,33.9,24.1,5.96,5,27,0,8.523896496,0.4138135605,-0.006560019567,Yes,Yes,Normal,Safe,Stable
2024-05-26 01:00:00,May,262.05,92.93,1,26.6,6.68,7.89,3.19,5,5,0,5,29.1,33.9,24.1,5.96,5,27,1,7.618169821,0.9798107822,-0.007834399263,No,No,Normal,Safe,Stable
2024-05-26 02:00:00,May,262.05,92.93,1,26.6,6.68,7.89,3.19,5,5,0,5,29.1,33.9,24.1,5.96,5,27,2,8.226573759,0.9415813872,0.0009300503241,Yes,No,Normal,Safe,Stable
2024-05-26 03:00:00,May,262.05,92.93,1,26.6,6.68,7.89,3.19,5,5,0,5,29.1,33.9,24.1,5.96,5,27,3,8.213882503,0.4262489401,0.02063664999,No,No,Normal,Safe,Stable
2024-05-26 04:00:00,May,262.05,92.93,1,26.6,6.68,7.89,3.19,5,5,0,2,29.1,33.9,24.1,5.96,5,27,4,7.924204659,0.9600860856,0.01207884693,Yes,No,Normal,Safe,Stable
2024-05-26 05:00:00,May,262.05,92.93,1,26.6,6.68,7.89,3.19,5,5,0,4,29.1,33.9,24.1,5.96,5,27,5,8.331883757,0.4332804372,0.01214127599,No,No,Normal,Safe,Stable
2024-05-26 06:00:00,May,262.05,92.93,1,26.6,6.68,7.89,3.19,5,5,0,6,29.1,33.9,24.1,5.96,5,27.05263158,4.736842105,8.309672404,0.431533461,0.01188265768,Yes,Yes,Normal,Safe,Stable
2024-05-26 07:00:00,May,262.05,92.93,1,26.6,6.68,7.89,3.19,5,5,0,5,29.1,33.9,24.1,5.96,5,27.10526316,4.473684211,8.287461051,0.4297864848,0.01162403938,No,No,Normal,Safe,Stable
2024-05-26 08:00:00,May,262.05,92.93,1,26.6,6.68,7.89,3.19,5,5,0,2,29.1,33.9,24.1,5.96,5,27.15789474,4.210526316,8.265249698,0.4280395086,0.01136542108,Yes,No,Normal,Safe,Stable
2024-05-26 09:00:00,May,262.05,92.93,1,26.6,6.68,7.89,3.19,5,5,0,6,29.1,33.9,24.1,5.96,5,27.21052632,3.947368421,8.243038344,0.4262925324,0.01110680278,No,No,Normal,Safe,Stable
2024-05-26 10:00:00,May,262.05,92.93,1,26.6,6.68,7.89,3.19,5,5,1,4,29.1,33.9,24.1,5.96,5,27.26315789,3.684210526,8.220826991,0.4245455562,0.01084818448,Yes,No,Normal,Safe,Stable
2024-05-26 11:00:00,May,262.05,92.93,1,26.6,6.68,7.89,3.19,5,5,0,5,29.1,33.9,24.1,5.96,5,27.31578947,3.421052632,8.198615638,0.42279858,0.01058956618,No,No,Normal,Safe,Stable
2024-05-26 12:00:00,May,262.05,92.93,1,26.6,6.68,7.89,3.19,5,5,0,5,29.1,33.9,24.1,5.96,5,27.36842105,3.157894737,8.176404284,0.4210516038,0.01033094787,Yes,Yes,Normal,Safe,Stable
2024-05-26 13:00:00,May,262.05,92.93,1,26.6,6.68,7.89,3.19,5,5,0,5,29.1,33.9,24.1,5.96,5,27.42105263,2.894736842,8.154192931,0.4193046276,0.01007232957,No,No,Normal,Safe,Stable
2024-05-26 14:00:00,May,262.05,92.93,1,26.6,6.68,7.89,3.19,5,5,0,2,29.1,33.9,24.1,5.96,5,27.47368421,2.631578947,8.131981578,0.4175576514,0.009813711271,Yes,No,Normal,Safe,Stable
2024-05-26 15:00:00,May,262.05,92.93,1,26.6,6.68,7.89,3.19,5,5,0,1,29.1,33.9,24.1,5.96,5,27.52631579,2.368421053,8.109770225,0.4158106752,0.00955509297,No,No,Normal,Safe,Stable
2024-05-26 16:00:00,May,262.05,92.93,1,26.6,6.68,7.89,3.19,5,5,0,6,29.1,33.9,24.1,5.96,5,27.57894737,2.105263158,8.087558871,0.414063699,0.009296474668,Yes,No,Normal,Safe,Stable
2024-05-26 17:00:00,May,262.05,92.93,1,26.6,6.68,7.89,3.19,5,5,0,4,29.1,33.9,24.1,5.96,5,27.63157895,1.842105263,8.065347518,0.4123167228,0.009037856367,No,No,Normal,Safe,Stable
2024-05-26 18:00:00,May,262.05,92.93,1,26.6,6.68,7.89,3.19,5,5,0,5,29.1,33.9,24.1,5.96,5,27.68421053,1.578947368,8.043136165,0.4105697466,0.008779238065,Yes,Yes,Normal,Safe,Stable
2024-05-26 19:00:00,May,262.05,92.93,1,26.6,6.68,7.89,3.19,5,5,0,5,29.1,33.9,24.1,5.96,5,27.73684211,1.315789474,8.020924812,0.4088227704,0.008520619763,No,No,Normal,Safe,Stable
2024-05-26 20:00:00,May,262.05,92.93,1,26.6,6.68,7.89,3.19,5,5,0,5,29.1,33.9,24.1,5.96,5,27.78947368,1.052631579,7.998713458,0.4070757942,0.008262001462,Yes,No,Normal,Safe,Stable
2024-05-26 21:00:00,May,262.05,92.93,1,26.6,6.68,7.89,3.19,5,5,0,4,29.1,33.9,24.1,5.96,5,27.84210526,0.7894736842,7.976502105,0.405328818,0.00800338316,No,No,Normal,Safe,Stable
2024-05-26 22:00:00,May,262.05,92.93,1,26.6,6.68,7.89,3.19,5,5,0,4,29.1,33.9,24.1,5.96,5,27.89473684,0.5263157895,7.954290752,0.4035818418,0.007744764859,Yes,No,Normal,Safe,Stable
2024-05-26 23:00:00,May,262.05,92.93,1,26.6,6.68,7.89,3.19,5,5,1,4,29.1,33.9,24.1,5.96,5,27.94736842,0.2631578947,7.932079398,0.4018348656,0.007486146557,No,No,Normal,Safe,Stable
2024-05-27 00:00:00,May,262.05,92.93,1,26.6,6.68,7.89,3.19,5,5,0,6,29.1,33.9,24.1,5.96,5,28,0,7.909868045,0.4000878894,0.007227528255,Yes,Yes,Normal,Safe,Stable
2024-05-27 01:00:00,May,262.05,92.93,1,26.6,6.68,7.89,3.19,5,5,0,4,29.1,33.9,24.1,5.96,5,28,1,8.329447436,0.3568745834,0.1281466388,No,No,Normal,Safe,Stable
2024-05-27 02:00:00,May,262.05,92.93,1,26.6,6.68,7.89,3.19,5,5,0,2,29.1,33.9,24.1,5.96,5,28,2,8.113518669,0.3528836457,0.42343208,Yes,No,Normal,Safe,Stable
2024-05-27 03:00:00,May,262.05,92.93,1,26.6,6.68,7.89,3.19,5,5,0,4,29.1,33.9,24.1,5.96,5,28,3,8.807474249,0.288777942,0.9132538098,No,No,Normal,Safe,Stable
2024-05-27 04:00:00,May,262.05,92.93,1,26.6,6.68,7.89,3.19,5,5,0,5,29.1,33.9,24.1,5.96,5,28,4,8.035356592,0.287536287,0.976953984,Yes,No,Normal,Safe,Stable
2024-05-27 05:00:00,May,262.05,92.93,1,26.6,6.68,7.89,3.19,5,5,0,6,29.1,33.9,24.1,5.96,5,28,5,7.994409761,0.3889282691,0.03015276597,No,No,Normal,Safe,Stable
2024-05-27 06:00:00,May,262.0584615,92.92912088,1,26.60934066,6.691428571,7.88989011,3.195714286,5.010989011,5.010989011,0,4,29.1,33.9,24.1,5.938351648,5.010989011,27.7032967,4.945054945,7.991757897,0.3895647596,0.02958204811,Yes,Yes,Normal,Safe,Stable
2024-05-27 07:00:00,May,262.0669231,92.92824176,1,26.61868132,6.702857143,7.88978022,3.201428571,5.021978022,5.021978022,1,2,29.1,33.9,24.1,5.916703297,5.021978022,27.40659341,4.89010989,7.989106034,0.3902012502,0.02901133025,No,No,Normal,Safe,Stable
2024-05-27 08:00:00,May,262.0753846,92.92736264,1,26.62802198,6.714285714,7.88967033,3.207142857,5.032967033,5.032967033,0,1,29.1,33.9,24.1,5.895054945,5.032967033,27.10989011,4.835164835,7.98645417,0.3908377407,0.02844061239,Yes,No,Normal,Safe,Stable
2024-05-27 09:00:00,May,262.0838462,92.92648352,1,26.63736264,6.725714286,7.88956044,3.212857143,5.043956044,5.043956044,0,2,29.1,33.9,24.1,5.873406593,5.043956044,26.81318681,4.78021978,7.983802307,0.3914742312,0.02786989453,No,No,Normal,Safe,Stable
2024-05-27 10:00:00,May,262.0923077,92.9256044,1,26.6467033,6.737142857,7.889450549,3.218571429,5.054945055,5.054945055,0,5,29.1,33.9,24.1,5.851758242,5.054945055,26.51648352,4.725274725,7.981150443,0.3921107217,0.02729917667,Yes,No,Normal,Safe,Stable
2024-05-27 11:00:00,May,262.1007692,92.92472527,1,26.65604396,6.748571429,7.889340659,3.224285714,5.065934066,5.065934066,0,6,29.1,33.9,24.1,5.83010989,5.065934066,26.21978022,4.67032967,7.978498579,0.3927472123,0.02672845881,No,No,Normal,Safe,Stable
2024-05-27 12:00:00,May,262.1092308,92.92384615,1,26.66538462,6.76,7.889230769,3.23,5.076923077,5.076923077,0,5,29.1,33.9,24.1,5.808461538,5.076923077,25.92307692,4.615384615,7.975846716,0.3933837028,0.02615774095,Yes,Yes,Normal,Safe,Stable
2024-05-27 13:00:00,May,262.1176923,92.92296703,1,26.67472527,6.771428571,7.889120879,3.235714286,5.087912088,5.087912088,0,2,29.1,33.9,24.1,5.786813187,5.087912088,25.62637363,4.56043956,7.973194852,0.3940201933,0.02558702309,No,No,Normal,Safe,Stable
2024-05-27 14:00:00,May,262.1261538,92.92208791,1,26.68406593,6.782857143,7.889010989,3.241428571,5.098901099,5.098901099,0,6,29.1,33.9,24.1,5.765164835,5.098901099,25.32967033,4.505494505,7.970542989,0.3946566839,0.02501630523,Yes,No,Normal,Safe,Stable
2024-05-27 15:00:00,May,262.1346154,92.92120879,1,26.69340659,6.794285714,7.888901099,3.247142857,5.10989011,5.10989011,0,1,29.1,33.9,24.1,5.743516484,5.10989011,25.03296703,4.450549451,7.967891125,0.3952931744,0.02444558737,No,No,Normal,Safe,Stable
2024-05-27 16:00:00,May,262.1430769,92.92032967,1,26.70274725,6.805714286,7.888791209,3.252857143,5.120879121,5.120879121,0,4,29.1,33.9,24.1,5.721868132,5.120879121,24.73626374,4.395604396,7.965239261,0.3959296649,0.02387486951,Yes,No,Normal,Safe,Stable
2024-05-27 17:00:00,May,262.1515385,92.91945055,1,26.71208791,6.817142857,7.888681319,3.258571429,5.131868132,5.131868132,0,5,29.1,33.9,24.1,5.70021978,5.131868132,24.43956044,4.340659341,7.962587398,0.3965661554,0.02330415166,No,No,Normal,Safe,Stable
2024-05-27 18:00:00,May,262.16,92.91857143,1,26.72142857,6.828571429,7.888571429,3.264285714,5.142857143,5.142857143,1,6,29.1,33.9,24.1,5.678571429,5.142857143,24.14285714,4.285714286,7.959935534,0.397202646,0.0227334338,Yes,Yes,Normal,Safe,Stable
2024-05-27 19:00:00,May,262.1684615,92.91769231,1,26.73076923,6.84,7.888461538,3.27,5.153846154,5.153846154,0,2,29.1,33.9,24.1,5.656923077,5.153846154,23.84615385,4.230769231,7.957283671,0.3978391365,0.02216271594,No,No,Normal,Safe,Stable
2024-05-27 20:00:00,May,262.1769231,92.91681319,1,26.74010989,6.851428571,7.888351648,3.275714286,5.164835165,5.164835165,0,4,29.1,33.9,24.1,5.635274725,5.164835165,23.54945055,4.175824176,7.954631807,0.398475627,0.02159199808,Yes,No,Normal,Safe,Stable
2024-05-27 21:00:00,May,262.1853846,92.91593407,1,26.74945055,6.862857143,7.888241758,3.281428571,5.175824176,5.175824176,0,5,29.1,33.9,24.1,5.613626374,5.175824176,23.25274725,4.120879121,7.951979944,0.3991121176,0.02102128022,No,No,Normal,Safe,Stable
2024-05-27 22:00:00,May,262.1938462,92.91505495,1,26.75879121,6.874285714,7.888131868,3.287142857,5.186813187,5.186813187,1,2,29.1,33.9,24.1,5.591978022,5.186813187,22.95604396,4.065934066,7.94932808,0.3997486081,0.02045056236,Yes,No,Normal,Safe,Stable
2024-05-27 23:00:00,May,262.2023077,92.91417582,1,26.76813187,6.885714286,7.888021978,3.292857143,5.197802198,5.197802198,1,4,29.1,33.9,24.1,5.57032967,5.197802198,22.65934066,4.010989011,7.946676216,0.4003850986,0.0198798445,No,No,Normal,Safe,Stable
2024-05-28 00:00:00,May,262.2107692,92.9132967,1,26.77747253,6.897142857,7.887912088,3.298571429,5.208791209,5.208791209,0,2,29.1,33.9,24.1,5.548681319,5.208791209,22.36263736,3.956043956,7.944024353,0.4010215891,0.01930912664,Yes,Yes,Normal,Safe,Stable
2024-05-28 01:00:00,May,262.2192308,92.91241758,1,26.78681319,6.908571429,7.887802198,3.304285714,5.21978022,5.21978022,0,5,29.1,33.9,24.1,5.527032967,5.21978022,22.06593407,3.901098901,7.941372489,0.4016580797,0.01873840878,No,No,Normal,Safe,Stable
2024-05-28 02:00:00,May,262.2276923,92.91153846,1,26.79615385,6.92,7.887692308,3.31,5.230769231,5.230769231,1,6,29.1,33.9,24.1,5.505384615,5.230769231,21.76923077,3.846153846,7.938720626,0.4022945702,0.01816769092,Yes,No,Normal,Safe,Stable
2024-05-28 03:00:00,May,262.2361538,92.91065934,1,26.80549451,6.931428571,7.887582418,3.315714286,5.241758242,5.241758242,0,5,29.1,33.9,24.1,5.483736264,5.241758242,21.47252747,3.791208791,7.936068762,0.4029310607,0.01759697306,No,No,Normal,Safe,Stable
2024-05-28 04:00:00,May,262.2446154,92.90978022,1,26.81483516,6.942857143,7.887472527,3.321428571,5.252747253,5.252747253,0,4,29.1,33.9,24.1,5.462087912,5.252747253,21.17582418,3.736263736,7.933416899,0.4035675512,0.0170262552,Yes,No,Normal,Safe,Stable
2024-05-28 05:00:00,May,262.2530769,92.9089011,1,26.82417582,6.954285714,7.887362637,3.327142857,5.263736264,5.263736264,1,2,29.1,33.9,24.1,5.44043956,5.263736264,20.87912088,3.681318681,7.930765035,0.4042040418,0.01645553734,No,No,Normal,Safe,Stable
2024-05-28 06:00:00,May,262.2615385,92.90802198,1,26.83351648,6.965714286,7.887252747,3.332857143,5.274725275,5.274725275,0,6,29.1,33.9,24.1,5.418791209,5.274725275,20.58241758,3.626373626,7.928113171,0.4048405323,0.01588481948,Yes,Yes,Normal,Safe,Stable
2024-05-28 07:00:00,May,262.27,92.90714286,1,26.84285714,6.977142857,7.887142857,3.338571429,5.285714286,5.285714286,0,2,29.1,33.9,24.1,5.397142857,5.285714286,20.28571429,3.571428571,7.925461308,0.4054770228,0.01531410162,No,No,Normal,Safe,Stable
2024-05-28 08:00:00,May,262.2784615,92.90626374,1,26.8521978,6.988571429,7.887032967,3.344285714,5.296703297,5.296703297,1,4,29.1,33.9,24.1,5.375494505,5.296703297,19.98901099,3.516483516,7.922809444,0.4061135134,0.01474338376,Yes,No,Normal,Safe,Stable
2024-05-28 09:00:00,May,262.2869231,92.90538462,1,26.86153846,7,7.886923077,3.35,5.307692308,5.307692308,0,4,29.1,33.9,24.1,5.353846154,5.307692308,19.69230769,3.461538462,7.920157581,0.4067500039,0.0141726659,No,No,Normal,Safe,Stable
2024-05-28 10:00:00,May,262.2953846,92.90450549,1,26.87087912,7.011428571,7.886813187,3.355714286,5.318681319,5.318681319,0,5,29.1,33.9,24.1,5.332197802,5.318681319,19.3956044,3.406593407,7.917505717,0.4073864944,0.01360194804,Yes,No,Normal,Safe,Stable
2024-05-28 11:00:00,May,262.3038462,92.90362637,1,26.88021978,7.022857143,7.886703297,3.361428571,5.32967033,5.32967033,0,4,29.1,33.9,24.1,5.310549451,5.32967033,19.0989011,3.351648352,7.914853853,0.4080229849,0.01303123018,No,No,Normal,Safe,Stable
2024-05-28 12:00:00,May,262.3123077,92.90274725,1,26.88956044,7.034285714,7.886593407,3.367142857,5.340659341,5.340659341,0,5,29.1,33.9,24.1,5.288901099,5.340659341,18.8021978,3.296703297,7.91220199,0.4086594755,0.01246051232,Yes,Yes,Normal,Safe,Stable
2024-05-28 13:00:00,May,262.3207692,92.90186813,1,26.8989011,7.045714286,7.886483516,3.372857143,5.351648352,5.351648352,0,4,29.1,33.9,24.1,5.267252747,5.351648352,18.50549451,3.241758242,7.909550126,0.409295966,0.01188979446,No,No,Normal,Safe,Stable
2024-05-28 14:00:00,May,262.3292308,92.90098901,1,26.90824176,7.057142857,7.886373626,3.378571429,5.362637363,5.362637363,0,5,29.1,33.9,24.1,5.245604396,5.362637363,18.20879121,3.186813187,7.906898263,0.4099324565,0.0113190766,Yes,No,Normal,Safe,Stable
2024-05-28 15:00:00,May,262.3376923,92.90010989,1,26.91758242,7.068571429,7.886263736,3.384285714,5.373626374,5.373626374,0,6,29.1,33.9,24.1,5.223956044,5.373626374,17.91208791,3.131868132,7.904246399,0.4105689471,0.01074835874,No,No,Normal,Safe,Stable
2024-05-28 16:00:00,May,262.3461538,92.89923077,1,26.92692308,7.08,7.886153846,3.39,5.384615385,5.384615385,0,1,29.1,33.9,24.1,5.202307692,5.384615385,17.61538462,3.076923077,7.901594536,0.4112054376,0.01017764088,Yes,No,Normal,Safe,Stable
2024-05-28 17:00:00,May,262.3546154,92.89835165,1,26.93626374,7.091428571,7.886043956,3.395714286,5.395604396,5.395604396,0,4,29.1,33.9,24.1,5.180659341,5.395604396,17.31868132,3.021978022,7.898942672,0.4118419281,0.009606923022,No,No,Normal,Safe,Stable
2024-05-28 18:00:00,May,262.3630769,92.89747253,1,26.9456044,7.102857143,7.885934066,3.401428571,5.406593407,5.406593407,0,6,29.1,33.9,24.1,5.159010989,5.406593407,17.02197802,2.967032967,7.896290808,0.4124784186,0.009036205162,Yes,Yes,Normal,Safe,Stable
2024-05-28 19:00:00,May,262.3715385,92.89659341,1,26.95494505,7.114285714,7.885824176,3.407142857,5.417582418,5.417582418,0,6,29.1,33.9,24.1,5.137362637,5.417582418,16.72527473,2.912087912,7.893638945,0.4131149092,0.008465487302,No,No,Normal,Safe,Stable
2024-05-28 20:00:00,May,262.38,92.89571429,1,26.96428571,7.125714286,7.885714286,3.412857143,5.428571429,5.428571429,0,1,29.1,33.9,24.1,5.115714286,5.428571429,16.42857143,2.857142857,7.890987081,0.4137513997,0.007894769443,Yes,No,Normal,Safe,Stable
2024-05-28 21:00:00,May,262.3884615,92.89483516,1,26.97362637,7.137142857,7.885604396,3.418571429,5.43956044,5.43956044,0,4,29.1,33.9,24.1,5.094065934,5.43956044,16.13186813,2.802197802,7.888335218,0.4143878902,0.007324051583,No,No,Normal,Safe,Stable
2024-05-28 22:00:00,May,262.3969231,92.89395604,1,26.98296703,7.148571429,7.885494505,3.424285714,5.450549451,5.450549451,0,5,29.1,33.9,24.1,5.072417582,5.450549451,15.83516484,2.747252747,7.885683354,0.4150243808,0.006753333723,Yes,No,Normal,Safe,Stable
2024-05-28 23:00:00,May,262.4053846,92.89307692,1,26.99230769,7.16,7.885384615,3.43,5.461538462,5.461538462,0,5,29.1,33.9,24.1,5.050769231,5.461538462,15.53846154,2.692307692,7.883031491,0.4156608713,0.006182615863,No,No,Normal,Safe,Stable
2024-05-29 00:00:00,May,262.4138462,92.8921978,1,27.00164835,7.171428571,7.885274725,3.435714286,5.472527473,5.472527473,0,2,29.1,33.9,24.1,5.029120879,5.472527473,15.24175824,2.637362637,7.880379627,0.4162973618,0.005611898004,Yes,Yes,Normal,Safe,Stable
2024-05-29 01:00:00,May,262.4223077,92.89131868,1,27.01098901,7.182857143,7.885164835,3.441428571,5.483516484,5.483516484,0,4,29.1,33.9,24.1,5.007472527,5.483516484,14.94505495,2.582417582,7.877727763,0.4169338523,0.005041180144,No,No,Normal,Safe,Stable
2024-05-29 02:00:00,May,262.4307692,92.89043956,1,27.02032967,7.194285714,7.885054945,3.447142857,5.494505495,5.494505495,0,6,29.1,33.9,24.1,4.985824176,5.494505495,14.64835165,2.527472527,7.8750759,0.4175703429,0.004470462284,Yes,No,Normal,Safe,Stable
2024-05-29 03:00:00,May,262.4392308,92.88956044,1,27.02967033,7.205714286,7.884945055,3.452857143,5.505494505,5.505494505,1,5,29.1,33.9,24.1,4.964175824,5.505494505,14.35164835,2.472527473,7.872424036,0.4182068334,0.003899744424,No,No,Normal,Safe,Stable
2024-05-29 04:00:00,May,262.4476923,92.88868132,1,27.03901099,7.217142857,7.884835165,3.458571429,5.516483516,5.516483516,0,5,29.1,33.9,24.1,4.942527473,5.516483516,14.05494505,2.417582418,7.869772173,0.4188433239,0.003329026565,Yes,No,Normal,Safe,Stable
2024-05-29 05:00:00,May,262.4561538,92.8878022,1,27.04835165,7.228571429,7.884725275,3.464285714,5.527472527,5.527472527,0,1,29.1,33.9,24.1,4.920879121,5.527472527,13.75824176,2.362637363,7.867120309,0.4194798145,0.002758308705,No,No,Normal,Safe,Stable
2024-05-29 06:00:00,May,262.4646154,92.88692308,1,27.05769231,7.24,7.884615385,3.47,5.538461538,5.538461538,0,5,29.1,33.9,24.1,4.899230769,5.538461538,13.46153846,2.307692308,7.864468446,0.420116305,0.002187590845,Yes,Yes,Normal,Safe,Stable
2024-05-29 07:00:00,May,262.4730769,92.88604396,1,27.06703297,7.251428571,7.884505495,3.475714286,5.549450549,5.549450549,0,4,29.1,33.9,24.1,4.877582418,5.549450549,13.16483516,2.252747253,7.861816582,0.4207527955,0.001616872986,No,No,Normal,Safe,Stable
2024-05-29 08:00:00,May,262.4815385,92.88516484,1,27.07637363,7.262857143,7.884395604,3.481428571,5.56043956,5.56043956,0,2,29.1,33.9,24.1,4.855934066,5.56043956,12.86813187,2.197802198,7.859164718,0.421389286,0.001046155126,Yes,No,Normal,Safe,Stable
2024-05-29 09:00:00,May,262.49,92.88428571,1,27.08571429,7.274285714,7.884285714,3.487142857,5.571428571,5.571428571,0,2,29.1,33.9,24.1,4.834285714,5.571428571,12.57142857,2.142857143,7.856512855,0.4220257766,0.0004754372661,No,No,Normal,Safe,Stable
2024-05-29 10:00:00,May,262.4984615,92.88340659,1,27.09505495,7.285714286,7.884175824,3.492857143,5.582417582,5.582417582,0,5,29.1,33.9,24.1,4.812637363,5.582417582,12.27472527,2.087912088,7.853860991,0.4226622671,-0.00009528059363,Yes,No,Normal,Safe,Stable
2024-05-29 11:00:00,May,262.5069231,92.88252747,1,27.1043956,7.297142857,7.884065934,3.498571429,5.593406593,5.593406593,0,4,29.1,33.9,24.1,4.790989011,5.593406593,11.97802198,2.032967033,7.851209128,0.4232987576,-0.0006659984534,No,No,Normal,Safe,Stable
2024-05-29 12:00:00,May,262.5153846,92.88164835,1,27.11373626,7.308571429,7.883956044,3.504285714,5.604395604,5.604395604,0,1,29.1,33.9,24.1,4.769340659,5.604395604,11.68131868,1.978021978,7.848557264,0.4239352482,-0.001236716313,Yes,Yes,Normal,Safe,Stable
2024-05-29 13:00:00,May,262.5238462,92.88076923,1,27.12307692,7.32,7.883846154,3.51,5.615384615,5.615384615,1,2,29.1,33.9,24.1,4.747692308,5.615384615,11.38461538,1.923076923,7.8459054,0.4245717387,-0.001807434173,No,No,Normal,Safe,Stable
2024-05-29 14:00:00,May,262.5323077,92.87989011,1,27.13241758,7.331428571,7.883736264,3.515714286,5.626373626,5.626373626,0,1,29.1,33.9,24.1,4.726043956,5.626373626,11.08791209,1.868131868,7.843253537,0.4252082292,-0.002378152033,Yes,No,Normal,Safe,Stable
2024-05-29 15:00:00,May,262.5407692,92.87901099,1,27.14175824,7.342857143,7.883626374,3.521428571,5.637362637,5.637362637,0,2,29.1,33.9,24.1,4.704395604,5.637362637,10.79120879,1.813186813,7.840601673,0.4258447197,-0.002948869892,No,No,Normal,Safe,Stable
2024-05-29 16:00:00,May,262.5492308,92.87813187,1,27.1510989,7.354285714,7.883516484,3.527142857,5.648351648,5.648351648,1,4,29.1,33.9,24.1,4.682747253,5.648351648,10.49450549,1.758241758,7.83794981,0.4264812103,-0.003519587752,Yes,No,Normal,Safe,Stable
2024-05-29 17:00:00,May,262.5576923,92.87725275,1,27.16043956,7.365714286,7.883406593,3.532857143,5.659340659,5.659340659,0,5,29.1,33.9,24.1,4.661098901,5.659340659,10.1978022,1.703296703,7.835297946,0.4271177008,-0.004090305612,No,No,Normal,Safe,Stable
2024-05-29 18:00:00,May,262.5661538,92.87637363,1,27.16978022,7.377142857,7.883296703,3.538571429,5.67032967,5.67032967,0,5,29.1,33.9,24.1,4.639450549,5.67032967,9.901098901,1.648351648,7.832646083,0.4277541913,-0.004661023471,Yes,Yes,Normal,Safe,Stable
2024-05-29 19:00:00,May,262.5746154,92.87549451,1,27.17912088,7.388571429,7.883186813,3.544285714,5.681318681,5.681318681,0,4,29.1,33.9,24.1,4.617802198,5.681318681,9.604395604,1.593406593,7.829994219,0.4283906819,-0.005231741331,No,No,Normal,Safe,Stable
2024-05-29 20:00:00,May,262.5830769,92.87461538,1,27.18846154,7.4,7.883076923,3.55,5.692307692,5.692307692,0,2,29.1,33.9,24.1,4.596153846,5.692307692,9.307692308,1.538461538,7.827342355,0.4290271724,-0.005802459191,Yes,No,Normal,Safe,Stable
2024-05-29 21:00:00,May,262.5915385,92.87373626,1,27.1978022,7.411428571,7.882967033,3.555714286,5.703296703,5.703296703,0,2,29.1,33.9,24.1,4.574505495,5.703296703,9.010989011,1.483516484,7.824690492,0.4296636629,-0.006373177051,No,No,Normal,Safe,Stable
2024-05-29 22:00:00,May,262.6,92.87285714,1,27.20714286,7.422857143,7.882857143,3.561428571,5.714285714,5.714285714,0,2,29.1,33.9,24.1,4.552857143,5.714285714,8.714285714,1.428571429,7.822038628,0.4303001534,-0.00694389491,Yes,No,Normal,Safe,Stable
2024-05-29 23:00:00,May,262.6084615,92.87197802,1,27.21648352,7.434285714,7.882747253,3.567142857,5.725274725,5.725274725,0,4,29.1,33.9,24.1,4.531208791,5.725274725,8.417582418,1.373626374,7.819386765,0.430936644,-0.00751461277,No,No,Normal,Safe,Stable
2024-05-30 00:00:00,May,262.6169231,92.8710989,1,27.22582418,7.445714286,7.882637363,3.572857143,5.736263736,5.736263736,0,5,29.1,33.9,24.1,4.50956044,5.736263736,8.120879121,1.318681319,7.816734901,0.4315731345,-0.00808533063,Yes,Yes,Normal,Safe,Stable
2024-05-30 01:00:00,May,262.6253846,92.87021978,1,27.23516484,7.457142857,7.882527473,3.578571429,5.747252747,5.747252747,1,4,29.1,33.9,24.1,4.487912088,5.747252747,7.824175824,1.263736264,7.814083038,0.432209625,-0.00865604849,No,No,Normal,Safe,Stable
2024-05-30 02:00:00,May,262.6338462,92.86934066,1,27.24450549,7.468571429,7.882417582,3.584285714,5.758241758,5.758241758,1,2,29.1,33.9,24.1,4.466263736,5.758241758,7.527472527,1.208791209,7.811431174,0.4328461156,-0.009226766349,Yes,No,Normal,Safe,Stable
2024-05-30 03:00:00,May,262.6423077,92.86846154,1,27.25384615,7.48,7.882307692,3.59,5.769230769,5.769230769,0,2,29.1,33.9,24.1,4.444615385,5.769230769,7.230769231,1.153846154,7.80877931,0.4334826061,-0.009797484209,No,No,Normal,Safe,Stable
2024-05-30 04:00:00,May,262.6507692,92.86758242,1,27.26318681,7.491428571,7.882197802,3.595714286,5.78021978,5.78021978,1,5,29.1,33.9,24.1,4.422967033,5.78021978,6.934065934,1.098901099,7.806127447,0.4341190966,-0.01036820207,Yes,No,Normal,Safe,Stable
2024-05-30 05:00:00,May,262.6592308,92.8667033,1,27.27252747,7.502857143,7.882087912,3.601428571,5.791208791,5.791208791,0,2,29.1,33.9,24.1,4.401318681,5.791208791,6.637362637,1.043956044,7.803475583,0.4347555871,-0.01093891993,No,No,Normal,Safe,Stable
2024-05-30 06:00:00,May,262.6676923,92.86582418,1,27.28186813,7.514285714,7.881978022,3.607142857,5.802197802,5.802197802,0,4,29.1,33.9,24.1,4.37967033,5.802197802,6.340659341,0.989010989,7.80082372,0.4353920777,-0.01150963779,Yes,Yes,Normal,Safe,Stable
2024-05-30 07:00:00,May,262.6761538,92.86494505,1,27.29120879,7.525714286,7.881868132,3.612857143,5.813186813,5.813186813,0,4,29.1,33.9,24.1,4.358021978,5.813186813,6.043956044,0.9340659341,7.798171856,0.4360285682,-0.01208035565,No,No,Normal,Safe,Stable
2024-05-30 08:00:00,May,262.6846154,92.86406593,1,27.30054945,7.537142857,7.881758242,3.618571429,5.824175824,5.824175824,0,5,29.1,33.9,24.1,4.336373626,5.824175824,5.747252747,0.8791208791,7.795519992,0.4366650587,-0.01265107351,Yes,No,Normal,Safe,Stable
2024-05-30 09:00:00,May,262.6930769,92.86318681,1,27.30989011,7.548571429,7.881648352,3.624285714,5.835164835,5.835164835,0,2,29.1,33.9,24.1,4.314725275,5.835164835,5.450549451,0.8241758242,7.792868129,0.4373015493,-0.01322179137,No,No,Normal,Safe,Stable
2024-05-30 10:00:00,May,262.7015385,92.86230769,1,27.31923077,7.56,7.881538462,3.63,5.846153846,5.846153846,0,4,29.1,33.9,24.1,4.293076923,5.846153846,5.153846154,0.7692307692,7.790216265,0.4379380398,-0.01379250923,Yes,No,Normal,Safe,Stable
2024-05-30 11:00:00,May,262.71,92.86142857,1,27.32857143,7.571428571,7.881428571,3.635714286,5.857142857,5.857142857,1,5,29.1,33.9,24.1,4.271428571,5.857142857,4.857142857,0.7142857143,7.787564402,0.4385745303,-0.01436322709,No,No,Normal,Safe,Stable
2024-05-30 12:00:00,May,262.7184615,92.86054945,1,27.33791209,7.582857143,7.881318681,3.641428571,5.868131868,5.868131868,1,4,29.1,33.9,24.1,4.24978022,5.868131868,4.56043956,0.6593406593,7.784912538,0.4392110208,-0.01493394495,Yes,Yes,Normal,Safe,Stable
2024-05-30 13:00:00,May,262.7269231,92.85967033,1,27.34725275,7.594285714,7.881208791,3.647142857,5.879120879,5.879120879,1,5,29.1,33.9,24.1,4.228131868,5.879120879,4.263736264,0.6043956044,7.782260675,0.4398475114,-0.01550466281,No,No,Normal,Safe,Stable
2024-05-30 14:00:00,May,262.7353846,92.85879121,1,27.35659341,7.605714286,7.881098901,3.652857143,5.89010989,5.89010989,0,5,29.1,33.9,24.1,4.206483516,5.89010989,3.967032967,0.5494505495,7.779608811,0.4404840019,-0.01607538067,Yes,No,Normal,Safe,Stable
2024-05-30 15:00:00,May,262.7438462,92.85791209,1,27.36593407,7.617142857,7.880989011,3.658571429,5.901098901,5.901098901,0,6,29.1,33.9,24.1,4.184835165,5.901098901,3.67032967,0.4945054945,7.776956947,0.4411204924,-0.01664609853,No,No,Normal,Safe,Stable
2024-05-30 16:00:00,May,262.7523077,92.85703297,1,27.37527473,7.628571429,7.880879121,3.664285714,5.912087912,5.912087912,1,4,29.1,33.9,24.1,4.163186813,5.912087912,3.373626374,0.4395604396,7.774305084,0.441756983,-0.01721681639,Yes,No,Normal,Safe,Stable
2024-05-30 17:00:00,May,262.7607692,92.85615385,1,27.38461538,7.64,7.880769231,3.67,5.923076923,5.923076923,0,1,29.1,33.9,24.1,4.141538462,5.923076923,3.076923077,0.3846153846,7.77165322,0.4423934735,-0.01778753425,No,No,Normal,Safe,Stable
2024-05-30 18:00:00,May,262.7692308,92.85527473,1,27.39395604,7.651428571,7.880659341,3.675714286,5.934065934,5.934065934,0,5,29.1,33.9,24.1,4.11989011,5.934065934,2.78021978,0.3296703297,7.769001357,0.443029964,-0.0183582521,Yes,Yes,Normal,Safe,Stable
2024-05-30 19:00:00,May,262.7776923,92.8543956,1,27.4032967,7.662857143,7.880549451,3.681428571,5.945054945,5.945054945,0,5,29.1,33.9,24.1,4.098241758,5.945054945,2.483516484,0.2747252747,7.766349493,0.4436664545,-0.01892896996,No,No,Normal,Safe,Stable
2024-05-30 20:00:00,May,262.7861538,92.85351648,1,27.41263736,7.674285714,7.88043956,3.687142857,5.956043956,5.956043956,0,4,29.1,33.9,24.1,4.076593407,5.956043956,2.186813187,0.2197802198,7.76369763,0.4443029451,-0.01949968782,Yes,No,Normal,Safe,Stable
2024-05-30 21:00:00,May,262.7946154,92.85263736,1,27.42197802,7.685714286,7.88032967,3.692857143,5.967032967,5.967032967,0,4,29.1,33.9,24.1,4.054945055,5.967032967,1.89010989,0.1648351648,7.761045766,0.4449394356,-0.02007040568,No,No,Normal,Safe,Stable
2024-05-30 22:00:00,May,262.8030769,92.85175824,1,27.43131868,7.697142857,7.88021978,3.698571429,5.978021978,5.978021978,1,5,29.1,33.9,24.1,4.033296703,5.978021978,1.593406593,0.1098901099,7.758393902,0.4455759261,-0.02064112354,Yes,No,Normal,Safe,Stable
2024-05-30 23:00:00,May,262.8115385,92.85087912,1,27.44065934,7.708571429,7.88010989,3.704285714,5.989010989,5.989010989,0,2,29.1,33.9,24.1,4.011648352,5.989010989,1.296703297,0.05494505495,7.755742039,0.4462124167,-0.0212118414,No,No,Normal,Safe,Stable
2024-05-31 00:00:00,June,262.82,92.85,1,27.45,7.72,7.88,3.71,6,6,0,4,29.1,33.9,24.1,3.99,6,1,0,7.753090175,0.4468489072,-0.02178255926,Yes,Yes,Normal,Safe,Stable
2024-05-31 01:00:00,June,262.82,92.85,1,27.45,7.72,7.88,3.71,6,6,1,5,29.1,33.9,24.1,3.99,6,1,1,7.914567336,0.3458019017,0.1459136122,No,No,Normal,Safe,Stable
2024-05-31 02:00:00,June,262.82,92.85,1,27.45,7.72,7.88,3.71,6,6,1,2,29.1,33.9,24.1,3.99,6,1,2,8.424293554,0.3242909944,0.4293005244,Yes,No,Normal,Safe,Stable
2024-05-31 03:00:00,June,262.82,92.85,1,27.45,7.72,7.88,3.71,6,6,0,2,29.1,33.9,24.1,3.99,6,1,3,7.991850633,0.5682622605,0.01949834566,No,No,Normal,Safe,Stable
2024-05-31 04:00:00,June,262.82,92.85,1,27.45,7.72,7.88,3.71,6,6,0,1,29.1,33.9,24.1,3.99,6,1,4,8.016499891,0.2870518512,0.8762564482,Yes,No,Normal,Safe,Stable
2024-05-31 05:00:00,June,262.82,92.85,1,27.45,7.72,7.88,3.71,6,6,0,2,29.1,33.9,24.1,3.99,6,1,5,8.038394206,0.9669251705,0.02202530507,No,No,Normal,Safe,Stable
2024-05-31 06:00:00,June,262.82,92.85,1,27.45,7.72,7.88,3.71,6,6,0,2,29.1,33.9,24.1,3.99,6,1.052631579,4.736842105,8.052824462,0.9379800614,0.02153301937,Yes,Yes,Normal,Safe,Stable
2024-05-31 07:00:00,June,262.82,92.85,1,27.45,7.72,7.88,3.71,6,6,0,5,29.1,33.9,24.1,3.99,6,1.105263158,4.473684211,8.067254719,0.9090349523,0.02104073368,No,No,Normal,Safe,Stable
2024-05-31 08:00:00,June,262.82,92.85,1,27.45,7.72,7.88,3.71,6,6,0,2,29.1,33.9,24.1,3.99,6,1.157894737,4.210526316,8.081684976,0.8800898432,0.02054844798,Yes,No,Normal,Safe,Stable
2024-05-31 09:00:00,June,262.82,92.85,1,27.45,7.72,7.88,3.71,6,6,0,2,29.1,33.9,24.1,3.99,6,1.210526316,3.947368421,8.096115232,0.8511447342,0.02005616228,No,No,Normal,Safe,Stable
2024-05-31 10:00:00,June,262.82,92.85,1,27.45,7.72,7.88,3.71,6,6,0,5,29.1,33.9,24.1,3.99,6,1.263157895,3.684210526,8.110545489,0.8221996251,0.01956387658,Yes,No,Normal,Safe,Stable
2024-05-31 11:00:00,June,262.82,92.85,1,27.45,7.72,7.88,3.71,6,6,0,2,29.1,33.9,24.1,3.99,6,1.315789474,3.421052632,8.124975745,0.793254516,0.01907159089,No,No,Normal,Safe,Stable
2024-05-31 12:00:00,June,262.82,92.85,1,27.45,7.72,7.88,3.71,6,6,0,4,29.1,33.9,24.1,3.99,6,1.368421053,3.157894737,8.139406002,0.7643094069,0.01857930519,Yes,Yes,Normal,Safe,Stable
2024-05-31 13:00:00,June,262.82,92.85,1,27.45,7.72,7.88,3.71,6,6,0,4,29.1,33.9,24.1,3.99,6,1.421052632,2.894736842,8.153836258,0.7353642978,0.01808701949,No,No,Normal,Safe,Stable
2024-05-31 14:00:00,June,262.82,92.85,1,27.45,7.72,7.88,3.71,6,6,0,5,29.1,33.9,24.1,3.99,6,1.473684211,2.631578947,8.168266515,0.7064191887,0.01759473379,Yes,No,Normal,Safe,Stable
2024-05-31 15:00:00,June,262.82,92.85,1,27.45,7.72,7.88,3.71,6,6,0,5,29.1,33.9,24.1,3.99,6,1.526315789,2.368421053,8.182696772,0.6774740796,0.01710244809,No,No,Normal,Safe,Stable
2024-05-31 16:00:00,June,262.82,92.85,1,27.45,7.72,7.88,3.71,6,6,1,5,29.1,33.9,24.1,3.99,6,1.578947368,2.105263158,8.197127028,0.6485289706,0.0166101624,Yes,No,Normal,Safe,Stable
2024-05-31 17:00:00,June,262.82,92.85,1,27.45,7.72,7.88,3.71,6,6,0,4,29.1,33.9,24.1,3.99,6,1.631578947,1.842105263,8.211557285,0.6195838615,0.0161178767,No,No,Normal,Safe,Stable
2024-05-31 18:00:00,June,262.82,92.85,1,27.45,7.72,7.88,3.71,6,6,0,1,29.1,33.9,24.1,3.99,6,1.684210526,1.578947368,8.225987541,0.5906387524,0.015625591,Yes,Yes,Normal,Safe,Stable
2024-05-31 19:00:00,June,262.82,92.85,1,27.45,7.72,7.88,3.71,6,6,0,4,29.1,33.9,24.1,3.99,6,1.736842105,1.315789474,8.240417798,0.5616936433,0.0151333053,No,No,Normal,Safe,Stable
2024-05-31 20:00:00,June,262.82,92.85,1,27.45,7.72,7.88,3.71,6,6,0,5,29.1,33.9,24.1,3.99,6,1.789473684,1.052631579,8.254848055,0.5327485342,0.01464101961,Yes,No,Normal,Safe,Stable
2024-05-31 21:00:00,June,262.82,92.85,1,27.45,7.72,7.88,3.71,6,6,0,4,29.1,33.9,24.1,3.99,6,1.842105263,0.7894736842,8.269278311,0.5038034251,0.01414873391,No,No,Normal,Safe,Stable
2024-05-31 22:00:00,June,262.82,92.85,1,27.45,7.72,7.88,3.71,6,6,1,6,29.1,33.9,24.1,3.99,6,1.894736842,0.5263157895,8.283708568,0.474858316,0.01365644821,Yes,No,Normal,Safe,Stable
2024-05-31 23:00:00,June,262.82,92.85,1,27.45,7.72,7.88,3.71,6,6,0,5,29.1,33.9,24.1,3.99,6,1.947368421,0.2631578947,8.298138824,0.445913207,0.01316416251,No,No,Normal,Safe,Stable
2024-06-01 00:00:00,June,262.82,92.85,1,27.45,7.72,7.88,3.71,6,6,0,5,29.1,33.9,24.1,3.99,6,2,0,8.312569081,0.4169680979,0.01267187682,Yes,Yes,Normal,Safe,Stable
2024-06-01 01:00:00,June,262.82,92.85,1,27.45,7.72,7.88,3.71,6,6,0,5,29.1,33.9,24.1,3.99,6,2,1,7.961158732,0.3241464314,0.1524812844,No,No,Normal,Safe,Stable
2024-06-01 02:00:00,June,262.82,92.85,1,27.45,7.72,7.88,3.71,6,6,0,1,29.1,33.9,24.1,3.99,6,2,2,8.302178958,0.9693272445,0.01734848335,Yes,No,Normal,Safe,Stable
2024-06-01 03:00:00,June,262.82,92.85,1,27.45,7.72,7.88,3.71,6,6,0,4,29.1,33.9,24.1,3.99,6,2,3,8.058567847,0.9627495502,-0.002273417836,No,No,Normal,Safe,Stable
2024-06-01 04:00:00,June,262.82,92.85,1,27.45,7.72,7.88,3.71,6,6,1,5,29.1,33.9,24.1,3.99,6,2,4,8.469669543,0.2588646849,0.9872969278,Yes,No,Normal,Safe,Stable
2024-06-01 05:00:00,June,262.82,92.85,1,27.45,7.72,7.88,3.71,6,6,0,1,29.1,33.9,24.1,3.99,6,2,5,8.285294075,0.3900354291,0.02792965506,No,No,Normal,Safe,Stable
2024-06-01 06:00:00,June,262.82,92.85,1,27.45,7.72,7.88,3.71,6,6,0,5,29.1,33.9,24.1,3.99,6,2.052631579,4.736842105,8.276838461,0.3904363043,0.02724900138,Yes,Yes,Normal,Safe,Stable
2024-06-01 07:00:00,June,262.82,92.85,1,27.45,7.72,7.88,3.71,6,6,0,2,29.1,33.9,24.1,3.99,6,2.105263158,4.473684211,8.268382847,0.3908371795,0.02656834771,No,No,Normal,Safe,Stable
2024-06-01 08:00:00,June,262.82,92.85,1,27.45,7.72,7.88,3.71,6,6,0,2,29.1,33.9,24.1,3.99,6,2.157894737,4.210526316,8.259927233,0.3912380548,0.02588769403,Yes,No,Normal,Safe,Stable
2024-06-01 09:00:00,June,262.82,92.85,1,27.45,7.72,7.88,3.71,6,6,1,4,29.1,33.9,24.1,3.99,6,2.210526316,3.947368421,8.251471619,0.39163893,0.02520704035,No,No,Normal,Safe,Stable
2024-06-01 10:00:00,June,262.82,92.85,1,27.45,7.72,7.88,3.71,6,6,1,4,29.1,33.9,24.1,3.99,6,2.263157895,3.684210526,8.243016006,0.3920398053,0.02452638667,Yes,No,Normal,Safe,Stable
2024-06-01 11:00:00,June,262.82,92.85,1,27.45,7.72,7.88,3.71,6,6,0,5,29.1,33.9,24.1,3.99,6,2.315789474,3.421052632,8.234560392,0.3924406805,0.023845733,No,No,Normal,Safe,Stable
2024-06-01 12:00:00,June,262.82,92.85,1,27.45,7.72,7.88,3.71,6,6,0,4,29.1,33.9,24.1,3.99,6,2.368421053,3.157894737,8.226104778,0.3928415557,0.02316507932,Yes,Yes,Normal,Safe,Stable
2024-06-01 13:00:00,June,262.82,92.85,1,27.45,7.72,7.88,3.71,6,6,0,1,29.1,33.9,24.1,3.99,6,2.421052632,2.894736842,8.217649164,0.393242431,0.02248442564,No,No,Normal,Safe,Stable
2024-06-01 14:00:00,June,262.82,92.85,1,27.45,7.72,7.88,3.71,6,6,0,4,29.1,33.9,24.1,3.99,6,2.473684211,2.631578947,8.20919355,0.3936433062,0.02180377196,Yes,No,Normal,Safe,Stable
2024-06-01 15:00:00,June,262.82,92.85,1,27.45,7.72,7.88,3.71,6,6,0,2,29.1,33.9,24.1,3.99,6,2.526315789,2.368421053,8.200737936,0.3940441814,0.02112311828,No,No,Normal,Safe,Stable
2024-06-01 16:00:00,June,262.82,92.85,1,27.45,7.72,7.88,3.71,6,6,0,4,29.1,33.9,24.1,3.99,6,2.578947368,2.105263158,8.192282322,0.3944450567,0.02044246461,Yes,No,Normal,Safe,Stable
2024-06-01 17:00:00,June,262.82,92.85,1,27.45,7.72,7.88,3.71,6,6,0,2,29.1,33.9,24.1,3.99,6,2.631578947,1.842105263,8.183826708,0.3948459319,0.01976181093,No,No,Normal,Safe,Stable
2024-06-01 18:00:00,June,262.82,92.85,1,27.45,7.72,7.88,3.71,6,6,1,2,29.1,33.9,24.1,3.99,6,2.684210526,1.578947368,8.175371094,0.3952468071,0.01908115725,Yes,Yes,Normal,Safe,Stable
2024-06-01 19:00:00,June,262.82,92.85,1,27.45,7.72,7.88,3.71,6,6,0,1,29.1,33.9,24.1,3.99,6,2.736842105,1.315789474,8.16691548,0.3956476824,0.01840050357,No,No,Normal,Safe,Stable
2024-06-01 20:00:00,June,262.82,92.85,1,27.45,7.72,7.88,3.71,6,6,0,1,29.1,33.9,24.1,3.99,6,2.789473684,1.052631579,8.158459866,0.3960485576,0.0177198499,Yes,No,Normal,Safe,Stable
2024-06-01 21:00:00,June,262.82,92.85,1,27.45,7.72,7.88,3.71,6,6,0,4,29.1,33.9,24.1,3.99,6,2.842105263,0.7894736842,8.150004252,0.3964494328,0.01703919622,No,No,Normal,Safe,Stable
2024-06-01 22:00:00,June,262.82,92.85,1,27.45,7.72,7.88,3.71,6,6,0,4,29.1,33.9,24.1,3.99,6,2.894736842,0.5263157895,8.141548638,0.3968503081,0.01635854254,Yes,No,Normal,Safe,Stable
2024-06-01 23:00:00,June,262.82,92.85,1,27.45,7.72,7.88,3.71,6,6,0,4,29.1,33.9,24.1,3.99,6,2.947368421,0.2631578947,8.133093024,0.3972511833,0.01567788886,No,No,Normal,Safe,Stable
2024-06-02 00:00:00,June,262.82,92.85,1,27.45,7.72,7.88,3.71,6,6,0,5,29.1,33.9,24.1,3.99,6,3,0,8.124637411,0.3976520585,0.01499723519,Yes,Yes,Normal,Safe,Stable
2024-06-02 01:00:00,June,262.82,92.85,1,27.45,7.72,7.88,3.71,6,6,0,5,29.1,33.9,24.1,3.99,6,3,1,8.183473027,0.9742469391,0.01174714672,No,No,Normal,Safe,Stable
2024-06-02 02:00:00,June,262.82,92.85,1,27.45,7.72,7.88,3.71,6,6,0,6,29.1,33.9,24.1,3.99,6,3,2,8.40595962,0.2666781032,0.4992836652,Yes,No,Normal,Safe,Stable
2024-06-02 03:00:00,June,262.82,92.85,1,27.45,7.72,7.88,3.71,6,6,0,5,29.1,33.9,24.1,3.99,6,3,3,8.124381,0.2528970699,0.9604353803,No,No,Normal,Safe,Stable
2024-06-02 04:00:00,June,262.82,92.85,1,27.45,7.72,7.88,3.71,6,6,1,1,29.1,33.9,24.1,3.99,6,3,4,8.459023665,0.3247383172,0.8673279309,Yes,No,Normal,Safe,Stable
2024-06-02 05:00:00,June,262.82,92.85,1,27.45,7.72,7.88,3.71,6,6,0,1,29.1,33.9,24.1,3.99,6,3,5,8.149800566,0.3601099615,0.04765891025,No,No,Normal,Safe,Stable
2024-06-02 06:00:00,June,262.82,92.85,1,27.45,7.72,7.88,3.71,6,6,0,5,29.1,33.9,24.1,3.99,6,3.052631579,4.736842105,8.152533004,0.3625419687,0.04509769301,Yes,Yes,Normal,Safe,Stable
2024-06-02 07:00:00,June,262.82,92.85,1,27.45,7.72,7.88,3.71,6,6,0,4,29.1,33.9,24.1,3.99,6,3.105263158,4.473684211,8.155265443,0.3649739758,0.04253647577,No,No,Normal,Safe,Stable
2024-06-02 08:00:00,June,262.82,92.85,1,27.45,7.72,7.88,3.71,6,6,0,5,29.1,33.9,24.1,3.99,6,3.157894737,4.210526316,8.157997881,0.3674059829,0.03997525853,Yes,No,Normal,Safe,Stable
2024-06-02 09:00:00,June,262.82,92.85,1,27.45,7.72,7.88,3.71,6,6,0,1,29.1,33.9,24.1,3.99,6,3.210526316,3.947368421,8.16073032,0.36983799,0.03741404129,No,No,Normal,Safe,Stable
2024-06-02 10:00:00,June,262.82,92.85,1,27.45,7.72,7.88,3.71,6,6,0,4,29.1,33.9,24.1,3.99,6,3.263157895,3.684210526,8.163462759,0.3722699971,0.03485282405,Yes,No,Normal,Safe,Stable
2024-06-02 11:00:00,June,262.82,92.85,1,27.45,7.72,7.88,3.71,6,6,0,5,29.1,33.9,24.1,3.99,6,3.315789474,3.421052632,8.166195197,0.3747020042,0.03229160681,No,No,Normal,Safe,Stable
2024-06-02 12:00:00,June,262.82,92.85,1,27.45,7.72,7.88,3.71,6,6,1,6,29.1,33.9,24.1,3.99,6,3.368421053,3.157894737,8.168927636,0.3771340114,0.02973038957,Yes,Yes,Normal,Safe,Stable
2024-06-02 13:00:00,June,262.82,92.85,1,27.45,7.72,7.88,3.71,6,6,0,4,29.1,33.9,24.1,3.99,6,3.421052632,2.894736842,8.171660074,0.3795660185,0.02716917233,No,No,Normal,Safe,Stable
2024-06-02 14:00:00,June,262.82,92.85,1,27.45,7.72,7.88,3.71,6,6,1,5,29.1,33.9,24.1,3.99,6,3.473684211,2.631578947,8.174392513,0.3819980256,0.02460795508,Yes,No,Normal,Safe,Stable
2024-06-02 15:00:00,June,262.82,92.85,1,27.45,7.72,7.88,3.71,6,6,0,4,29.1,33.9,24.1,3.99,6,3.526315789,2.368421053,8.177124952,0.3844300327,0.02204673784,No,No,Normal,Safe,Stable
2024-06-02 16:00:00,June,262.82,92.85,1,27.45,7.72,7.88,3.71,6,6,1,4,29.1,33.9,24.1,3.99,6,3.578947368,2.105263158,8.17985739,0.3868620398,0.0194855206,Yes,No,Normal,Safe,Stable
2024-06-02 17:00:00,June,262.82,92.85,1,27.45,7.72,7.88,3.71,6,6,0,2,29.1,33.9,24.1,3.99,6,3.631578947,1.842105263,8.182589829,0.389294047,0.01692430336,No,No,Normal,Safe,Stable
2024-06-02 18:00:00,June,262.82,92.85,1,27.45,7.72,7.88,3.71,6,6,0,6,29.1,33.9,24.1,3.99,6,3.684210526,1.578947368,8.185322267,0.3917260541,0.01436308612,Yes,Yes,Normal,Safe,Stable
2024-06-02 19:00:00,June,262.82,92.85,1,27.45,7.72,7.88,3.71,6,6,0,1,29.1,33.9,24.1,3.99,6,3.736842105,1.315789474,8.188054706,0.3941580612,0.01180186888,No,No,Normal,Safe,Stable
2024-06-02 20:00:00,June,262.82,92.85,1,27.45,7.72,7.88,3.71,6,6,0,6,29.1,33.9,24.1,3.99,6,3.789473684,1.052631579,8.190787145,0.3965900683,0.009240651639,Yes,No,Normal,Safe,Stable
2024-06-02 21:00:00,June,262.82,92.85,1,27.45,7.72,7.88,3.71,6,6,0,4,29.1,33.9,24.1,3.99,6,3.842105263,0.7894736842,8.193519583,0.3990220754,0.006679434398,No,No,Normal,Safe,Stable
2024-06-02 22:00:00,June,262.82,92.85,1,27.45,7.72,7.88,3.71,6,6,0,5,29.1,33.9,24.1,3.99,6,3.894736842,0.5263157895,8.196252022,0.4014540825,0.004118217157,Yes,No,Normal,Safe,Stable
2024-06-02 23:00:00,June,262.82,92.85,1,27.45,7.72,7.88,3.71,6,6,0,5,29.1,33.9,24.1,3.99,6,3.947368421,0.2631578947,8.198984461,0.4038860897,0.001556999916,No,No,Normal,Safe,Stable
2024-06-03 00:00:00,June,262.82,92.85,1,27.45,7.72,7.88,3.71,6,6,0,4,29.1,33.9,24.1,3.99,6,4,0,8.201716899,0.4063180968,-0.001004217325,Yes,Yes,Normal,Safe,Stable
2024-06-03 01:00:00,June,262.82,92.85,1,27.45,7.72,7.88,3.71,6,6,0,4,29.1,33.9,24.1,3.99,6,4,1,8.350614664,0.3072081722,0.0868247192,No,No,Normal,Safe,Stable
2024-06-03 02:00:00,June,262.82,92.85,1,27.45,7.72,7.88,3.71,6,6,0,2,29.1,33.9,24.1,3.99,6,4,2,7.993883439,0.9636604072,-0.02806656741,Yes,No,Normal,Safe,Stable
2024-06-03 03:00:00,June,262.82,92.85,1,27.45,7.72,7.88,3.71,6,6,1,1,29.1,33.9,24.1,3.99,6,4,3,8.41015484,0.2179674765,0.9639743607,No,No,Normal,Safe,Stable
2024-06-03 04:00:00,June,262.82,92.85,1,27.45,7.72,7.88,3.71,6,6,0,1,29.1,33.9,24.1,3.99,6,4,4,7.988021013,0.9719014728,-0.0004811575406,Yes,No,Normal,Safe,Stable
2024-06-03 05:00:00,June,262.82,92.85,1,27.45,7.72,7.88,3.71,6,6,0,4,29.1,33.9,24.1,3.99,6,4,5,8.081829848,0.382436885,-0.01532008111,No,No,Normal,Safe,Stable
2024-06-03 06:00:00,June,262.82,92.85,1,27.45,7.72,7.88,3.71,6,6,1,2,29.1,33.9,24.1,3.99,6,4.052631579,4.736842105,8.089478557,0.382532542,-0.01304254198,Yes,Yes,Normal,Safe,Stable
2024-06-03 07:00:00,June,262.82,92.85,1,27.45,7.72,7.88,3.71,6,6,0,1,29.1,33.9,24.1,3.99,6,4.105263158,4.473684211,8.097127266,0.3826281991,-0.01076500284,No,No,Normal,Safe,Stable
2024-06-03 08:00:00,June,262.82,92.85,1,27.45,7.72,7.88,3.71,6,6,0,4,29.1,33.9,24.1,3.99,6,4.157894737,4.210526316,8.104775974,0.3827238561,-0.008487463711,Yes,No,Normal,Safe,Stable
2024-06-03 09:00:00,June,262.82,92.85,1,27.45,7.72,7.88,3.71,6,6,0,2,29.1,33.9,24.1,3.99,6,4.210526316,3.947368421,8.112424683,0.3828195131,-0.006209924577,No,No,Normal,Safe,Stable
2024-06-03 10:00:00,June,262.82,92.85,1,27.45,7.72,7.88,3.71,6,6,1,1,29.1,33.9,24.1,3.99,6,4.263157895,3.684210526,8.120073391,0.3829151701,-0.003932385443,Yes,No,Normal,Safe,Stable
2024-06-03 11:00:00,June,262.82,92.85,1,27.45,7.72,7.88,3.71,6,6,0,5,29.1,33.9,24.1,3.99,6,4.315789474,3.421052632,8.1277221,0.3830108272,-0.001654846309,No,No,Normal,Safe,Stable
2024-06-03 12:00:00,June,262.82,92.85,1,27.45,7.72,7.88,3.71,6,6,0,2,29.1,33.9,24.1,3.99,6,4.368421053,3.157894737,8.135370808,0.3831064842,0.0006226928245,Yes,Yes,Normal,Safe,Stable
2024-06-03 13:00:00,June,262.82,92.85,1,27.45,7.72,7.88,3.71,6,6,1,4,29.1,33.9,24.1,3.99,6,4.421052632,2.894736842,8.143019517,0.3832021412,0.002900231958,No,No,Normal,Safe,Stable
2024-06-03 14:00:00,June,262.82,92.85,1,27.45,7.72,7.88,3.71,6,6,1,4,29.1,33.9,24.1,3.99,6,4.473684211,2.631578947,8.150668225,0.3832977983,0.005177771092,Yes,No,Normal,Safe,Stable
2024-06-03 15:00:00,June,262.82,92.85,1,27.45,7.72,7.88,3.71,6,6,1,4,29.1,33.9,24.1,3.99,6,4.526315789,2.368421053,8.158316934,0.3833934553,0.007455310226,No,No,Normal,Safe,Stable
2024-06-03 16:00:00,June,262.82,92.85,1,27.45,7.72,7.88,3.71,6,6,0,1,29.1,33.9,24.1,3.99,6,4.578947368,2.105263158,8.165965643,0.3834891123,0.00973284936,Yes,No,Normal,Safe,Stable
2024-06-03 17:00:00,June,262.82,92.85,1,27.45,7.72,7.88,3.71,6,6,0,6,29.1,33.9,24.1,3.99,6,4.631578947,1.842105263,8.173614351,0.3835847694,0.01201038849,No,No,Normal,Safe,Stable
2024-06-03 18:00:00,June,262.82,92.85,1,27.45,7.72,7.88,3.71,6,6,1,2,29.1,33.9,24.1,3.99,6,4.684210526,1.578947368,8.18126306,0.3836804264,0.01428792763,Yes,Yes,Normal,Safe,Stable
2024-06-03 19:00:00,June,262.82,92.85,1,27.45,7.72,7.88,3.71,6,6,0,2,29.1,33.9,24.1,3.99,6,4.736842105,1.315789474,8.188911768,0.3837760834,0.01656546676,No,No,Normal,Safe,Stable
2024-06-03 20:00:00,June,262.82,92.85,1,27.45,7.72,7.88,3.71,6,6,0,6,29.1,33.9,24.1,3.99,6,4.789473684,1.052631579,8.196560477,0.3838717404,0.0188430059,Yes,No,Normal,Safe,Stable
2024-06-03 21:00:00,June,262.82,92.85,1,27.45,7.72,7.88,3.71,6,6,0,2,29.1,33.9,24.1,3.99,6,4.842105263,0.7894736842,8.204209185,0.3839673975,0.02112054503,No,No,Normal,Safe,Stable
2024-06-03 22:00:00,June,262.82,92.85,1,27.45,7.72,7.88,3.71,6,6,0,2,29.1,33.9,24.1,3.99,6,4.894736842,0.5263157895,8.211857894,0.3840630545,0.02339808416,Yes,No,Normal,Safe,Stable
2024-06-03 23:00:00,June,262.82,92.85,1,27.45,7.72,7.88,3.71,6,6,0,2,29.1,33.9,24.1,3.99,6,4.947368421,0.2631578947,8.219506602,0.3841587115,0.0256756233,No,No,Normal,Safe,Stable
2024-06-04 00:00:00,June,262.82,92.85,1,27.45,7.72,7.88,3.71,6,6,1,2,29.1,33.9,24.1,3.99,6,5,0,8.227155311,0.3842543686,0.02795316243,Yes,Yes,Normal,Safe,Stable
2024-06-04 01:00:00,June,262.82,92.85,1,27.45,7.72,7.88,3.71,6,6,0,1,29.1,33.9,24.1,3.99,6,5,1,8.077177447,0.3478368395,0.1454616622,No,No,Normal,Safe,Stable
2024-06-04 02:00:00,June,262.82,92.85,1,27.45,7.72,7.88,3.71,6,6,0,4,29.1,33.9,24.1,3.99,6,5,2,7.72777929,0.937670912,0.006692680179,Yes,No,Normal,Safe,Stable
2024-06-04 03:00:00,June,262.82,92.85,1,27.45,7.72,7.88,3.71,6,6,0,4,29.1,33.9,24.1,3.99,6,5,3,8.203890659,0.2175399951,0.9868208553,No,No,Normal,Safe,Stable
2024-06-04 04:00:00,June,262.82,92.85,1,27.45,7.72,7.88,3.71,6,6,1,6,29.1,33.9,24.1,3.99,6,5,4,8.105480433,0.9727103015,-0.0003216242391,Yes,No,Normal,Safe,Stable
2024-06-04 05:00:00,June,262.82,92.85,1,27.45,7.72,7.88,3.71,6,6,1,5,29.1,33.9,24.1,3.99,6,5,5,8.055682298,0.386052526,0.008375225044,No,No,Normal,Safe,Stable
2024-06-04 06:00:00,June,262.82,92.85,1,27.45,7.72,7.88,3.71,6,6,0,2,29.1,33.9,24.1,3.99,6,5.052631579,4.736842105,8.040797828,0.4170527055,0.007938860421,Yes,Yes,Normal,Safe,Stable
2024-06-04 07:00:00,June,262.82,92.85,1,27.45,7.72,7.88,3.71,6,6,0,2,29.1,33.9,24.1,3.99,6,5.105263158,4.473684211,8.025913357,0.448052885,0.007502495799,No,No,Normal,Safe,Stable
2024-06-04 08:00:00,June,262.82,92.85,1,27.45,7.72,7.88,3.71,6,6,0,5,29.1,33.9,24.1,3.99,6,5.157894737,4.210526316,8.011028886,0.4790530644,0.007066131177,Yes,No,Normal,Safe,Stable
2024-06-04 09:00:00,June,262.82,92.85,1,27.45,7.72,7.88,3.71,6,6,0,4,29.1,33.9,24.1,3.99,6,5.210526316,3.947368421,7.996144415,0.5100532439,0.006629766555,No,No,Normal,Safe,Stable
2024-06-04 10:00:00,June,262.82,92.85,1,27.45,7.72,7.88,3.71,6,6,1,1,29.1,33.9,24.1,3.99,6,5.263157895,3.684210526,7.981259944,0.5410534234,0.006193401933,Yes,No,Normal,Safe,Stable
2024-06-04 11:00:00,June,262.82,92.85,1,27.45,7.72,7.88,3.71,6,6,0,6,29.1,33.9,24.1,3.99,6,5.315789474,3.421052632,7.966375473,0.5720536029,0.00575703731,No,No,Normal,Safe,Stable
2024-06-04 12:00:00,June,262.82,92.85,1,27.45,7.72,7.88,3.71,6,6,1,4,29.1,33.9,24.1,3.99,6,5.368421053,3.157894737,7.951491002,0.6030537823,0.005320672688,Yes,Yes,Normal,Safe,Stable
2024-06-04 13:00:00,June,262.82,92.85,1,27.45,7.72,7.88,3.71,6,6,0,6,29.1,33.9,24.1,3.99,6,5.421052632,2.894736842,7.936606531,0.6340539618,0.004884308066,No,No,Normal,Safe,Stable
2024-06-04 14:00:00,June,262.82,92.85,1,27.45,7.72,7.88,3.71,6,6,1,2,29.1,33.9,24.1,3.99,6,5.473684211,2.631578947,7.92172206,0.6650541413,0.004447943444,Yes,No,Normal,Safe,Stable
2024-06-04 15:00:00,June,262.82,92.85,1,27.45,7.72,7.88,3.71,6,6,0,4,29.1,33.9,24.1,3.99,6,5.526315789,2.368421053,7.906837589,0.6960543207,0.004011578821,No,No,Normal,Safe,Stable
2024-06-04 16:00:00,June,262.82,92.85,1,27.45,7.72,7.88,3.71,6,6,0,2,29.1,33.9,24.1,3.99,6,5.578947368,2.105263158,7.891953118,0.7270545002,0.003575214199,Yes,No,Normal,Safe,Stable
2024-06-04 17:00:00,June,262.82,92.85,1,27.45,7.72,7.88,3.71,6,6,0,2,29.1,33.9,24.1,3.99,6,5.631578947,1.842105263,7.877068647,0.7580546797,0.003138849577,No,No,Normal,Safe,Stable
2024-06-04 18:00:00,June,262.82,92.85,1,27.45,7.72,7.88,3.71,6,6,0,2,29.1,33.9,24.1,3.99,6,5.684210526,1.578947368,7.862184176,0.7890548592,0.002702484955,Yes,Yes,Normal,Safe,Stable
2024-06-04 19:00:00,June,262.82,92.85,1,27.45,7.72,7.88,3.71,6,6,0,1,29.1,33.9,24.1,3.99,6,5.736842105,1.315789474,7.847299706,0.8200550386,0.002266120333,No,No,Normal,Safe,Stable
2024-06-04 20:00:00,June,262.82,92.85,1,27.45,7.72,7.88,3.71,6,6,1,4,29.1,33.9,24.1,3.99,6,5.789473684,1.052631579,7.832415235,0.8510552181,0.00182975571,Yes,No,Normal,Safe,Stable
2024-06-04 21:00:00,June,262.82,92.85,1,27.45,7.72,7.88,3.71,6,6,0,5,29.1,33.9,24.1,3.99,6,5.842105263,0.7894736842,7.817530764,0.8820553976,0.001393391088,No,No,Normal,Safe,Stable
2024-06-04 22:00:00,June,262.82,92.85,1,27.45,7.72,7.88,3.71,6,6,0,4,29.1,33.9,24.1,3.99,6,5.894736842,0.5263157895,7.802646293,0.9130555771,0.0009570264659,Yes,No,Normal,Safe,Stable
2024-06-04 23:00:00,June,262.82,92.85,1,27.45,7.72,7.88,3.71,6,6,0,5,29.1,33.9,24.1,3.99,6,5.947368421,0.2631578947,7.787761822,0.9440557565,0.0005206618437,No,No,Normal,Safe,Stable
2024-06-05 00:00:00,June,262.82,92.85,1,27.45,7.72,7.88,3.71,6,6,1,1,29.1,33.9,24.1,3.99,6,6,0,7.772877351,0.975055936,0.00008429722149,Yes,Yes,Normal,Safe,Stable
2024-06-05 01:00:00,June,262.82,92.85,1,27.45,7.72,7.88,3.71,6,6,0,2,29.1,33.9,24.1,3.99,6,6,1,7.927839998,0.9424227167,0.02086075338,No,No,Normal,Safe,Stable
2024-06-05 02:00:00,June,262.82,92.85,1,27.45,7.72,7.88,3.71,6,6,1,5,29.1,33.9,24.1,3.99,6,6,2,8.072874977,0.9785145493,-0.002397754229,Yes,No,Normal,Safe,Stable
2024-06-05 03:00:00,June,262.82,92.85,1,27.45,7.72,7.88,3.71,6,6,0,4,29.1,33.9,24.1,3.99,6,6,3,7.986073614,0.2314364623,0.8733431284,No,No,Normal,Safe,Stable
2024-06-05 04:00:00,June,262.82,92.85,1,27.45,7.72,7.88,3.71,6,6,0,6,29.1,33.9,24.1,3.99,6,6,4,8.059902787,0.3117193243,0.8576471962,Yes,No,Normal,Safe,Stable
2024-06-05 05:00:00,June,262.82,92.85,1,27.45,7.72,7.88,3.71,6,6,0,5,29.1,33.9,24.1,3.99,6,6,5,8.285966154,0.3908398816,-0.01017771998,No,No,Normal,Safe,Stable
2024-06-05 06:00:00,June,262.82,92.85,1,27.45,7.72,7.88,3.71,6,6,0,5,29.1,33.9,24.1,3.99,6,6.052631579,4.736842105,8.286836491,0.4204490341,-0.01001209598,Yes,Yes,Normal,Safe,Stable
2024-06-05 07:00:00,June,262.82,92.85,1,27.45,7.72,7.88,3.71,6,6,1,5,29.1,33.9,24.1,3.99,6,6.105263158,4.473684211,8.287706828,0.4500581866,-0.009846471973,No,No,Normal,Safe,Stable
2024-06-05 08:00:00,June,262.82,92.85,1,27.45,7.72,7.88,3.71,6,6,0,4,29.1,33.9,24.1,3.99,6,6.157894737,4.210526316,8.288577165,0.4796673391,-0.009680847972,Yes,No,Normal,Safe,Stable
2024-06-05 09:00:00,June,262.82,92.85,1,27.45,7.72,7.88,3.71,6,6,1,5,29.1,33.9,24.1,3.99,6,6.210526316,3.947368421,8.289447503,0.5092764916,-0.00951522397,No,No,Normal,Safe,Stable
2024-06-05 10:00:00,June,262.82,92.85,1,27.45,7.72,7.88,3.71,6,6,0,2,29.1,33.9,24.1,3.99,6,6.263157895,3.684210526,8.29031784,0.5388856441,-0.009349599968,Yes,No,Normal,Safe,Stable
2024-06-05 11:00:00,June,262.82,92.85,1,27.45,7.72,7.88,3.71,6,6,0,5,29.1,33.9,24.1,3.99,6,6.315789474,3.421052632,8.291188177,0.5684947966,-0.009183975966,No,No,Normal,Safe,Stable
2024-06-05 12:00:00,June,262.82,92.85,1,27.45,7.72,7.88,3.71,6,6,1,4,29.1,33.9,24.1,3.99,6,6.368421053,3.157894737,8.292058514,0.5981039491,-0.009018351965,Yes,Yes,Normal,Safe,Stable
2024-06-05 13:00:00,June,262.82,92.85,1,27.45,7.72,7.88,3.71,6,6,0,2,29.1,33.9,24.1,3.99,6,6.421052632,2.894736842,8.292928851,0.6277131017,-0.008852727963,No,No,Normal,Safe,Stable
2024-06-05 14:00:00,June,262.82,92.85,1,27.45,7.72,7.88,3.71,6,6,0,5,29.1,33.9,24.1,3.99,6,6.473684211,2.631578947,8.293799188,0.6573222542,-0.008687103961,Yes,No,Normal,Safe,Stable
2024-06-05 15:00:00,June,262.82,92.85,1,27.45,7.72,7.88,3.71,6,6,0,5,29.1,33.9,24.1,3.99,6,6.526315789,2.368421053,8.294669525,0.6869314067,-0.008521479959,No,No,Normal,Safe,Stable
2024-06-05 16:00:00,June,262.82,92.85,1,27.45,7.72,7.88,3.71,6,6,0,4,29.1,33.9,24.1,3.99,6,6.578947368,2.105263158,8.295539862,0.7165405592,-0.008355855957,Yes,No,Normal,Safe,Stable
2024-06-05 17:00:00,June,262.82,92.85,1,27.45,7.72,7.88,3.71,6,6,1,4,29.1,33.9,24.1,3.99,6,6.631578947,1.842105263,8.296410199,0.7461497117,-0.008190231956,No,No,Normal,Safe,Stable
2024-06-05 18:00:00,June,262.82,92.85,1,27.45,7.72,7.88,3.71,6,6,0,4,29.1,33.9,24.1,3.99,6,6.684210526,1.578947368,8.297280536,0.7757588642,-0.008024607954,Yes,Yes,Normal,Safe,Stable
2024-06-05 19:00:00,June,262.82,92.85,1,27.45,7.72,7.88,3.71,6,6,0,4,29.1,33.9,24.1,3.99,6,6.736842105,1.315789474,8.298150874,0.8053680167,-0.007858983952,No,No,Normal,Safe,Stable
2024-06-05 20:00:00,June,262.82,92.85,1,27.45,7.72,7.88,3.71,6,6,0,4,29.1,33.9,24.1,3.99,6,6.789473684,1.052631579,8.299021211,0.8349771692,-0.00769335995,Yes,No,Normal,Safe,Stable
2024-06-05 21:00:00,June,262.82,92.85,1,27.45,7.72,7.88,3.71,6,6,0,4,29.1,33.9,24.1,3.99,6,6.842105263,0.7894736842,8.299891548,0.8645863217,-0.007527735949,No,No,Normal,Safe,Stable
2024-06-05 22:00:00,June,262.82,92.85,1,27.45,7.72,7.88,3.71,6,6,0,2,29.1,33.9,24.1,3.99,6,6.894736842,0.5263157895,8.300761885,0.8941954742,-0.007362111947,Yes,No,Normal,Safe,Stable
2024-06-05 23:00:00,June,262.82,92.85,1,27.45,7.72,7.88,3.71,6,6,0,4,29.1,33.9,24.1,3.99,6,6.947368421,0.2631578947,8.301632222,0.9238046267,-0.007196487945,No,No,Normal,Safe,Stable
2024-06-06 00:00:00,June,262.82,92.85,1,27.45,7.72,7.88,3.71,6,6,0,2,29.1,33.9,24.1,3.99,6,7,0,8.302502559,0.9534137792,-0.007030863943,Yes,Yes,Normal,Safe,Stable
2024-06-06 01:00:00,June,262.82,92.85,1,27.45,7.72,7.88,3.71,6,6,0,1,29.1,33.9,24.1,3.99,6,7,1,8.236634102,0.9939358368,-0.03547253229,No,No,Normal,Safe,Stable
2024-06-06 02:00:00,June,262.82,92.85,1,27.45,7.72,7.88,3.71,6,6,0,4,29.1,33.9,24.1,3.99,6,7,2,8.03665584,0.3670287779,0.4561245727,Yes,No,Normal,Safe,Stable
2024-06-06 03:00:00,June,262.82,92.85,1,27.45,7.72,7.88,3.71,6,6,0,2,29.1,33.9,24.1,3.99,6,7,3,8.236576625,0.4278229519,0.05184226613,No,No,Normal,Safe,Stable
2024-06-06 04:00:00,June,262.82,92.85,1,27.45,7.72,7.88,3.71,6,6,0,4,29.1,33.9,24.1,3.99,6,7,4,8.339133179,0.2915952465,0.9585290127,Yes,No,Normal,Safe,Stable
2024-06-06 05:00:00,June,262.82,92.85,1,27.45,7.72,7.88,3.71,6,6,0,5,29.1,33.9,24.1,3.99,6,7,5,8.082473452,0.4168188193,0.02436649127,No,No,Normal,Safe,Stable
2024-06-06 06:00:00,June,262.82,92.85,1,27.45,7.72,7.88,3.71,6,6,0,4,29.1,33.9,24.1,3.99,6,7.052631579,4.736842105,8.099578162,0.4160225267,0.02396004954,Yes,Yes,Normal,Safe,Stable
2024-06-06 07:00:00,June,262.82,92.85,1,27.45,7.72,7.88,3.71,6,6,0,4,29.1,33.9,24.1,3.99,6,7.105263158,4.473684211,8.116682873,0.4152262341,0.02355360781,No,No,Normal,Safe,Stable
2024-06-06 08:00:00,June,262.82,92.85,1,27.45,7.72,7.88,3.71,6,6,0,6,29.1,33.9,24.1,3.99,6,7.157894737,4.210526316,8.133787584,0.4144299415,0.02314716609,Yes,No,Normal,Safe,Stable
2024-06-06 09:00:00,June,262.82,92.85,1,27.45,7.72,7.88,3.71,6,6,0,5,29.1,33.9,24.1,3.99,6,7.210526316,3.947368421,8.150892295,0.4136336489,0.02274072436,No,No,Normal,Safe,Stable
2024-06-06 10:00:00,June,262.82,92.85,1,27.45,7.72,7.88,3.71,6,6,1,4,29.1,33.9,24.1,3.99,6,7.263157895,3.684210526,8.167997006,0.4128373563,0.02233428263,Yes,No,Normal,Safe,Stable
2024-06-06 11:00:00,June,262.82,92.85,1,27.45,7.72,7.88,3.71,6,6,0,1,29.1,33.9,24.1,3.99,6,7.315789474,3.421052632,8.185101717,0.4120410637,0.0219278409,No,No,Normal,Safe,Stable
2024-06-06 12:00:00,June,262.82,92.85,1,27.45,7.72,7.88,3.71,6,6,0,5,29.1,33.9,24.1,3.99,6,7.368421053,3.157894737,8.202206427,0.4112447711,0.02152139918,Yes,Yes,Normal,Safe,Stable
2024-06-06 13:00:00,June,262.82,92.85,1,27.45,7.72,7.88,3.71,6,6,0,2,29.1,33.9,24.1,3.99,6,7.421052632,2.894736842,8.219311138,0.4104484785,0.02111495745,No,No,Normal,Safe,Stable
2024-06-06 14:00:00,June,262.82,92.85,1,27.45,7.72,7.88,3.71,6,6,0,2,29.1,33.9,24.1,3.99,6,7.473684211,2.631578947,8.236415849,0.4096521859,0.02070851572,Yes,No,Normal,Safe,Stable
2024-06-06 15:00:00,June,262.82,92.85,1,27.45,7.72,7.88,3.71,6,6,0,5,29.1,33.9,24.1,3.99,6,7.526315789,2.368421053,8.25352056,0.4088558933,0.02030207399,No,No,Normal,Safe,Stable
2024-06-06 16:00:00,June,262.82,92.85,1,27.45,7.72,7.88,3.71,6,6,0,2,29.1,33.9,24.1,3.99,6,7.578947368,2.105263158,8.270625271,0.4080596007,0.01989563226,Yes,No,Normal,Safe,Stable
2024-06-06 17:00:00,June,262.82,92.85,1,27.45,7.72,7.88,3.71,6,6,1,2,29.1,33.9,24.1,3.99,6,7.631578947,1.842105263,8.287729982,0.4072633081,0.01948919054,No,No,Normal,Safe,Stable
2024-06-06 18:00:00,June,262.82,92.85,1,27.45,7.72,7.88,3.71,6,6,1,4,29.1,33.9,24.1,3.99,6,7.684210526,1.578947368,8.304834692,0.4064670155,0.01908274881,Yes,Yes,Normal,Safe,Stable
2024-06-06 19:00:00,June,262.82,92.85,1,27.45,7.72,7.88,3.71,6,6,0,5,29.1,33.9,24.1,3.99,6,7.736842105,1.315789474,8.321939403,0.4056707229,0.01867630708,No,No,Normal,Safe,Stable
2024-06-06 20:00:00,June,262.82,92.85,1,27.45,7.72,7.88,3.71,6,6,0,4,29.1,33.9,24.1,3.99,6,7.789473684,1.052631579,8.339044114,0.4048744303,0.01826986535,Yes,No,Normal,Safe,Stable
2024-06-06 21:00:00,June,262.82,92.85,1,27.45,7.72,7.88,3.71,6,6,0,5,29.1,33.9,24.1,3.99,6,7.842105263,0.7894736842,8.356148825,0.4040781377,0.01786342363,No,No,Normal,Safe,Stable
2024-06-06 22:00:00,June,262.82,92.85,1,27.45,7.72,7.88,3.71,6,6,0,2,29.1,33.9,24.1,3.99,6,7.894736842,0.5263157895,8.373253536,0.4032818451,0.0174569819,Yes,No,Normal,Safe,Stable
2024-06-06 23:00:00,June,262.82,92.85,1,27.45,7.72,7.88,3.71,6,6,0,5,29.1,33.9,24.1,3.99,6,7.947368421,0.2631578947,8.390358247,0.4024855525,0.01705054017,No,No,Normal,Safe,Stable
2024-06-07 00:00:00,June,262.82,92.85,1,27.45,7.72,7.88,3.71,6,6,0,2,29.1,33.9,24.1,3.99,6,8,0,8.407462957,0.4016892599,0.01664409844,Yes,Yes,Normal,Safe,Stable
2024-06-07 01:00:00,June,262.82,92.85,1,27.45,7.72,7.88,3.71,6,6,0,4,29.1,33.9,24.1,3.99,6,8,1,8.343848266,0.3495983956,0.1375752985,No,No,Normal,Safe,Stable
2024-06-07 02:00:00,June,262.82,92.85,1,27.45,7.72,7.88,3.71,6,6,0,2,29.1,33.9,24.1,3.99,6,8,2,7.832267638,0.9582215762,0.01481698778,Yes,No,Normal,Safe,Stable
2024-06-07 03:00:00,June,262.82,92.85,1,27.45,7.72,7.88,3.71,6,6,0,5,29.1,33.9,24.1,3.99,6,8,3,8.225083964,0.1524597097,0.8738922406,No,No,Normal,Safe,Stable
2024-06-07 04:00:00,June,262.82,92.85,1,27.45,7.72,7.88,3.71,6,6,0,4,29.1,33.9,24.1,3.99,6,8,4,8.217125941,0.9689299547,-0.004398405152,Yes,No,Normal,Safe,Stable
2024-06-07 05:00:00,June,262.82,92.85,1,27.45,7.72,7.88,3.71,6,6,0,2,29.1,33.9,24.1,3.99,6,8,5,7.668681514,0.9522539238,0.04431021767,No,No,Normal,Safe,Stable
2024-06-07 06:00:00,June,262.82,92.85,1,27.45,7.72,7.88,3.71,6,6,0,5,29.1,33.9,24.1,3.99,6,8.052631579,4.736842105,7.674375398,0.9215977869,0.04258668058,Yes,Yes,Normal,Safe,Stable
2024-06-07 07:00:00,June,262.82,92.85,1,27.45,7.72,7.88,3.71,6,6,0,4,29.1,33.9,24.1,3.99,6,8.105263158,4.473684211,7.680069283,0.89094165,0.04086314349,No,No,Normal,Safe,Stable
2024-06-07 08:00:00,June,262.82,92.85,1,27.45,7.72,7.88,3.71,6,6,1,5,29.1,33.9,24.1,3.99,6,8.157894737,4.210526316,7.685763168,0.860285513,0.0391396064,Yes,No,Normal,Safe,Stable
2024-06-07 09:00:00,June,262.82,92.85,1,27.45,7.72,7.88,3.71,6,6,0,4,29.1,33.9,24.1,3.99,6,8.210526316,3.947368421,7.691457052,0.8296293761,0.03741606931,No,No,Normal,Safe,Stable
2024-06-07 10:00:00,June,262.82,92.85,1,27.45,7.72,7.88,3.71,6,6,0,4,29.1,33.9,24.1,3.99,6,8.263157895,3.684210526,7.697150937,0.7989732392,0.03569253221,Yes,No,Normal,Safe,Stable
2024-06-07 11:00:00,June,262.82,92.85,1,27.45,7.72,7.88,3.71,6,6,0,6,29.1,33.9,24.1,3.99,6,8.315789474,3.421052632,7.702844821,0.7683171022,0.03396899512,No,No,Normal,Safe,Stable
2024-06-07 12:00:00,June,262.82,92.85,1,27.45,7.72,7.88,3.71,6,6,0,5,29.1,33.9,24.1,3.99,6,8.368421053,3.157894737,7.708538706,0.7376609653,0.03224545803,Yes,Yes,Normal,Safe,Stable
2024-06-07 13:00:00,June,262.82,92.85,1,27.45,7.72,7.88,3.71,6,6,0,2,29.1,33.9,24.1,3.99,6,8.421052632,2.894736842,7.71423259,0.7070048283,0.03052192094,No,No,Normal,Safe,Stable
2024-06-07 14:00:00,June,262.82,92.85,1,27.45,7.72,7.88,3.71,6,6,1,2,29.1,33.9,24.1,3.99,6,8.473684211,2.631578947,7.719926475,0.6763486914,0.02879838385,Yes,No,Normal,Safe,Stable
2024-06-07 15:00:00,June,262.82,92.85,1,27.45,7.72,7.88,3.71,6,6,0,5,29.1,33.9,24.1,3.99,6,8.526315789,2.368421053,7.72562036,0.6456925545,0.02707484676,No,No,Normal,Safe,Stable
2024-06-07 16:00:00,June,262.82,92.85,1,27.45,7.72,7.88,3.71,6,6,1,4,29.1,33.9,24.1,3.99,6,8.578947368,2.105263158,7.731314244,0.6150364175,0.02535130966,Yes,No,Normal,Safe,Stable
2024-06-07 17:00:00,June,262.82,92.85,1,27.45,7.72,7.88,3.71,6,6,0,5,29.1,33.9,24.1,3.99,6,8.631578947,1.842105263,7.737008129,0.5843802806,0.02362777257,No,No,Normal,Safe,Stable
2024-06-07 18:00:00,June,262.82,92.85,1,27.45,7.72,7.88,3.71,6,6,0,5,29.1,33.9,24.1,3.99,6,8.684210526,1.578947368,7.742702013,0.5537241436,0.02190423548,Yes,Yes,Normal,Safe,Stable
2024-06-07 19:00:00,June,262.82,92.85,1,27.45,7.72,7.88,3.71,6,6,0,2,29.1,33.9,24.1,3.99,6,8.736842105,1.315789474,7.748395898,0.5230680067,0.02018069839,No,No,Normal,Safe,Stable
2024-06-07 20:00:00,June,262.82,92.85,1,27.45,7.72,7.88,3.71,6,6,0,6,29.1,33.9,24.1,3.99,6,8.789473684,1.052631579,7.754089783,0.4924118698,0.0184571613,Yes,No,Normal,Safe,Stable
2024-06-07 21:00:00,June,262.82,92.85,1,27.45,7.72,7.88,3.71,6,6,0,4,29.1,33.9,24.1,3.99,6,8.842105263,0.7894736842,7.759783667,0.4617557328,0.0167336242,No,No,Normal,Safe,Stable
2024-06-07 22:00:00,June,262.82,92.85,1,27.45,7.72,7.88,3.71,6,6,1,2,29.1,33.9,24.1,3.99,6,8.894736842,0.5263157895,7.765477552,0.4310995959,0.01501008711,Yes,No,Normal,Safe,Stable
2024-06-07 23:00:00,June,262.82,92.85,1,27.45,7.72,7.88,3.71,6,6,0,4,29.1,33.9,24.1,3.99,6,8.947368421,0.2631578947,7.771171436,0.400443459,0.01328655002,No,No,Normal,Safe,Stable
2024-06-08 00:00:00,June,262.82,92.85,1,27.45,7.72,7.88,3.71,6,6,0,4,29.1,33.9,24.1,3.99,6,9,0,7.776865321,0.369787322,0.01156301293,Yes,Yes,Normal,Safe,Stable
2024-06-08 01:00:00,June,262.82,92.85,1,27.45,7.72,7.88,3.71,6,6,0,4,29.1,33.9,24.1,3.99,6,9,1,8.24539708,1.001847388,0.005052791947,No,No,Normal,Safe,Stable
2024-06-08 02:00:00,June,262.82,92.85,1,27.45,7.72,7.88,3.71,6,6,0,4,29.1,33.9,24.1,3.99,6,9,2,8.198097476,0.9974946362,0.02849972326,Yes,No,Normal,Safe,Stable
2024-06-08 03:00:00,June,262.82,92.85,1,27.45,7.72,7.88,3.71,6,6,0,5,29.1,33.9,24.1,3.99,6,9,3,8.195951117,0.2783097546,0.8687785328,No,No,Normal,Safe,Stable
2024-06-08 04:00:00,June,262.82,92.85,1,27.45,7.72,7.88,3.71,6,6,1,5,29.1,33.9,24.1,3.99,6,9,4,8.318991166,0.2844286416,0.9777957086,Yes,No,Normal,Safe,Stable
2024-06-08 05:00:00,June,262.82,92.85,1,27.45,7.72,7.88,3.71,6,6,0,5,29.1,33.9,24.1,3.99,6,9,5,7.903889988,0.9626665865,0.0008361955352,No,No,Normal,Safe,Stable
2024-06-08 06:00:00,June,262.82,92.85,1,27.45,7.72,7.88,3.71,6,6,0,4,29.1,33.9,24.1,3.99,6,9.052631579,4.736842105,7.924859062,0.9326858374,0.002950669853,Yes,Yes,Normal,Safe,Stable
2024-06-08 07:00:00,June,262.82,92.85,1,27.45,7.72,7.88,3.71,6,6,0,1,29.1,33.9,24.1,3.99,6,9.105263158,4.473684211,7.945828136,0.9027050882,0.005065144172,No,No,Normal,Safe,Stable
2024-06-08 08:00:00,June,262.82,92.85,1,27.45,7.72,7.88,3.71,6,6,0,5,29.1,33.9,24.1,3.99,6,9.157894737,4.210526316,7.966797209,0.8727243391,0.00717961849,Yes,No,Normal,Safe,Stable
2024-06-08 09:00:00,June,262.82,92.85,1,27.45,7.72,7.88,3.71,6,6,0,2,29.1,33.9,24.1,3.99,6,9.210526316,3.947368421,7.987766283,0.84274359,0.009294092808,No,No,Normal,Safe,Stable
2024-06-08 10:00:00,June,262.82,92.85,1,27.45,7.72,7.88,3.71,6,6,0,2,29.1,33.9,24.1,3.99,6,9.263157895,3.684210526,8.008735356,0.8127628409,0.01140856713,Yes,No,Normal,Safe,Stable
2024-06-08 11:00:00,June,262.82,92.85,1,27.45,7.72,7.88,3.71,6,6,0,2,29.1,33.9,24.1,3.99,6,9.315789474,3.421052632,8.02970443,0.7827820917,0.01352304144,No,No,Normal,Safe,Stable
2024-06-08 12:00:00,June,262.82,92.85,1,27.45,7.72,7.88,3.71,6,6,1,6,29.1,33.9,24.1,3.99,6,9.368421053,3.157894737,8.050673503,0.7528013426,0.01563751576,Yes,Yes,Normal,Safe,Stable
2024-06-08 13:00:00,June,262.82,92.85,1,27.45,7.72,7.88,3.71,6,6,0,5,29.1,33.9,24.1,3.99,6,9.421052632,2.894736842,8.071642577,0.7228205935,0.01775199008,No,No,Normal,Safe,Stable
2024-06-08 14:00:00,June,262.82,92.85,1,27.45,7.72,7.88,3.71,6,6,0,2,29.1,33.9,24.1,3.99,6,9.473684211,2.631578947,8.092611651,0.6928398444,0.0198664644,Yes,No,Normal,Safe,Stable
2024-06-08 15:00:00,June,262.82,92.85,1,27.45,7.72,7.88,3.71,6,6,1,5,29.1,33.9,24.1,3.99,6,9.526315789,2.368421053,8.113580724,0.6628590952,0.02198093872,No,No,Normal,Safe,Stable
2024-06-08 16:00:00,June,262.82,92.85,1,27.45,7.72,7.88,3.71,6,6,0,6,29.1,33.9,24.1,3.99,6,9.578947368,2.105263158,8.134549798,0.6328783461,0.02409541304,Yes,No,Normal,Safe,Stable
2024-06-08 17:00:00,June,262.82,92.85,1,27.45,7.72,7.88,3.71,6,6,0,1,29.1,33.9,24.1,3.99,6,9.631578947,1.842105263,8.155518871,0.602897597,0.02620988735,No,No,Normal,Safe,Stable
2024-06-08 18:00:00,June,262.82,92.85,1,27.45,7.72,7.88,3.71,6,6,0,5,29.1,33.9,24.1,3.99,6,9.684210526,1.578947368,8.176487945,0.5729168479,0.02832436167,Yes,Yes,Normal,Safe,Stable
2024-06-08 19:00:00,June,262.82,92.85,1,27.45,7.72,7.88,3.71,6,6,0,6,29.1,33.9,24.1,3.99,6,9.736842105,1.315789474,8.197457018,0.5429360987,0.03043883599,No,No,Normal,Safe,Stable
2024-06-08 20:00:00,June,262.82,92.85,1,27.45,7.72,7.88,3.71,6,6,0,5,29.1,33.9,24.1,3.99,6,9.789473684,1.052631579,8.218426092,0.5129553496,0.03255331031,Yes,No,Normal,Safe,Stable
2024-06-08 21:00:00,June,262.82,92.85,1,27.45,7.72,7.88,3.71,6,6,0,4,29.1,33.9,24.1,3.99,6,9.842105263,0.7894736842,8.239395166,0.4829746005,0.03466778463,No,No,Normal,Safe,Stable
2024-06-08 22:00:00,June,262.82,92.85,1,27.45,7.72,7.88,3.71,6,6,0,4,29.1,33.9,24.1,3.99,6,9.894736842,0.5263157895,8.260364239,0.4529938514,0.03678225894,Yes,No,Normal,Safe,Stable
2024-06-08 23:00:00,June,262.82,92.85,1,27.45,7.72,7.88,3.71,6,6,0,5,29.1,33.9,24.1,3.99,6,9.947368421,0.2631578947,8.281333313,0.4230131022,0.03889673326,No,No,Normal,Safe,Stable
2024-06-09 00:00:00,June,262.82,92.85,1,27.45,7.72,7.88,3.71,6,6,0,4,29.1,33.9,24.1,3.99,6,10,0,8.302302386,0.3930323531,0.04101120758,Yes,Yes,Normal,Safe,Stable
2024-06-09 01:00:00,June,262.82,92.85,1,27.45,7.72,7.88,3.71,6,6,0,4,29.1,33.9,24.1,3.99,6,10,1,7.991543852,0.3359511146,0.1072447748,No,No,Normal,Safe,Stable
2024-06-09 02:00:00,June,262.82,92.85,1,27.45,7.72,7.88,3.71,6,6,1,1,29.1,33.9,24.1,3.99,6,10,2,8.132208851,0.3129508096,0.4887266202,Yes,No,Normal,Safe,Stable
2024-06-09 03:00:00,June,262.82,92.85,1,27.45,7.72,7.88,3.71,6,6,1,5,29.1,33.9,24.1,3.99,6,10,3,8.366309636,0.2139052171,0.9858728385,No,No,Normal,Safe,Stable
2024-06-09 04:00:00,June,262.82,92.85,1,27.45,7.72,7.88,3.71,6,6,0,2,29.1,33.9,24.1,3.99,6,10,4,8.039070401,0.924541098,0.002173730882,Yes,No,Normal,Safe,Stable
2024-06-09 05:00:00,June,262.82,92.85,1,27.45,7.72,7.88,3.71,6,6,0,2,29.1,33.9,24.1,3.99,6,10,5,8.420317239,0.4398127109,0.02715969338,No,No,Normal,Safe,Stable
2024-06-09 06:00:00,June,262.82,92.85,1,27.45,7.72,7.88,3.71,6,6,0,4,29.1,33.9,24.1,3.99,6,10.05263158,4.736842105,8.434244866,0.4387188326,0.02646578157,Yes,Yes,Normal,Safe,Stable
2024-06-09 07:00:00,June,262.82,92.85,1,27.45,7.72,7.88,3.71,6,6,0,4,29.1,33.9,24.1,3.99,6,10.10526316,4.473684211,8.448172494,0.4376249542,0.02577186975,No,No,Normal,Safe,Stable
2024-06-09 08:00:00,June,262.82,92.85,1,27.45,7.72,7.88,3.71,6,6,1,2,29.1,33.9,24.1,3.99,6,10.15789474,4.210526316,8.462100121,0.4365310758,0.02507795794,Yes,No,Normal,Safe,Stable
2024-06-09 09:00:00,June,262.82,92.85,1,27.45,7.72,7.88,3.71,6,6,0,4,29.1,33.9,24.1,3.99,6,10.21052632,3.947368421,8.476027748,0.4354371974,0.02438404613,No,No,Normal,Safe,Stable
2024-06-09 10:00:00,June,262.82,92.85,1,27.45,7.72,7.88,3.71,6,6,0,5,29.1,33.9,24.1,3.99,6,10.26315789,3.684210526,8.489955375,0.4343433191,0.02369013432,Yes,No,Normal,Safe,Stable
2024-06-09 11:00:00,June,262.82,92.85,1,27.45,7.72,7.88,3.71,6,6,1,5,29.1,33.9,24.1,3.99,6,10.31578947,3.421052632,8.503883003,0.4332494407,0.0229962225,No,No,Normal,Safe,Stable
2024-06-09 12:00:00,June,262.82,92.85,1,27.45,7.72,7.88,3.71,6,6,0,4,29.1,33.9,24.1,3.99,6,10.36842105,3.157894737,8.51781063,0.4321555623,0.02230231069,Yes,Yes,Normal,Safe,Stable
2024-06-09 13:00:00,June,262.82,92.85,1,27.45,7.72,7.88,3.71,6,6,0,4,29.1,33.9,24.1,3.99,6,10.42105263,2.894736842,8.531738257,0.4310616839,0.02160839888,No,No,Normal,Safe,Stable
2024-06-09 14:00:00,June,262.82,92.85,1,27.45,7.72,7.88,3.71,6,6,0,1,29.1,33.9,24.1,3.99,6,10.47368421,2.631578947,8.545665884,0.4299678056,0.02091448707,Yes,No,Normal,Safe,Stable
2024-06-09 15:00:00,June,262.82,92.85,1,27.45,7.72,7.88,3.71,6,6,0,2,29.1,33.9,24.1,3.99,6,10.52631579,2.368421053,8.559593512,0.4288739272,0.02022057526,No,No,Normal,Safe,Stable
2024-06-09 16:00:00,June,262.82,92.85,1,27.45,7.72,7.88,3.71,6,6,0,5,29.1,33.9,24.1,3.99,6,10.57894737,2.105263158,8.573521139,0.4277800488,0.01952666344,Yes,No,Normal,Safe,Stable
2024-06-09 17:00:00,June,262.82,92.85,1,27.45,7.72,7.88,3.71,6,6,0,1,29.1,33.9,24.1,3.99,6,10.63157895,1.842105263,8.587448766,0.4266861704,0.01883275163,No,No,Normal,Safe,Stable
2024-06-09 18:00:00,June,262.82,92.85,1,27.45,7.72,7.88,3.71,6,6,0,5,29.1,33.9,24.1,3.99,6,10.68421053,1.578947368,8.601376393,0.4255922921,0.01813883982,Yes,Yes,Normal,Safe,Stable
2024-06-09 19:00:00,June,262.82,92.85,1,27.45,7.72,7.88,3.71,6,6,0,5,29.1,33.9,24.1,3.99,6,10.73684211,1.315789474,8.615304021,0.4244984137,0.01744492801,No,No,Normal,Safe,Stable
2024-06-09 20:00:00,June,262.82,92.85,1,27.45,7.72,7.88,3.71,6,6,1,4,29.1,33.9,24.1,3.99,6,10.78947368,1.052631579,8.629231648,0.4234045353,0.0167510162,Yes,No,Normal,Safe,Stable
2024-06-09 21:00:00,June,262.82,92.85,1,27.45,7.72,7.88,3.71,6,6,1,5,29.1,33.9,24.1,3.99,6,10.84210526,0.7894736842,8.643159275,0.4223106569,0.01605710438,No,No,Normal,Safe,Stable
2024-06-09 22:00:00,June,262.82,92.85,1,27.45,7.72,7.88,3.71,6,6,0,2,29.1,33.9,24.1,3.99,6,10.89473684,0.5263157895,8.657086903,0.4212167786,0.01536319257,Yes,No,Normal,Safe,Stable
2024-06-09 23:00:00,June,262.82,92.85,1,27.45,7.72,7.88,3.71,6,6,1,4,29.1,33.9,24.1,3.99,6,10.94736842,0.2631578947,8.67101453,0.4201229002,0.01466928076,No,No,Normal,Safe,Stable
2024-06-10 00:00:00,June,262.82,92.85,1,27.45,7.72,7.88,3.71,6,6,0,4,29.1,33.9,24.1,3.99,6,11,0,8.684942157,0.4190290218,0.01397536895,Yes,Yes,Normal,Safe,Stable
2024-06-10 01:00:00,June,262.82,92.85,1,27.45,7.72,7.88,3.71,6,6,0,4,29.1,33.9,24.1,3.99,6,11,1,8.050336406,0.331268925,0.1225770374,No,No,Normal,Safe,Stable
2024-06-10 02:00:00,June,262.82,92.85,1,27.45,7.72,7.88,3.71,6,6,0,5,29.1,33.9,24.1,3.99,6,11,2,7.858834783,0.9612061041,0.0004982696805,Yes,No,Normal,Safe,Stable
2024-06-10 03:00:00,June,262.82,92.85,1,27.45,7.72,7.88,3.71,6,6,0,2,29.1,33.9,24.1,3.99,6,11,3,7.999000041,0.5486580426,0.04678123504,No,No,Normal,Safe,Stable
2024-06-10 04:00:00,June,262.82,92.85,1,27.45,7.72,7.88,3.71,6,6,0,2,29.1,33.9,24.1,3.99,6,11,4,7.743568869,0.9800630154,0.02141647287,Yes,No,Normal,Safe,Stable
2024-06-10 05:00:00,June,262.82,92.85,1,27.45,7.72,7.88,3.71,6,6,0,5,29.1,33.9,24.1,3.99,6,11,5,8.089373566,0.3752056361,0.005199986665,No,No,Normal,Safe,Stable
2024-06-10 06:00:00,June,262.82,92.85,1,27.45,7.72,7.88,3.71,6,6,0,5,29.1,33.9,24.1,3.99,6,11.05263158,4.736842105,8.123778366,0.3765633353,0.005882295075,Yes,Yes,Normal,Safe,Stable
2024-06-10 07:00:00,June,262.82,92.85,1,27.45,7.72,7.88,3.71,6,6,0,1,29.1,33.9,24.1,3.99,6,11.10526316,4.473684211,8.158183166,0.3779210344,0.006564603485,No,No,Normal,Safe,Stable
2024-06-10 08:00:00,June,262.82,92.85,1,27.45,7.72,7.88,3.71,6,6,1,2,29.1,33.9,24.1,3.99,6,11.15789474,4.210526316,8.192587966,0.3792787336,0.007246911895,Yes,No,Normal,Safe,Stable
2024-06-10 09:00:00,June,262.82,92.85,1,27.45,7.72,7.88,3.71,6,6,0,5,29.1,33.9,24.1,3.99,6,11.21052632,3.947368421,8.226992766,0.3806364328,0.007929220305,No,No,Normal,Safe,Stable
2024-06-10 10:00:00,June,262.82,92.85,1,27.45,7.72,7.88,3.71,6,6,0,5,29.1,33.9,24.1,3.99,6,11.26315789,3.684210526,8.261397566,0.3819941319,0.008611528715,Yes,No,Normal,Safe,Stable
2024-06-10 11:00:00,June,262.82,92.85,1,27.45,7.72,7.88,3.71,6,6,0,2,29.1,33.9,24.1,3.99,6,11.31578947,3.421052632,8.295802365,0.3833518311,0.009293837125,No,No,Normal,Safe,Stable
2024-06-10 12:00:00,June,262.82,92.85,1,27.45,7.72,7.88,3.71,6,6,0,5,29.1,33.9,24.1,3.99,6,11.36842105,3.157894737,8.330207165,0.3847095303,0.009976145535,Yes,Yes,Normal,Safe,Stable
2024-06-10 13:00:00,June,262.82,92.85,1,27.45,7.72,7.88,3.71,6,6,0,6,29.1,33.9,24.1,3.99,6,11.42105263,2.894736842,8.364611965,0.3860672294,0.01065845395,No,No,Normal,Safe,Stable
2024-06-10 14:00:00,June,262.82,92.85,1,27.45,7.72,7.88,3.71,6,6,1,5,29.1,33.9,24.1,3.99,6,11.47368421,2.631578947,8.399016765,0.3874249286,0.01134076236,Yes,No,Normal,Safe,Stable
2024-06-10 15:00:00,June,262.82,92.85,1,27.45,7.72,7.88,3.71,6,6,0,1,29.1,33.9,24.1,3.99,6,11.52631579,2.368421053,8.433421565,0.3887826278,0.01202307077,No,No,Normal,Safe,Stable
2024-06-10 16:00:00,June,262.82,92.85,1,27.45,7.72,7.88,3.71,6,6,1,5,29.1,33.9,24.1,3.99,6,11.57894737,2.105263158,8.467826365,0.390140327,0.01270537917,Yes,No,Normal,Safe,Stable
2024-06-10 17:00:00,June,262.82,92.85,1,27.45,7.72,7.88,3.71,6,6,0,5,29.1,33.9,24.1,3.99,6,11.63157895,1.842105263,8.502231165,0.3914980261,0.01338768758,No,No,Normal,Safe,Stable
2024-06-10 18:00:00,June,262.82,92.85,1,27.45,7.72,7.88,3.71,6,6,1,5,29.1,33.9,24.1,3.99,6,11.68421053,1.578947368,8.536635965,0.3928557253,0.01406999599,Yes,Yes,Normal,Safe,Stable
2024-06-10 19:00:00,June,262.82,92.85,1,27.45,7.72,7.88,3.71,6,6,0,2,29.1,33.9,24.1,3.99,6,11.73684211,1.315789474,8.571040765,0.3942134245,0.0147523044,No,No,Normal,Safe,Stable
2024-06-10 20:00:00,June,262.82,92.85,1,27.45,7.72,7.88,3.71,6,6,0,2,29.1,33.9,24.1,3.99,6,11.78947368,1.052631579,8.605445564,0.3955711236,0.01543461281,Yes,No,Normal,Safe,Stable
2024-06-10 21:00:00,June,262.82,92.85,1,27.45,7.72,7.88,3.71,6,6,0,5,29.1,33.9,24.1,3.99,6,11.84210526,0.7894736842,8.639850364,0.3969288228,0.01611692122,No,No,Normal,Safe,Stable
2024-06-10 22:00:00,June,262.82,92.85,1,27.45,7.72,7.88,3.71,6,6,0,1,29.1,33.9,24.1,3.99,6,11.89473684,0.5263157895,8.674255164,0.398286522,0.01679922963,Yes,No,Normal,Safe,Stable
2024-06-10 23:00:00,June,262.82,92.85,1,27.45,7.72,7.88,3.71,6,6,0,1,29.1,33.9,24.1,3.99,6,11.94736842,0.2631578947,8.708659964,0.3996442211,0.01748153804,No,No,Normal,Safe,Stable
2024-06-11 00:00:00,June,262.82,92.85,1,27.45,7.72,7.88,3.71,6,6,0,6,29.1,33.9,24.1,3.99,6,12,0,8.743064764,0.4010019203,0.01816384645,Yes,Yes,Normal,Safe,Stable
2024-06-11 01:00:00,June,262.82,92.85,1,27.45,7.72,7.88,3.71,6,6,0,2,29.1,33.9,24.1,3.99,6,12,1,7.793345365,0.9448591225,-0.02635152597,No,No,Normal,Safe,Stable
2024-06-11 02:00:00,June,262.82,92.85,1,27.45,7.72,7.88,3.71,6,6,1,4,29.1,33.9,24.1,3.99,6,12,2,8.088801314,0.3489702417,0.4542878927,Yes,No,Normal,Safe,Stable
2024-06-11 03:00:00,June,262.82,92.85,1,27.45,7.72,7.88,3.71,6,6,0,5,29.1,33.9,24.1,3.99,6,12,3,8.305886625,0.5096925009,0.04366950713,No,No,Normal,Safe,Stable
2024-06-11 04:00:00,June,262.82,92.85,1,27.45,7.72,7.88,3.71,6,6,1,5,29.1,33.9,24.1,3.99,6,12,4,7.962882051,0.237481655,0.9732591492,Yes,No,Normal,Safe,Stable
2024-06-11 05:00:00,June,262.82,92.85,1,27.45,7.72,7.88,3.71,6,6,0,5,29.1,33.9,24.1,3.99,6,12,5,8.374380521,0.4143561299,0.01302515137,No,No,Normal,Safe,Stable
2024-06-11 06:00:00,June,262.82,92.85,1,27.45,7.72,7.88,3.71,6,6,0,4,29.1,33.9,24.1,3.99,6,12.05263158,4.736842105,8.370522788,0.4137034901,0.01175758711,Yes,Yes,Normal,Safe,Stable
2024-06-11 07:00:00,June,262.82,92.85,1,27.45,7.72,7.88,3.71,6,6,0,1,29.1,33.9,24.1,3.99,6,12.10526316,4.473684211,8.366665055,0.4130508502,0.01049002284,No,No,Normal,Safe,Stable
2024-06-11 08:00:00,June,262.82,92.85,1,27.45,7.72,7.88,3.71,6,6,0,4,29.1,33.9,24.1,3.99,6,12.15789474,4.210526316,8.362807322,0.4123982103,0.009222458577,Yes,No,Normal,Safe,Stable
2024-06-11 09:00:00,June,262.82,92.85,1,27.45,7.72,7.88,3.71,6,6,0,6,29.1,33.9,24.1,3.99,6,12.21052632,3.947368421,8.358949589,0.4117455704,0.007954894312,No,No,Normal,Safe,Stable
2024-06-11 10:00:00,June,262.82,92.85,1,27.45,7.72,7.88,3.71,6,6,0,4,29.1,33.9,24.1,3.99,6,12.26315789,3.684210526,8.355091855,0.4110929306,0.006687330047,Yes,No,Normal,Safe,Stable
2024-06-11 11:00:00,June,262.82,92.85,1,27.45,7.72,7.88,3.71,6,6,0,5,29.1,33.9,24.1,3.99,6,12.31578947,3.421052632,8.351234122,0.4104402907,0.005419765782,No,No,Normal,Safe,Stable
2024-06-11 12:00:00,June,262.82,92.85,1,27.45,7.72,7.88,3.71,6,6,0,5,29.1,33.9,24.1,3.99,6,12.36842105,3.157894737,8.347376389,0.4097876508,0.004152201518,Yes,Yes,Normal,Safe,Stable
2024-06-11 13:00:00,June,262.82,92.85,1,27.45,7.72,7.88,3.71,6,6,0,2,29.1,33.9,24.1,3.99,6,12.42105263,2.894736842,8.343518656,0.4091350109,0.002884637253,No,No,Normal,Safe,Stable
2024-06-11 14:00:00,June,262.82,92.85,1,27.45,7.72,7.88,3.71,6,6,1,1,29.1,33.9,24.1,3.99,6,12.47368421,2.631578947,8.339660923,0.4084823711,0.001617072988,Yes,No,Normal,Safe,Stable
2024-06-11 15:00:00,June,262.82,92.85,1,27.45,7.72,7.88,3.71,6,6,1,2,29.1,33.9,24.1,3.99,6,12.52631579,2.368421053,8.335803189,0.4078297312,0.0003495087236,No,No,Normal,Safe,Stable
2024-06-11 16:00:00,June,262.82,92.85,1,27.45,7.72,7.88,3.71,6,6,0,5,29.1,33.9,24.1,3.99,6,12.57894737,2.105263158,8.331945456,0.4071770913,-0.0009180555411,Yes,No,Normal,Safe,Stable
2024-06-11 17:00:00,June,262.82,92.85,1,27.45,7.72,7.88,3.71,6,6,0,1,29.1,33.9,24.1,3.99,6,12.63157895,1.842105263,8.328087723,0.4065244514,-0.002185619806,No,No,Normal,Safe,Stable
2024-06-11 18:00:00,June,262.82,92.85,1,27.45,7.72,7.88,3.71,6,6,1,4,29.1,33.9,24.1,3.99,6,12.68421053,1.578947368,8.32422999,0.4058718116,-0.00345318407,Yes,Yes,Normal,Safe,Stable
2024-06-11 19:00:00,June,262.82,92.85,1,27.45,7.72,7.88,3.71,6,6,0,2,29.1,33.9,24.1,3.99,6,12.73684211,1.315789474,8.320372257,0.4052191717,-0.004720748335,No,No,Normal,Safe,Stable
2024-06-11 20:00:00,June,262.82,92.85,1,27.45,7.72,7.88,3.71,6,6,0,5,29.1,33.9,24.1,3.99,6,12.78947368,1.052631579,8.316514524,0.4045665318,-0.0059883126,Yes,No,Normal,Safe,Stable
2024-06-11 21:00:00,June,262.82,92.85,1,27.45,7.72,7.88,3.71,6,6,1,6,29.1,33.9,24.1,3.99,6,12.84210526,0.7894736842,8.31265679,0.4039138919,-0.007255876865,No,No,Normal,Safe,Stable
2024-06-11 22:00:00,June,262.82,92.85,1,27.45,7.72,7.88,3.71,6,6,0,2,29.1,33.9,24.1,3.99,6,12.89473684,0.5263157895,8.308799057,0.4032612521,-0.008523441129,Yes,No,Normal,Safe,Stable
2024-06-11 23:00:00,June,262.82,92.85,1,27.45,7.72,7.88,3.71,6,6,0,1,29.1,33.9,24.1,3.99,6,12.94736842,0.2631578947,8.304941324,0.4026086122,-0.009791005394,No,No,Normal,Safe,Stable
2024-06-12 00:00:00,June,262.82,92.85,1,27.45,7.72,7.88,3.71,6,6,1,2,29.1,33.9,24.1,3.99,6,13,0,8.301083591,0.4019559723,-0.01105856966,Yes,Yes,Normal,Safe,Stable
2024-06-12 01:00:00,June,262.82,92.85,1,27.45,7.72,7.88,3.71,6,6,0,1,29.1,33.9,24.1,3.99,6,13,1,7.925432306,0.3261469498,0.1323080549,No,No,Normal,Safe,Stable
2024-06-12 02:00:00,June,262.82,92.85,1,27.45,7.72,7.88,3.71,6,6,0,5,29.1,33.9,24.1,3.99,6,13,2,8.245429084,0.3731933075,0.4344786961,Yes,No,Normal,Safe,Stable
2024-06-12 03:00:00,June,262.82,92.85,1,27.45,7.72,7.88,3.71,6,6,0,6,29.1,33.9,24.1,3.99,6,13,3,8.40760996,0.2933523962,0.9450732297,No,No,Normal,Safe,Stable
2024-06-12 04:00:00,June,262.82,92.85,1,27.45,7.72,7.88,3.71,6,6,0,6,29.1,33.9,24.1,3.99,6,13,4,8.03962996,0.3281983429,0.8668689394,Yes,No,Normal,Safe,Stable
2024-06-12 05:00:00,June,262.82,92.85,1,27.45,7.72,7.88,3.71,6,6,0,2,29.1,33.9,24.1,3.99,6,13,5,8.04498625,0.388725342,0.01992569936,No,No,Normal,Safe,Stable
2024-06-12 06:00:00,June,262.82,92.85,1,27.45,7.72,7.88,3.71,6,6,0,6,29.1,33.9,24.1,3.99,6,13.05263158,4.736842105,8.072578526,0.3901950961,0.01831238121,Yes,Yes,Normal,Safe,Stable
2024-06-12 07:00:00,June,262.82,92.85,1,27.45,7.72,7.88,3.71,6,6,0,5,29.1,33.9,24.1,3.99,6,13.10526316,4.473684211,8.100170801,0.3916648502,0.01669906306,No,No,Normal,Safe,Stable
2024-06-12 08:00:00,June,262.82,92.85,1,27.45,7.72,7.88,3.71,6,6,0,2,29.1,33.9,24.1,3.99,6,13.15789474,4.210526316,8.127763077,0.3931346043,0.0150857449,Yes,No,Normal,Safe,Stable
2024-06-12 09:00:00,June,262.82,92.85,1,27.45,7.72,7.88,3.71,6,6,1,4,29.1,33.9,24.1,3.99,6,13.21052632,3.947368421,8.155355352,0.3946043583,0.01347242675,No,No,Normal,Safe,Stable
2024-06-12 10:00:00,June,262.82,92.85,1,27.45,7.72,7.88,3.71,6,6,0,5,29.1,33.9,24.1,3.99,6,13.26315789,3.684210526,8.182947628,0.3960741124,0.0118591086,Yes,No,Normal,Safe,Stable
2024-06-12 11:00:00,June,262.82,92.85,1,27.45,7.72,7.88,3.71,6,6,0,2,29.1,33.9,24.1,3.99,6,13.31578947,3.421052632,8.210539903,0.3975438665,0.01024579045,No,No,Normal,Safe,Stable
2024-06-12 12:00:00,June,262.82,92.85,1,27.45,7.72,7.88,3.71,6,6,0,4,29.1,33.9,24.1,3.99,6,13.36842105,3.157894737,8.238132179,0.3990136206,0.008632472295,Yes,Yes,Normal,Safe,Stable
2024-06-12 13:00:00,June,262.82,92.85,1,27.45,7.72,7.88,3.71,6,6,0,6,29.1,33.9,24.1,3.99,6,13.42105263,2.894736842,8.265724454,0.4004833747,0.007019154143,No,No,Normal,Safe,Stable
2024-06-12 14:00:00,June,262.82,92.85,1,27.45,7.72,7.88,3.71,6,6,0,5,29.1,33.9,24.1,3.99,6,13.47368421,2.631578947,8.29331673,0.4019531287,0.005405835991,Yes,No,Normal,Safe,Stable
2024-06-12 15:00:00,June,262.82,92.85,1,27.45,7.72,7.88,3.71,6,6,1,2,29.1,33.9,24.1,3.99,6,13.52631579,2.368421053,8.320909005,0.4034228828,0.003792517839,No,No,Normal,Safe,Stable
2024-06-12 16:00:00,June,262.82,92.85,1,27.45,7.72,7.88,3.71,6,6,0,5,29.1,33.9,24.1,3.99,6,13.57894737,2.105263158,8.34850128,0.4048926369,0.002179199687,Yes,No,Normal,Safe,Stable
2024-06-12 17:00:00,June,262.82,92.85,1,27.45,7.72,7.88,3.71,6,6,0,6,29.1,33.9,24.1,3.99,6,13.63157895,1.842105263,8.376093556,0.406362391,0.0005658815347,No,No,Normal,Safe,Stable
2024-06-12 18:00:00,June,262.82,92.85,1,27.45,7.72,7.88,3.71,6,6,1,2,29.1,33.9,24.1,3.99,6,13.68421053,1.578947368,8.403685831,0.4078321451,-0.001047436617,Yes,Yes,Normal,Safe,Stable
2024-06-12 19:00:00,June,262.82,92.85,1,27.45,7.72,7.88,3.71,6,6,0,4,29.1,33.9,24.1,3.99,6,13.73684211,1.315789474,8.431278107,0.4093018992,-0.00266075477,No,No,Normal,Safe,Stable
2024-06-12 20:00:00,June,262.82,92.85,1,27.45,7.72,7.88,3.71,6,6,0,5,29.1,33.9,24.1,3.99,6,13.78947368,1.052631579,8.458870382,0.4107716532,-0.004274072922,Yes,No,Normal,Safe,Stable
2024-06-12 21:00:00,June,262.82,92.85,1,27.45,7.72,7.88,3.71,6,6,0,5,29.1,33.9,24.1,3.99,6,13.84210526,0.7894736842,8.486462658,0.4122414073,-0.005887391074,No,No,Normal,Safe,Stable
2024-06-12 22:00:00,June,262.82,92.85,1,27.45,7.72,7.88,3.71,6,6,0,5,29.1,33.9,24.1,3.99,6,13.89473684,0.5263157895,8.514054933,0.4137111614,-0.007500709226,Yes,No,Normal,Safe,Stable
2024-06-12 23:00:00,June,262.82,92.85,1,27.45,7.72,7.88,3.71,6,6,0,2,29.1,33.9,24.1,3.99,6,13.94736842,0.2631578947,8.541647209,0.4151809155,-0.009114027378,No,No,Normal,Safe,Stable
2024-06-13 00:00:00,June,262.82,92.85,1,27.45,7.72,7.88,3.71,6,6,0,5,29.1,33.9,24.1,3.99,6,14,0,8.569239484,0.4166506696,-0.01072734553,Yes,Yes,Normal,Safe,Stable
2024-06-13 01:00:00,June,262.82,92.85,1,27.45,7.72,7.88,3.71,6,6,0,2,29.1,33.9,24.1,3.99,6,14,1,8.055372402,0.3350832658,0.1248489651,No,No,Normal,Safe,Stable
2024-06-13 02:00:00,June,262.82,92.85,1,27.45,7.72,7.88,3.71,6,6,1,2,29.1,33.9,24.1,3.99,6,14,2,7.941772919,1.004329128,0.008082777934,Yes,No,Normal,Safe,Stable
2024-06-13 03:00:00,June,262.82,92.85,1,27.45,7.72,7.88,3.71,6,6,0,5,29.1,33.9,24.1,3.99,6,14,3,8.239677462,0.3179728194,0.8545346163,No,No,Normal,Safe,Stable
2024-06-13 04:00:00,June,262.82,92.85,1,27.45,7.72,7.88,3.71,6,6,0,6,29.1,33.9,24.1,3.99,6,14,4,8.445522335,0.2878605312,0.8748066836,Yes,No,Normal,Safe,Stable
2024-06-13 05:00:00,June,262.82,92.85,1,27.45,7.72,7.88,3.71,6,6,0,5,29.1,33.9,24.1,3.99,6,14,5,7.911947118,0.3861747499,0.01227776684,No,No,Normal,Safe,Stable
2024-06-13 06:00:00,June,262.82,92.85,1,27.45,7.72,7.88,3.71,6,6,0,5,29.1,33.9,24.1,3.99,6,14.05263158,4.736842105,7.937884566,0.3869677658,0.01295440033,Yes,Yes,Normal,Safe,Stable
2024-06-13 07:00:00,June,262.82,92.85,1,27.45,7.72,7.88,3.71,6,6,0,2,29.1,33.9,24.1,3.99,6,14.10526316,4.473684211,7.963822014,0.3877607817,0.01363103383,No,No,Normal,Safe,Stable
2024-06-13 08:00:00,June,262.82,92.85,1,27.45,7.72,7.88,3.71,6,6,0,5,29.1,33.9,24.1,3.99,6,14.15789474,4.210526316,7.989759461,0.3885537976,0.01430766733,Yes,No,Normal,Safe,Stable
2024-06-13 09:00:00,June,262.82,92.85,1,27.45,7.72,7.88,3.71,6,6,0,2,29.1,33.9,24.1,3.99,6,14.21052632,3.947368421,8.015696909,0.3893468136,0.01498430082,No,No,Normal,Safe,Stable
2024-06-13 10:00:00,June,262.82,92.85,1,27.45,7.72,7.88,3.71,6,6,1,5,29.1,33.9,24.1,3.99,6,14.26315789,3.684210526,8.041634357,0.3901398295,0.01566093432,Yes,No,Normal,Safe,Stable
2024-06-13 11:00:00,June,262.82,92.85,1,27.45,7.72,7.88,3.71,6,6,0,2,29.1,33.9,24.1,3.99,6,14.31578947,3.421052632,8.067571805,0.3909328454,0.01633756781,No,No,Normal,Safe,Stable
2024-06-13 12:00:00,June,262.82,92.85,1,27.45,7.72,7.88,3.71,6,6,0,2,29.1,33.9,24.1,3.99,6,14.36842105,3.157894737,8.093509252,0.3917258613,0.01701420131,Yes,Yes,Normal,Safe,Stable
2024-06-13 13:00:00,June,262.82,92.85,1,27.45,7.72,7.88,3.71,6,6,0,5,29.1,33.9,24.1,3.99,6,14.42105263,2.894736842,8.1194467,0.3925188772,0.0176908348,No,No,Normal,Safe,Stable
2024-06-13 14:00:00,June,262.82,92.85,1,27.45,7.72,7.88,3.71,6,6,0,4,29.1,33.9,24.1,3.99,6,14.47368421,2.631578947,8.145384148,0.3933118932,0.0183674683,Yes,No,Normal,Safe,Stable
2024-06-13 15:00:00,June,262.82,92.85,1,27.45,7.72,7.88,3.71,6,6,0,4,29.1,33.9,24.1,3.99,6,14.52631579,2.368421053,8.171321596,0.3941049091,0.01904410179,No,No,Normal,Safe,Stable
2024-06-13 16:00:00,June,262.82,92.85,1,27.45,7.72,7.88,3.71,6,6,0,2,29.1,33.9,24.1,3.99,6,14.57894737,2.105263158,8.197259043,0.394897925,0.01972073529,Yes,No,Normal,Safe,Stable
2024-06-13 17:00:00,June,262.82,92.85,1,27.45,7.72,7.88,3.71,6,6,0,5,29.1,33.9,24.1,3.99,6,14.63157895,1.842105263,8.223196491,0.3956909409,0.02039736878,No,No,Normal,Safe,Stable
2024-06-13 18:00:00,June,262.82,92.85,1,27.45,7.72,7.88,3.71,6,6,1,4,29.1,33.9,24.1,3.99,6,14.68421053,1.578947368,8.249133939,0.3964839569,0.02107400228,Yes,Yes,Normal,Safe,Stable
2024-06-13 19:00:00,June,262.82,92.85,1,27.45,7.72,7.88,3.71,6,6,0,5,29.1,33.9,24.1,3.99,6,14.73684211,1.315789474,8.275071387,0.3972769728,0.02175063578,No,No,Normal,Safe,Stable
2024-06-13 20:00:00,June,262.82,92.85,1,27.45,7.72,7.88,3.71,6,6,0,4,29.1,33.9,24.1,3.99,6,14.78947368,1.052631579,8.301008834,0.3980699887,0.02242726927,Yes,No,Normal,Safe,Stable
2024-06-13 21:00:00,June,262.82,92.85,1,27.45,7.72,7.88,3.71,6,6,1,6,29.1,33.9,24.1,3.99,6,14.84210526,0.7894736842,8.326946282,0.3988630046,0.02310390277,No,No,Normal,Safe,Stable
2024-06-13 22:00:00,June,262.82,92.85,1,27.45,7.72,7.88,3.71,6,6,1,4,29.1,33.9,24.1,3.99,6,14.89473684,0.5263157895,8.35288373,0.3996560206,0.02378053626,Yes,No,Normal,Safe,Stable
2024-06-13 23:00:00,June,262.82,92.85,1,27.45,7.72,7.88,3.71,6,6,0,4,29.1,33.9,24.1,3.99,6,14.94736842,0.2631578947,8.378821178,0.4004490365,0.02445716976,No,No,Normal,Safe,Stable
2024-06-14 00:00:00,June,262.82,92.85,1,27.45,7.72,7.88,3.71,6,6,0,5,29.1,33.9,24.1,3.99,6,15,0,8.404758625,0.4012420524,0.02513380325,Yes,Yes,Normal,Safe,Stable
2024-06-14 01:00:00,June,262.82,92.85,1,27.45,7.72,7.88,3.71,6,6,0,2,29.1,33.9,24.1,3.99,6,15,1,7.964170761,0.324170958,0.1180089344,No,No,Normal,Safe,Stable
2024-06-14 02:00:00,June,262.82,92.85,1,27.45,7.72,7.88,3.71,6,6,1,5,29.1,33.9,24.1,3.99,6,15,2,8.245982486,0.2972533533,0.5173674305,Yes,No,Normal,Safe,Stable
2024-06-14 03:00:00,June,262.82,92.85,1,27.45,7.72,7.88,3.71,6,6,0,2,29.1,33.9,24.1,3.99,6,15,3,7.709911327,0.9312639108,0.009629126316,No,No,Normal,Safe,Stable
2024-06-14 04:00:00,June,262.82,92.85,1,27.45,7.72,7.88,3.71,6,6,0,2,29.1,33.9,24.1,3.99,6,15,4,8.073937497,0.2941200422,0.8381473575,Yes,No,Normal,Safe,Stable
2024-06-14 05:00:00,June,262.82,92.85,1,27.45,7.72,7.88,3.71,6,6,0,6,29.1,33.9,24.1,3.99,6,15,5,8.417532574,0.3744706503,0.02319683329,No,No,Normal,Safe,Stable
2024-06-14 06:00:00,June,262.82,92.85,1,27.45,7.72,7.88,3.71,6,6,1,1,29.1,33.9,24.1,3.99,6,15.05263158,4.736842105,8.390097284,0.4067765747,0.0206089083,Yes,Yes,Normal,Safe,Stable
2024-06-14 07:00:00,June,262.82,92.85,1,27.45,7.72,7.88,3.71,6,6,1,1,29.1,33.9,24.1,3.99,6,15.10526316,4.473684211,8.362661994,0.4390824992,0.01802098331,No,No,Normal,Safe,Stable
2024-06-14 08:00:00,June,262.82,92.85,1,27.45,7.72,7.88,3.71,6,6,0,2,29.1,33.9,24.1,3.99,6,15.15789474,4.210526316,8.335226705,0.4713884236,0.01543305831,Yes,No,Normal,Safe,Stable
2024-06-14 09:00:00,June,262.82,92.85,1,27.45,7.72,7.88,3.71,6,6,1,6,29.1,33.9,24.1,3.99,6,15.21052632,3.947368421,8.307791415,0.5036943481,0.01284513332,No,No,Normal,Safe,Stable
2024-06-14 10:00:00,June,262.82,92.85,1,27.45,7.72,7.88,3.71,6,6,0,4,29.1,33.9,24.1,3.99,6,15.26315789,3.684210526,8.280356125,0.5360002725,0.01025720833,Yes,No,Normal,Safe,Stable
2024-06-14 11:00:00,June,262.82,92.85,1,27.45,7.72,7.88,3.71,6,6,0,5,29.1,33.9,24.1,3.99,6,15.31578947,3.421052632,8.252920836,0.5683061969,0.007669283337,No,No,Normal,Safe,Stable
2024-06-14 12:00:00,June,262.82,92.85,1,27.45,7.72,7.88,3.71,6,6,0,1,29.1,33.9,24.1,3.99,6,15.36842105,3.157894737,8.225485546,0.6006121214,0.005081358345,Yes,Yes,Normal,Safe,Stable
2024-06-14 13:00:00,June,262.82,92.85,1,27.45,7.72,7.88,3.71,6,6,1,2,29.1,33.9,24.1,3.99,6,15.42105263,2.894736842,8.198050256,0.6329180458,0.002493433352,No,No,Normal,Safe,Stable
2024-06-14 14:00:00,June,262.82,92.85,1,27.45,7.72,7.88,3.71,6,6,1,4,29.1,33.9,24.1,3.99,6,15.47368421,2.631578947,8.170614966,0.6652239703,-0.00009449163981,Yes,No,Normal,Safe,Stable
2024-06-14 15:00:00,June,262.82,92.85,1,27.45,7.72,7.88,3.71,6,6,0,5,29.1,33.9,24.1,3.99,6,15.52631579,2.368421053,8.143179677,0.6975298947,-0.002682416632,No,No,Normal,Safe,Stable
2024-06-14 16:00:00,June,262.82,92.85,1,27.45,7.72,7.88,3.71,6,6,0,4,29.1,33.9,24.1,3.99,6,15.57894737,2.105263158,8.115744387,0.7298358191,-0.005270341624,Yes,No,Normal,Safe,Stable
2024-06-14 17:00:00,June,262.82,92.85,1,27.45,7.72,7.88,3.71,6,6,0,5,29.1,33.9,24.1,3.99,6,15.63157895,1.842105263,8.088309097,0.7621417436,-0.007858266616,No,No,Normal,Safe,Stable
2024-06-14 18:00:00,June,262.82,92.85,1,27.45,7.72,7.88,3.71,6,6,0,2,29.1,33.9,24.1,3.99,6,15.68421053,1.578947368,8.060873808,0.794447668,-0.01044619161,Yes,Yes,Normal,Safe,Stable
2024-06-14 19:00:00,June,262.82,92.85,1,27.45,7.72,7.88,3.71,6,6,0,4,29.1,33.9,24.1,3.99,6,15.73684211,1.315789474,8.033438518,0.8267535925,-0.0130341166,No,No,Normal,Safe,Stable
2024-06-14 20:00:00,June,262.82,92.85,1,27.45,7.72,7.88,3.71,6,6,0,5,29.1,33.9,24.1,3.99,6,15.78947368,1.052631579,8.006003228,0.8590595169,-0.01562204159,Yes,No,Normal,Safe,Stable
2024-06-14 21:00:00,June,262.82,92.85,1,27.45,7.72,7.88,3.71,6,6,1,2,29.1,33.9,24.1,3.99,6,15.84210526,0.7894736842,7.978567939,0.8913654413,-0.01820996659,No,No,Normal,Safe,Stable
2024-06-14 22:00:00,June,262.82,92.85,1,27.45,7.72,7.88,3.71,6,6,0,5,29.1,33.9,24.1,3.99,6,15.89473684,0.5263157895,7.951132649,0.9236713658,-0.02079789158,Yes,No,Normal,Safe,Stable
2024-06-14 23:00:00,June,262.82,92.85,1,27.45,7.72,7.88,3.71,6,6,1,4,29.1,33.9,24.1,3.99,6,15.94736842,0.2631578947,7.923697359,0.9559772902,-0.02338581657,No,No,Normal,Safe,Stable
2024-06-15 00:00:00,June,262.82,92.85,1,27.45,7.72,7.88,3.71,6,6,0,4,29.1,33.9,24.1,3.99,6,16,0,7.896262069,0.9882832147,-0.02597374156,Yes,Yes,Normal,Safe,Stable
2024-06-15 01:00:00,June,262.82,92.85,1,27.45,7.72,7.88,3.71,6,6,0,5,29.1,33.9,24.1,3.99,6,16,1,8.164099729,0.3797528405,0.1463570558,No,No,Normal,Safe,Stable
2024-06-15 02:00:00,June,262.82,92.85,1,27.45,7.72,7.88,3.71,6,6,0,1,29.1,33.9,24.1,3.99,6,16,2,7.828992438,1.017260159,-0.006904105692,Yes,No,Normal,Safe,Stable
2024-06-15 03:00:00,June,262.82,92.85,1,27.45,7.72,7.88,3.71,6,6,0,4,29.1,33.9,24.1,3.99,6,16,3,8.28442282,0.3699451937,0.8048827248,No,No,Normal,Safe,Stable
2024-06-15 04:00:00,June,262.82,92.85,1,27.45,7.72,7.88,3.71,6,6,0,4,29.1,33.9,24.1,3.99,6,16,4,7.702875412,1.02448125,-0.01609880842,Yes,No,Normal,Safe,Stable
2024-06-15 05:00:00,June,262.82,92.85,1,27.45,7.72,7.88,3.71,6,6,0,6,29.1,33.9,24.1,3.99,6,16,5,8.125303835,0.3977950315,0.02073801392,No,No,Normal,Safe,Stable
2024-06-15 06:00:00,June,262.82,92.85,1,27.45,7.72,7.88,3.71,6,6,0,5,29.1,33.9,24.1,3.99,6,16.05263158,4.736842105,8.130071582,0.398340699,0.01935753096,Yes,Yes,Normal,Safe,Stable
2024-06-15 07:00:00,June,262.82,92.85,1,27.45,7.72,7.88,3.71,6,6,0,4,29.1,33.9,24.1,3.99,6,16.10526316,4.473684211,8.13483933,0.3988863664,0.01797704799,No,No,Normal,Safe,Stable
2024-06-15 08:00:00,June,262.82,92.85,1,27.45,7.72,7.88,3.71,6,6,0,1,29.1,33.9,24.1,3.99,6,16.15789474,4.210526316,8.139607078,0.3994320339,0.01659656503,Yes,No,Normal,Safe,Stable
2024-06-15 09:00:00,June,262.82,92.85,1,27.45,7.72,7.88,3.71,6,6,1,2,29.1,33.9,24.1,3.99,6,16.21052632,3.947368421,8.144374825,0.3999777013,0.01521608206,No,No,Normal,Safe,Stable
2024-06-15 10:00:00,June,262.82,92.85,1,27.45,7.72,7.88,3.71,6,6,0,5,29.1,33.9,24.1,3.99,6,16.26315789,3.684210526,8.149142573,0.4005233688,0.01383559909,Yes,No,Normal,Safe,Stable
2024-06-15 11:00:00,June,262.82,92.85,1,27.45,7.72,7.88,3.71,6,6,1,5,29.1,33.9,24.1,3.99,6,16.31578947,3.421052632,8.15391032,0.4010690362,0.01245511613,No,No,Normal,Safe,Stable
2024-06-15 12:00:00,June,262.82,92.85,1,27.45,7.72,7.88,3.71,6,6,0,4,29.1,33.9,24.1,3.99,6,16.36842105,3.157894737,8.158678068,0.4016147037,0.01107463316,Yes,Yes,Normal,Safe,Stable
2024-06-15 13:00:00,June,262.82,92.85,1,27.45,7.72,7.88,3.71,6,6,0,5,29.1,33.9,24.1,3.99,6,16.42105263,2.894736842,8.163445816,0.4021603711,0.009694150199,No,No,Normal,Safe,Stable
2024-06-15 14:00:00,June,262.82,92.85,1,27.45,7.72,7.88,3.71,6,6,0,4,29.1,33.9,24.1,3.99,6,16.47368421,2.631578947,8.168213563,0.4027060386,0.008313667233,Yes,No,Normal,Safe,Stable
2024-06-15 15:00:00,June,262.82,92.85,1,27.45,7.72,7.88,3.71,6,6,0,4,29.1,33.9,24.1,3.99,6,16.52631579,2.368421053,8.172981311,0.403251706,0.006933184268,No,No,Normal,Safe,Stable
2024-06-15 16:00:00,June,262.82,92.85,1,27.45,7.72,7.88,3.71,6,6,1,5,29.1,33.9,24.1,3.99,6,16.57894737,2.105263158,8.177749059,0.4037973735,0.005552701303,Yes,No,Normal,Safe,Stable
2024-06-15 17:00:00,June,262.82,92.85,1,27.45,7.72,7.88,3.71,6,6,1,2,29.1,33.9,24.1,3.99,6,16.63157895,1.842105263,8.182516806,0.4043430409,0.004172218337,No,No,Normal,Safe,Stable
2024-06-15 18:00:00,June,262.82,92.85,1,27.45,7.72,7.88,3.71,6,6,1,4,29.1,33.9,24.1,3.99,6,16.68421053,1.578947368,8.187284554,0.4048887084,0.002791735372,Yes,Yes,Normal,Safe,Stable
2024-06-15 19:00:00,June,262.82,92.85,1,27.45,7.72,7.88,3.71,6,6,0,4,29.1,33.9,24.1,3.99,6,16.73684211,1.315789474,8.192052302,0.4054343758,0.001411252407,No,No,Normal,Safe,Stable
2024-06-15 20:00:00,June,262.82,92.85,1,27.45,7.72,7.88,3.71,6,6,0,4,29.1,33.9,24.1,3.99,6,16.78947368,1.052631579,8.196820049,0.4059800433,0.0000307694414,Yes,No,Normal,Safe,Stable
2024-06-15 21:00:00,June,262.82,92.85,1,27.45,7.72,7.88,3.71,6,6,1,4,29.1,33.9,24.1,3.99,6,16.84210526,0.7894736842,8.201587797,0.4065257107,-0.001349713524,No,No,Normal,Safe,Stable
2024-06-15 22:00:00,June,262.82,92.85,1,27.45,7.72,7.88,3.71,6,6,0,6,29.1,33.9,24.1,3.99,6,16.89473684,0.5263157895,8.206355544,0.4070713782,-0.002730196489,Yes,No,Normal,Safe,Stable
2024-06-15 23:00:00,June,262.82,92.85,1,27.45,7.72,7.88,3.71,6,6,0,2,29.1,33.9,24.1,3.99,6,16.94736842,0.2631578947,8.211123292,0.4076170456,-0.004110679455,No,No,Normal,Safe,Stable
2024-06-16 00:00:00,June,262.82,92.85,1,27.45,7.72,7.88,3.71,6,6,0,5,29.1,33.9,24.1,3.99,6,17,0,8.21589104,0.4081627131,-0.00549116242,Yes,Yes,Normal,Safe,Stable
2024-06-16 01:00:00,June,262.82,92.85,1,27.45,7.72,7.88,3.71,6,6,0,1,29.1,33.9,24.1,3.99,6,17,1,8.30596106,0.3228713949,0.123538851,No,No,Normal,Safe,Stable
2024-06-16 02:00:00,June,262.82,92.85,1,27.45,7.72,7.88,3.71,6,6,1,2,29.1,33.9,24.1,3.99,6,17,2,7.892265213,0.9896184854,0.03567389952,Yes,No,Normal,Safe,Stable
2024-06-16 03:00:00,June,262.82,92.85,1,27.45,7.72,7.88,3.71,6,6,0,5,29.1,33.9,24.1,3.99,6,17,3,8.346126894,0.2329470563,0.9440264218,No,No,Normal,Safe,Stable
2024-06-16 04:00:00,June,262.82,92.85,1,27.45,7.72,7.88,3.71,6,6,0,6,29.1,33.9,24.1,3.99,6,17,4,7.870565693,0.9780520557,0.01693099954,Yes,No,Normal,Safe,Stable
2024-06-16 05:00:00,June,262.82,92.85,1,27.45,7.72,7.88,3.71,6,6,0,5,29.1,33.9,24.1,3.99,6,17,5,8.567624959,0.3974795771,0.002074196313,No,No,Normal,Safe,Stable
2024-06-16 06:00:00,June,262.82,92.85,1,27.45,7.72,7.88,3.71,6,6,1,5,29.1,33.9,24.1,3.99,6,17.05263158,4.736842105,8.537947179,0.3974721437,0.003787426712,Yes,Yes,Normal,Safe,Stable
2024-06-16 07:00:00,June,262.82,92.85,1,27.45,7.72,7.88,3.71,6,6,1,6,29.1,33.9,24.1,3.99,6,17.10526316,4.473684211,8.508269399,0.3974647103,0.005500657111,No,No,Normal,Safe,Stable
2024-06-16 08:00:00,June,262.82,92.85,1,27.45,7.72,7.88,3.71,6,6,1,4,29.1,33.9,24.1,3.99,6,17.15789474,4.210526316,8.47859162,0.3974572769,0.00721388751,Yes,No,Normal,Safe,Stable
2024-06-16 09:00:00,June,262.82,92.85,1,27.45,7.72,7.88,3.71,6,6,0,5,29.1,33.9,24.1,3.99,6,17.21052632,3.947368421,8.44891384,0.3974498435,0.008927117909,No,No,Normal,Safe,Stable
2024-06-16 10:00:00,June,262.82,92.85,1,27.45,7.72,7.88,3.71,6,6,1,6,29.1,33.9,24.1,3.99,6,17.26315789,3.684210526,8.41923606,0.3974424101,0.01064034831,Yes,No,Normal,Safe,Stable
2024-06-16 11:00:00,June,262.82,92.85,1,27.45,7.72,7.88,3.71,6,6,1,5,29.1,33.9,24.1,3.99,6,17.31578947,3.421052632,8.38955828,0.3974349767,0.01235357871,No,No,Normal,Safe,Stable
2024-06-16 12:00:00,June,262.82,92.85,1,27.45,7.72,7.88,3.71,6,6,1,4,29.1,33.9,24.1,3.99,6,17.36842105,3.157894737,8.359880501,0.3974275433,0.01406680911,Yes,Yes,Normal,Safe,Stable
2024-06-16 13:00:00,June,262.82,92.85,1,27.45,7.72,7.88,3.71,6,6,0,4,29.1,33.9,24.1,3.99,6,17.42105263,2.894736842,8.330202721,0.3974201099,0.01578003951,No,No,Normal,Safe,Stable
2024-06-16 14:00:00,June,262.82,92.85,1,27.45,7.72,7.88,3.71,6,6,0,6,29.1,33.9,24.1,3.99,6,17.47368421,2.631578947,8.300524941,0.3974126765,0.0174932699,Yes,No,Normal,Safe,Stable
2024-06-16 15:00:00,June,262.82,92.85,1,27.45,7.72,7.88,3.71,6,6,1,6,29.1,33.9,24.1,3.99,6,17.52631579,2.368421053,8.270847162,0.3974052431,0.0192065003,No,No,Normal,Safe,Stable
2024-06-16 16:00:00,June,262.82,92.85,1,27.45,7.72,7.88,3.71,6,6,0,5,29.1,33.9,24.1,3.99,6,17.57894737,2.105263158,8.241169382,0.3973978097,0.0209197307,Yes,No,Normal,Safe,Stable
2024-06-16 17:00:00,June,262.82,92.85,1,27.45,7.72,7.88,3.71,6,6,0,4,29.1,33.9,24.1,3.99,6,17.63157895,1.842105263,8.211491602,0.3973903763,0.0226329611,No,No,Normal,Safe,Stable
2024-06-16 18:00:00,June,262.82,92.85,1,27.45,7.72,7.88,3.71,6,6,0,4,29.1,33.9,24.1,3.99,6,17.68421053,1.578947368,8.181813823,0.3973829429,0.0243461915,Yes,Yes,Normal,Safe,Stable
2024-06-16 19:00:00,June,262.82,92.85,1,27.45,7.72,7.88,3.71,6,6,0,2,29.1,33.9,24.1,3.99,6,17.73684211,1.315789474,8.152136043,0.3973755095,0.0260594219,No,No,Normal,Safe,Stable
2024-06-16 20:00:00,June,262.82,92.85,1,27.45,7.72,7.88,3.71,6,6,0,5,29.1,33.9,24.1,3.99,6,17.78947368,1.052631579,8.122458263,0.3973680761,0.0277726523,Yes,No,Normal,Safe,Stable
2024-06-16 21:00:00,June,262.82,92.85,1,27.45,7.72,7.88,3.71,6,6,1,5,29.1,33.9,24.1,3.99,6,17.84210526,0.7894736842,8.092780483,0.3973606427,0.0294858827,No,No,Normal,Safe,Stable
2024-06-16 22:00:00,June,262.82,92.85,1,27.45,7.72,7.88,3.71,6,6,0,4,29.1,33.9,24.1,3.99,6,17.89473684,0.5263157895,8.063102704,0.3973532093,0.0311991131,Yes,No,Normal,Safe,Stable
2024-06-16 23:00:00,June,262.82,92.85,1,27.45,7.72,7.88,3.71,6,6,0,4,29.1,33.9,24.1,3.99,6,17.94736842,0.2631578947,8.033424924,0.3973457759,0.0329123435,No,No,Normal,Safe,Stable
2024-06-17 00:00:00,June,262.82,92.85,1,27.45,7.72,7.88,3.71,6,6,0,5,29.1,33.9,24.1,3.99,6,18,0,8.003747144,0.3973383426,0.0346255739,Yes,Yes,Normal,Safe,Stable
2024-06-17 01:00:00,June,262.82,92.85,1,27.45,7.72,7.88,3.71,6,6,0,4,29.1,33.9,24.1,3.99,6,18,1,8.440788755,0.2874753746,0.09555051462,No,No,Normal,Safe,Stable
2024-06-17 02:00:00,June,262.82,92.85,1,27.45,7.72,7.88,3.71,6,6,0,5,29.1,33.9,24.1,3.99,6,18,2,7.998625516,0.9214408299,-0.004952821874,Yes,No,Normal,Safe,Stable
2024-06-17 03:00:00,June,262.82,92.85,1,27.45,7.72,7.88,3.71,6,6,1,5,29.1,33.9,24.1,3.99,6,18,3,8.266348945,0.1679835753,0.8781490381,No,No,Normal,Safe,Stable
2024-06-17 04:00:00,June,262.82,92.85,1,27.45,7.72,7.88,3.71,6,6,0,5,29.1,33.9,24.1,3.99,6,18,4,8.016865314,0.2726037345,0.871992655,Yes,No,Normal,Safe,Stable
2024-06-17 05:00:00,June,262.82,92.85,1,27.45,7.72,7.88,3.71,6,6,1,4,29.1,33.9,24.1,3.99,6,18,5,8.052652654,0.4186497926,0.00495758196,No,No,Normal,Safe,Stable
2024-06-17 06:00:00,June,262.82,92.85,1,27.45,7.72,7.88,3.71,6,6,0,5,29.1,33.9,24.1,3.99,6,18.05263158,4.736842105,8.042947744,0.4173673045,0.00566738049,Yes,Yes,Normal,Safe,Stable
2024-06-17 07:00:00,June,262.82,92.85,1,27.45,7.72,7.88,3.71,6,6,0,5,29.1,33.9,24.1,3.99,6,18.10526316,4.473684211,8.033242835,0.4160848163,0.00637717902,No,No,Normal,Safe,Stable
2024-06-17 08:00:00,June,262.82,92.85,1,27.45,7.72,7.88,3.71,6,6,0,5,29.1,33.9,24.1,3.99,6,18.15789474,4.210526316,8.023537926,0.4148023282,0.00708697755,Yes,No,Normal,Safe,Stable
2024-06-17 09:00:00,June,262.82,92.85,1,27.45,7.72,7.88,3.71,6,6,0,5,29.1,33.9,24.1,3.99,6,18.21052632,3.947368421,8.013833016,0.4135198401,0.00779677608,No,No,Normal,Safe,Stable
2024-06-17 10:00:00,June,262.82,92.85,1,27.45,7.72,7.88,3.71,6,6,0,5,29.1,33.9,24.1,3.99,6,18.26315789,3.684210526,8.004128107,0.4122373519,0.00850657461,Yes,No,Normal,Safe,Stable
2024-06-17 11:00:00,June,262.82,92.85,1,27.45,7.72,7.88,3.71,6,6,0,4,29.1,33.9,24.1,3.99,6,18.31578947,3.421052632,7.994423197,0.4109548638,0.00921637314,No,No,Normal,Safe,Stable
2024-06-17 12:00:00,June,262.82,92.85,1,27.45,7.72,7.88,3.71,6,6,0,5,29.1,33.9,24.1,3.99,6,18.36842105,3.157894737,7.984718288,0.4096723757,0.00992617167,Yes,Yes,Normal,Safe,Stable
2024-06-17 13:00:00,June,262.82,92.85,1,27.45,7.72,7.88,3.71,6,6,0,2,29.1,33.9,24.1,3.99,6,18.42105263,2.894736842,7.975013379,0.4083898876,0.0106359702,No,No,Normal,Safe,Stable
2024-06-17 14:00:00,June,262.82,92.85,1,27.45,7.72,7.88,3.71,6,6,0,4,29.1,33.9,24.1,3.99,6,18.47368421,2.631578947,7.965308469,0.4071073994,0.01134576873,Yes,No,Normal,Safe,Stable
2024-06-17 15:00:00,June,262.82,92.85,1,27.45,7.72,7.88,3.71,6,6,0,5,29.1,33.9,24.1,3.99,6,18.52631579,2.368421053,7.95560356,0.4058249113,0.01205556726,No,No,Normal,Safe,Stable
2024-06-17 16:00:00,June,262.82,92.85,1,27.45,7.72,7.88,3.71,6,6,0,4,29.1,33.9,24.1,3.99,6,18.57894737,2.105263158,7.945898651,0.4045424232,0.01276536579,Yes,No,Normal,Safe,Stable
2024-06-17 17:00:00,June,262.82,92.85,1,27.45,7.72,7.88,3.71,6,6,0,5,29.1,33.9,24.1,3.99,6,18.63157895,1.842105263,7.936193741,0.4032599351,0.01347516432,No,No,Normal,Safe,Stable
2024-06-17 18:00:00,June,262.82,92.85,1,27.45,7.72,7.88,3.71,6,6,1,4,29.1,33.9,24.1,3.99,6,18.68421053,1.578947368,7.926488832,0.4019774469,0.01418496285,Yes,Yes,Normal,Safe,Stable
2024-06-17 19:00:00,June,262.82,92.85,1,27.45,7.72,7.88,3.71,6,6,0,2,29.1,33.9,24.1,3.99,6,18.73684211,1.315789474,7.916783922,0.4006949588,0.01489476138,No,No,Normal,Safe,Stable
2024-06-17 20:00:00,June,262.82,92.85,1,27.45,7.72,7.88,3.71,6,6,0,6,29.1,33.9,24.1,3.99,6,18.78947368,1.052631579,7.907079013,0.3994124707,0.01560455991,Yes,No,Normal,Safe,Stable
2024-06-17 21:00:00,June,262.82,92.85,1,27.45,7.72,7.88,3.71,6,6,0,4,29.1,33.9,24.1,3.99,6,18.84210526,0.7894736842,7.897374104,0.3981299825,0.01631435844,No,No,Normal,Safe,Stable
2024-06-17 22:00:00,June,262.82,92.85,1,27.45,7.72,7.88,3.71,6,6,0,5,29.1,33.9,24.1,3.99,6,18.89473684,0.5263157895,7.887669194,0.3968474944,0.01702415697,Yes,No,Normal,Safe,Stable
2024-06-17 23:00:00,June,262.82,92.85,1,27.45,7.72,7.88,3.71,6,6,0,4,29.1,33.9,24.1,3.99,6,18.94736842,0.2631578947,7.877964285,0.3955650063,0.0177339555,No,No,Normal,Safe,Stable
2024-06-18 00:00:00,June,262.82,92.85,1,27.45,7.72,7.88,3.71,6,6,0,5,29.1,33.9,24.1,3.99,6,19,0,7.868259375,0.3942825182,0.01844375403,Yes,Yes,Normal,Safe,Stable
2024-06-18 01:00:00,June,262.82,92.85,1,27.45,7.72,7.88,3.71,6,6,1,4,29.1,33.9,24.1,3.99,6,19,1,8.145132784,0.9464945605,0.02194846657,No,No,Normal,Safe,Stable
2024-06-18 02:00:00,June,262.82,92.85,1,27.45,7.72,7.88,3.71,6,6,0,4,29.1,33.9,24.1,3.99,6,19,2,8.118646883,0.3464602265,0.4225149891,Yes,No,Normal,Safe,Stable
2024-06-18 03:00:00,June,262.82,92.85,1,27.45,7.72,7.88,3.71,6,6,1,2,29.1,33.9,24.1,3.99,6,19,3,7.71682842,0.9667648183,-0.00665136946,No,No,Normal,Safe,Stable
2024-06-18 04:00:00,June,262.82,92.85,1,27.45,7.72,7.88,3.71,6,6,0,2,29.1,33.9,24.1,3.99,6,19,4,8.389115885,0.2633449664,0.8630651849,Yes,No,Normal,Safe,Stable
2024-06-18 05:00:00,June,262.82,92.85,1,27.45,7.72,7.88,3.71,6,6,0,5,29.1,33.9,24.1,3.99,6,19,5,8.366999223,0.4154291977,-0.007170768074,No,No,Normal,Safe,Stable
2024-06-18 06:00:00,June,262.82,92.85,1,27.45,7.72,7.88,3.71,6,6,1,2,29.1,33.9,24.1,3.99,6,19.05263158,4.736842105,8.341751635,0.4446856,-0.007620308316,Yes,Yes,Normal,Safe,Stable
2024-06-18 07:00:00,June,262.82,92.85,1,27.45,7.72,7.88,3.71,6,6,1,5,29.1,33.9,24.1,3.99,6,19.10526316,4.473684211,8.316504046,0.4739420024,-0.008069848559,No,No,Normal,Safe,Stable
2024-06-18 08:00:00,June,262.82,92.85,1,27.45,7.72,7.88,3.71,6,6,0,2,29.1,33.9,24.1,3.99,6,19.15789474,4.210526316,8.291256458,0.5031984048,-0.008519388801,Yes,No,Normal,Safe,Stable
2024-06-18 09:00:00,June,262.82,92.85,1,27.45,7.72,7.88,3.71,6,6,0,4,29.1,33.9,24.1,3.99,6,19.21052632,3.947368421,8.26600887,0.5324548071,-0.008968929044,No,No,Normal,Safe,Stable
2024-06-18 10:00:00,June,262.82,92.85,1,27.45,7.72,7.88,3.71,6,6,0,4,29.1,33.9,24.1,3.99,6,19.26315789,3.684210526,8.240761282,0.5617112095,-0.009418469286,Yes,No,Normal,Safe,Stable
2024-06-18 11:00:00,June,262.82,92.85,1,27.45,7.72,7.88,3.71,6,6,1,6,29.1,33.9,24.1,3.99,6,19.31578947,3.421052632,8.215513693,0.5909676118,-0.009868009529,No,No,Normal,Safe,Stable
2024-06-18 12:00:00,June,262.82,92.85,1,27.45,7.72,7.88,3.71,6,6,0,4,29.1,33.9,24.1,3.99,6,19.36842105,3.157894737,8.190266105,0.6202240142,-0.01031754977,Yes,Yes,Normal,Safe,Stable
2024-06-18 13:00:00,June,262.82,92.85,1,27.45,7.72,7.88,3.71,6,6,1,6,29.1,33.9,24.1,3.99,6,19.42105263,2.894736842,8.165018517,0.6494804165,-0.01076709001,No,No,Normal,Safe,Stable
2024-06-18 14:00:00,June,262.82,92.85,1,27.45,7.72,7.88,3.71,6,6,1,6,29.1,33.9,24.1,3.99,6,19.47368421,2.631578947,8.139770929,0.6787368189,-0.01121663026,Yes,No,Normal,Safe,Stable
2024-06-18 15:00:00,June,262.82,92.85,1,27.45,7.72,7.88,3.71,6,6,0,1,29.1,33.9,24.1,3.99,6,19.52631579,2.368421053,8.11452334,0.7079932212,-0.0116661705,No,No,Normal,Safe,Stable
2024-06-18 16:00:00,June,262.82,92.85,1,27.45,7.72,7.88,3.71,6,6,0,2,29.1,33.9,24.1,3.99,6,19.57894737,2.105263158,8.089275752,0.7372496236,-0.01211571074,Yes,No,Normal,Safe,Stable
2024-06-18 17:00:00,June,262.82,92.85,1,27.45,7.72,7.88,3.71,6,6,0,4,29.1,33.9,24.1,3.99,6,19.63157895,1.842105263,8.064028164,0.7665060259,-0.01256525098,No,No,Normal,Safe,Stable
2024-06-18 18:00:00,June,262.82,92.85,1,27.45,7.72,7.88,3.71,6,6,0,2,29.1,33.9,24.1,3.99,6,19.68421053,1.578947368,8.038780576,0.7957624283,-0.01301479123,Yes,Yes,Normal,Safe,Stable
2024-06-18 19:00:00,June,262.82,92.85,1,27.45,7.72,7.88,3.71,6,6,0,4,29.1,33.9,24.1,3.99,6,19.73684211,1.315789474,8.013532987,0.8250188306,-0.01346433147,No,No,Normal,Safe,Stable
2024-06-18 20:00:00,June,262.82,92.85,1,27.45,7.72,7.88,3.71,6,6,0,5,29.1,33.9,24.1,3.99,6,19.78947368,1.052631579,7.988285399,0.854275233,-0.01391387171,Yes,No,Normal,Safe,Stable
2024-06-18 21:00:00,June,262.82,92.85,1,27.45,7.72,7.88,3.71,6,6,0,5,29.1,33.9,24.1,3.99,6,19.84210526,0.7894736842,7.963037811,0.8835316353,-0.01436341195,No,No,Normal,Safe,Stable
2024-06-18 22:00:00,June,262.82,92.85,1,27.45,7.72,7.88,3.71,6,6,0,2,29.1,33.9,24.1,3.99,6,19.89473684,0.5263157895,7.937790223,0.9127880377,-0.0148129522,Yes,No,Normal,Safe,Stable
2024-06-18 23:00:00,June,262.82,92.85,1,27.45,7.72,7.88,3.71,6,6,0,5,29.1,33.9,24.1,3.99,6,19.94736842,0.2631578947,7.912542634,0.94204444,-0.01526249244,No,No,Normal,Safe,Stable
2024-06-19 00:00:00,June,262.82,92.85,1,27.45,7.72,7.88,3.71,6,6,0,5,29.1,33.9,24.1,3.99,6,20,0,7.887295046,0.9713008424,-0.01571203268,Yes,Yes,Normal,Safe,Stable
2024-06-19 01:00:00,June,262.82,92.85,1,27.45,7.72,7.88,3.71,6,6,0,2,29.1,33.9,24.1,3.99,6,20,1,8.221541063,0.3184609595,0.4615509432,No,No,Normal,Safe,Stable
2024-06-19 02:00:00,June,262.82,92.85,1,27.45,7.72,7.88,3.71,6,6,0,5,29.1,33.9,24.1,3.99,6,20,2,8.149837339,0.3018016459,0.5118620886,Yes,No,Normal,Safe,Stable
2024-06-19 03:00:00,June,262.82,92.85,1,27.45,7.72,7.88,3.71,6,6,0,5,29.1,33.9,24.1,3.99,6,20,3,8.641592335,0.1720618031,0.851231952,No,No,Normal,Safe,Stable
2024-06-19 04:00:00,June,262.82,92.85,1,27.45,7.72,7.88,3.71,6,6,0,4,29.1,33.9,24.1,3.99,6,20,4,8.206193572,0.9650900674,0.001652721906,Yes,No,Normal,Safe,Stable
2024-06-19 05:00:00,June,262.82,92.85,1,27.45,7.72,7.88,3.71,6,6,0,6,29.1,33.9,24.1,3.99,6,20,5,7.992987457,0.3936922249,0.001905044153,No,No,Normal,Safe,Stable
2024-06-19 06:00:00,June,262.82,92.85,1,27.45,7.72,7.88,3.71,6,6,0,2,29.1,33.9,24.1,3.99,6,20.05263158,4.736842105,7.984057284,0.4246587179,0.002816915172,Yes,Yes,Normal,Safe,Stable
2024-06-19 07:00:00,June,262.82,92.85,1,27.45,7.72,7.88,3.71,6,6,1,1,29.1,33.9,24.1,3.99,6,20.10526316,4.473684211,7.975127112,0.4556252108,0.003728786192,No,No,Normal,Safe,Stable
2024-06-19 08:00:00,June,262.82,92.85,1,27.45,7.72,7.88,3.71,6,6,0,2,29.1,33.9,24.1,3.99,6,20.15789474,4.210526316,7.966196939,0.4865917038,0.004640657211,Yes,No,Normal,Safe,Stable
2024-06-19 09:00:00,June,262.82,92.85,1,27.45,7.72,7.88,3.71,6,6,1,4,29.1,33.9,24.1,3.99,6,20.21052632,3.947368421,7.957266767,0.5175581968,0.00555252823,No,No,Normal,Safe,Stable
2024-06-19 10:00:00,June,262.82,92.85,1,27.45,7.72,7.88,3.71,6,6,0,1,29.1,33.9,24.1,3.99,6,20.26315789,3.684210526,7.948336595,0.5485246898,0.006464399249,Yes,No,Normal,Safe,Stable
2024-06-19 11:00:00,June,262.82,92.85,1,27.45,7.72,7.88,3.71,6,6,0,5,29.1,33.9,24.1,3.99,6,20.31578947,3.421052632,7.939406422,0.5794911828,0.007376270268,No,No,Normal,Safe,Stable
2024-06-19 12:00:00,June,262.82,92.85,1,27.45,7.72,7.88,3.71,6,6,0,1,29.1,33.9,24.1,3.99,6,20.36842105,3.157894737,7.93047625,0.6104576758,0.008288141288,Yes,Yes,Normal,Safe,Stable
2024-06-19 13:00:00,June,262.82,92.85,1,27.45,7.72,7.88,3.71,6,6,0,5,29.1,33.9,24.1,3.99,6,20.42105263,2.894736842,7.921546077,0.6414241688,0.009200012307,No,No,Normal,Safe,Stable
2024-06-19 14:00:00,June,262.82,92.85,1,27.45,7.72,7.88,3.71,6,6,1,5,29.1,33.9,24.1,3.99,6,20.47368421,2.631578947,7.912615905,0.6723906618,0.01011188333,Yes,No,Normal,Safe,Stable
2024-06-19 15:00:00,June,262.82,92.85,1,27.45,7.72,7.88,3.71,6,6,0,4,29.1,33.9,24.1,3.99,6,20.52631579,2.368421053,7.903685732,0.7033571547,0.01102375435,No,No,Normal,Safe,Stable
2024-06-19 16:00:00,June,262.82,92.85,1,27.45,7.72,7.88,3.71,6,6,0,1,29.1,33.9,24.1,3.99,6,20.57894737,2.105263158,7.89475556,0.7343236477,0.01193562536,Yes,No,Normal,Safe,Stable
2024-06-19 17:00:00,June,262.82,92.85,1,27.45,7.72,7.88,3.71,6,6,0,2,29.1,33.9,24.1,3.99,6,20.63157895,1.842105263,7.885825387,0.7652901407,0.01284749638,No,No,Normal,Safe,Stable
2024-06-19 18:00:00,June,262.82,92.85,1,27.45,7.72,7.88,3.71,6,6,0,4,29.1,33.9,24.1,3.99,6,20.68421053,1.578947368,7.876895215,0.7962566337,0.0137593674,Yes,Yes,Normal,Safe,Stable
2024-06-19 19:00:00,June,262.82,92.85,1,27.45,7.72,7.88,3.71,6,6,0,4,29.1,33.9,24.1,3.99,6,20.73684211,1.315789474,7.867965042,0.8272231267,0.01467123842,No,No,Normal,Safe,Stable
2024-06-19 20:00:00,June,262.82,92.85,1,27.45,7.72,7.88,3.71,6,6,0,4,29.1,33.9,24.1,3.99,6,20.78947368,1.052631579,7.85903487,0.8581896197,0.01558310944,Yes,No,Normal,Safe,Stable
2024-06-19 21:00:00,June,262.82,92.85,1,27.45,7.72,7.88,3.71,6,6,0,1,29.1,33.9,24.1,3.99,6,20.84210526,0.7894736842,7.850104697,0.8891561127,0.01649498046,No,No,Normal,Safe,Stable
2024-06-19 22:00:00,June,262.82,92.85,1,27.45,7.72,7.88,3.71,6,6,0,4,29.1,33.9,24.1,3.99,6,20.89473684,0.5263157895,7.841174525,0.9201226056,0.01740685148,Yes,No,Normal,Safe,Stable
2024-06-19 23:00:00,June,262.82,92.85,1,27.45,7.72,7.88,3.71,6,6,0,2,29.1,33.9,24.1,3.99,6,20.94736842,0.2631578947,7.832244352,0.9510890986,0.0183187225,No,No,Normal,Safe,Stable
2024-06-20 00:00:00,June,262.82,92.85,1,27.45,7.72,7.88,3.71,6,6,0,5,29.1,33.9,24.1,3.99,6,21,0,7.82331418,0.9820555916,0.01923059352,Yes,Yes,Normal,Safe,Stable
2024-06-20 01:00:00,June,262.82,92.85,1,27.45,7.72,7.88,3.71,6,6,0,1,29.1,33.9,24.1,3.99,6,21,1,8.258363929,0.3204133865,0.1525088837,No,No,Normal,Safe,Stable
2024-06-20 02:00:00,June,262.82,92.85,1,27.45,7.72,7.88,3.71,6,6,0,4,29.1,33.9,24.1,3.99,6,21,2,7.757704334,0.9621691305,0.01405981469,Yes,No,Normal,Safe,Stable
2024-06-20 03:00:00,June,262.82,92.85,1,27.45,7.72,7.88,3.71,6,6,0,4,29.1,33.9,24.1,3.99,6,21,3,8.142498181,0.289156318,0.8700674905,No,No,Normal,Safe,Stable
2024-06-20 04:00:00,June,262.82,92.85,1,27.45,7.72,7.88,3.71,6,6,0,1,29.1,33.9,24.1,3.99,6,21,4,8.40615693,0.2531249253,0.8727190674,Yes,No,Normal,Safe,Stable
2024-06-20 05:00:00,June,262.82,92.85,1,27.45,7.72,7.88,3.71,6,6,1,5,29.1,33.9,24.1,3.99,6,21,5,8.453212415,0.3883714275,-0.009223675405,No,No,Normal,Safe,Stable
2024-06-20 06:00:00,June,262.82,92.85,1,27.45,7.72,7.88,3.71,6,6,0,1,29.1,33.9,24.1,3.99,6,21.05263158,4.736842105,8.444216412,0.3896750543,-0.00794287815,Yes,Yes,Normal,Safe,Stable
2024-06-20 07:00:00,June,262.82,92.85,1,27.45,7.72,7.88,3.71,6,6,1,4,29.1,33.9,24.1,3.99,6,21.10526316,4.473684211,8.435220408,0.390978681,-0.006662080895,No,No,Normal,Safe,Stable
2024-06-20 08:00:00,June,262.82,92.85,1,27.45,7.72,7.88,3.71,6,6,0,1,29.1,33.9,24.1,3.99,6,21.15789474,4.210526316,8.426224405,0.3922823078,-0.005381283639,Yes,No,Normal,Safe,Stable
2024-06-20 09:00:00,June,262.82,92.85,1,27.45,7.72,7.88,3.71,6,6,0,4,29.1,33.9,24.1,3.99,6,21.21052632,3.947368421,8.417228401,0.3935859345,-0.004100486384,No,No,Normal,Safe,Stable
2024-06-20 10:00:00,June,262.82,92.85,1,27.45,7.72,7.88,3.71,6,6,0,2,29.1,33.9,24.1,3.99,6,21.26315789,3.684210526,8.408232398,0.3948895613,-0.002819689128,Yes,No,Normal,Safe,Stable
2024-06-20 11:00:00,June,262.82,92.85,1,27.45,7.72,7.88,3.71,6,6,0,4,29.1,33.9,24.1,3.99,6,21.31578947,3.421052632,8.399236394,0.3961931881,-0.001538891873,No,No,Normal,Safe,Stable
2024-06-20 12:00:00,June,262.82,92.85,1,27.45,7.72,7.88,3.71,6,6,0,1,29.1,33.9,24.1,3.99,6,21.36842105,3.157894737,8.39024039,0.3974968148,-0.0002580946172,Yes,Yes,Normal,Safe,Stable
2024-06-20 13:00:00,June,262.82,92.85,1,27.45,7.72,7.88,3.71,6,6,0,5,29.1,33.9,24.1,3.99,6,21.42105263,2.894736842,8.381244387,0.3988004416,0.001022702638,No,No,Normal,Safe,Stable
2024-06-20 14:00:00,June,262.82,92.85,1,27.45,7.72,7.88,3.71,6,6,0,2,29.1,33.9,24.1,3.99,6,21.47368421,2.631578947,8.372248383,0.4001040683,0.002303499894,Yes,No,Normal,Safe,Stable
2024-06-20 15:00:00,June,262.82,92.85,1,27.45,7.72,7.88,3.71,6,6,1,5,29.1,33.9,24.1,3.99,6,21.52631579,2.368421053,8.36325238,0.4014076951,0.003584297149,No,No,Normal,Safe,Stable
2024-06-20 16:00:00,June,262.82,92.85,1,27.45,7.72,7.88,3.71,6,6,0,5,29.1,33.9,24.1,3.99,6,21.57894737,2.105263158,8.354256376,0.4027113219,0.004865094405,Yes,No,Normal,Safe,Stable
2024-06-20 17:00:00,June,262.82,92.85,1,27.45,7.72,7.88,3.71,6,6,0,6,29.1,33.9,24.1,3.99,6,21.63157895,1.842105263,8.345260373,0.4040149486,0.00614589166,No,No,Normal,Safe,Stable
2024-06-20 18:00:00,June,262.82,92.85,1,27.45,7.72,7.88,3.71,6,6,0,4,29.1,33.9,24.1,3.99,6,21.68421053,1.578947368,8.336264369,0.4053185754,0.007426688916,Yes,Yes,Normal,Safe,Stable
2024-06-20 19:00:00,June,262.82,92.85,1,27.45,7.72,7.88,3.71,6,6,0,5,29.1,33.9,24.1,3.99,6,21.73684211,1.315789474,8.327268366,0.4066222021,0.008707486171,No,No,Normal,Safe,Stable
2024-06-20 20:00:00,June,262.82,92.85,1,27.45,7.72,7.88,3.71,6,6,0,5,29.1,33.9,24.1,3.99,6,21.78947368,1.052631579,8.318272362,0.4079258289,0.009988283426,Yes,No,Normal,Safe,Stable
2024-06-20 21:00:00,June,262.82,92.85,1,27.45,7.72,7.88,3.71,6,6,0,5,29.1,33.9,24.1,3.99,6,21.84210526,0.7894736842,8.309276358,0.4092294557,0.01126908068,No,No,Normal,Safe,Stable
2024-06-20 22:00:00,June,262.82,92.85,1,27.45,7.72,7.88,3.71,6,6,1,2,29.1,33.9,24.1,3.99,6,21.89473684,0.5263157895,8.300280355,0.4105330824,0.01254987794,Yes,No,Normal,Safe,Stable
2024-06-20 23:00:00,June,262.82,92.85,1,27.45,7.72,7.88,3.71,6,6,0,4,29.1,33.9,24.1,3.99,6,21.94736842,0.2631578947,8.291284351,0.4118367092,0.01383067519,No,No,Normal,Safe,Stable
2024-06-21 00:00:00,June,262.82,92.85,1,27.45,7.72,7.88,3.71,6,6,0,2,29.1,33.9,24.1,3.99,6,22,0,8.282288348,0.4131403359,0.01511147245,Yes,Yes,Normal,Safe,Stable
2024-06-21 01:00:00,June,262.82,92.85,1,27.45,7.72,7.88,3.71,6,6,0,4,29.1,33.9,24.1,3.99,6,22,1,7.663130551,0.98247553,-0.01723179528,No,No,Normal,Safe,Stable
2024-06-21 02:00:00,June,262.82,92.85,1,27.45,7.72,7.88,3.71,6,6,0,5,29.1,33.9,24.1,3.99,6,22,2,8.209509818,0.3705481281,0.4442586085,Yes,No,Normal,Safe,Stable
2024-06-21 03:00:00,June,262.82,92.85,1,27.45,7.72,7.88,3.71,6,6,0,2,29.1,33.9,24.1,3.99,6,22,3,7.863936196,0.9620465452,0.008552783738,No,No,Normal,Safe,Stable
2024-06-21 04:00:00,June,262.82,92.85,1,27.45,7.72,7.88,3.71,6,6,0,4,29.1,33.9,24.1,3.99,6,22,4,8.491888113,0.3204403891,0.8464669419,Yes,No,Normal,Safe,Stable
2024-06-21 05:00:00,June,262.82,92.85,1,27.45,7.72,7.88,3.71,6,6,0,5,29.1,33.9,24.1,3.99,6,22,5,8.019495788,0.3998864193,0.006768299253,No,No,Normal,Safe,Stable
2024-06-21 06:00:00,June,262.82,92.85,1,27.45,7.72,7.88,3.71,6,6,0,6,29.1,33.9,24.1,3.99,6,22.05263158,4.736842105,8.032602827,0.397944212,0.007977407171,Yes,Yes,Normal,Safe,Stable
2024-06-21 07:00:00,June,262.82,92.85,1,27.45,7.72,7.88,3.71,6,6,0,2,29.1,33.9,24.1,3.99,6,22.10526316,4.473684211,8.045709866,0.3960020047,0.009186515088,No,No,Normal,Safe,Stable
2024-06-21 08:00:00,June,262.82,92.85,1,27.45,7.72,7.88,3.71,6,6,0,5,29.1,33.9,24.1,3.99,6,22.15789474,4.210526316,8.058816904,0.3940597974,0.01039562301,Yes,No,Normal,Safe,Stable
2024-06-21 09:00:00,June,262.82,92.85,1,27.45,7.72,7.88,3.71,6,6,0,5,29.1,33.9,24.1,3.99,6,22.21052632,3.947368421,8.071923943,0.3921175901,0.01160473092,No,No,Normal,Safe,Stable
2024-06-21 10:00:00,June,262.82,92.85,1,27.45,7.72,7.88,3.71,6,6,0,4,29.1,33.9,24.1,3.99,6,22.26315789,3.684210526,8.085030982,0.3901753828,0.01281383884,Yes,No,Normal,Safe,Stable
2024-06-21 11:00:00,June,262.82,92.85,1,27.45,7.72,7.88,3.71,6,6,0,5,29.1,33.9,24.1,3.99,6,22.31578947,3.421052632,8.098138021,0.3882331756,0.01402294676,No,No,Normal,Safe,Stable
2024-06-21 12:00:00,June,262.82,92.85,1,27.45,7.72,7.88,3.71,6,6,0,4,29.1,33.9,24.1,3.99,6,22.36842105,3.157894737,8.11124506,0.3862909683,0.01523205468,Yes,Yes,Normal,Safe,Stable
2024-06-21 13:00:00,June,262.82,92.85,1,27.45,7.72,7.88,3.71,6,6,0,6,29.1,33.9,24.1,3.99,6,22.42105263,2.894736842,8.124352099,0.384348761,0.01644116259,No,No,Normal,Safe,Stable
2024-06-21 14:00:00,June,262.82,92.85,1,27.45,7.72,7.88,3.71,6,6,1,1,29.1,33.9,24.1,3.99,6,22.47368421,2.631578947,8.137459137,0.3824065537,0.01765027051,Yes,No,Normal,Safe,Stable
2024-06-21 15:00:00,June,262.82,92.85,1,27.45,7.72,7.88,3.71,6,6,1,1,29.1,33.9,24.1,3.99,6,22.52631579,2.368421053,8.150566176,0.3804643464,0.01885937843,No,No,Normal,Safe,Stable
2024-06-21 16:00:00,June,262.82,92.85,1,27.45,7.72,7.88,3.71,6,6,0,4,29.1,33.9,24.1,3.99,6,22.57894737,2.105263158,8.163673215,0.3785221391,0.02006848635,Yes,No,Normal,Safe,Stable
2024-06-21 17:00:00,June,262.82,92.85,1,27.45,7.72,7.88,3.71,6,6,0,4,29.1,33.9,24.1,3.99,6,22.63157895,1.842105263,8.176780254,0.3765799319,0.02127759426,No,No,Normal,Safe,Stable
2024-06-21 18:00:00,June,262.82,92.85,1,27.45,7.72,7.88,3.71,6,6,0,1,29.1,33.9,24.1,3.99,6,22.68421053,1.578947368,8.189887293,0.3746377246,0.02248670218,Yes,Yes,Normal,Safe,Stable
2024-06-21 19:00:00,June,262.82,92.85,1,27.45,7.72,7.88,3.71,6,6,0,4,29.1,33.9,24.1,3.99,6,22.73684211,1.315789474,8.202994331,0.3726955173,0.0236958101,No,No,Normal,Safe,Stable
2024-06-21 20:00:00,June,262.82,92.85,1,27.45,7.72,7.88,3.71,6,6,0,5,29.1,33.9,24.1,3.99,6,22.78947368,1.052631579,8.21610137,0.37075331,0.02490491802,Yes,No,Normal,Safe,Stable
2024-06-21 21:00:00,June,262.82,92.85,1,27.45,7.72,7.88,3.71,6,6,0,4,29.1,33.9,24.1,3.99,6,22.84210526,0.7894736842,8.229208409,0.3688111027,0.02611402593,No,No,Normal,Safe,Stable
2024-06-21 22:00:00,June,262.82,92.85,1,27.45,7.72,7.88,3.71,6,6,0,5,29.1,33.9,24.1,3.99,6,22.89473684,0.5263157895,8.242315448,0.3668688954,0.02732313385,Yes,No,Normal,Safe,Stable
2024-06-21 23:00:00,June,262.82,92.85,1,27.45,7.72,7.88,3.71,6,6,1,1,29.1,33.9,24.1,3.99,6,22.94736842,0.2631578947,8.255422487,0.3649266881,0.02853224177,No,No,Normal,Safe,Stable
2024-06-22 00:00:00,June,262.82,92.85,1,27.45,7.72,7.88,3.71,6,6,0,6,29.1,33.9,24.1,3.99,6,23,0,8.268529526,0.3629844809,0.02974134969,Yes,Yes,Normal,Safe,Stable
2024-06-22 01:00:00,June,262.82,92.85,1,27.45,7.72,7.88,3.71,6,6,0,2,29.1,33.9,24.1,3.99,6,23,1,8.128568055,0.3307510722,0.1219357955,No,No,Normal,Safe,Stable
2024-06-22 02:00:00,June,262.82,92.85,1,27.45,7.72,7.88,3.71,6,6,1,5,29.1,33.9,24.1,3.99,6,23,2,7.79848622,0.9596628308,0.03835023683,Yes,No,Normal,Safe,Stable
2024-06-22 03:00:00,June,262.82,92.85,1,27.45,7.72,7.88,3.71,6,6,0,1,29.1,33.9,24.1,3.99,6,23,3,8.469692455,0.2904182069,0.8748293868,No,No,Normal,Safe,Stable
2024-06-22 04:00:00,June,262.82,92.85,1,27.45,7.72,7.88,3.71,6,6,1,5,29.1,33.9,24.1,3.99,6,23,4,8.31281575,0.3158400438,0.8377454371,Yes,No,Normal,Safe,Stable
2024-06-22 05:00:00,June,262.82,92.85,1,27.45,7.72,7.88,3.71,6,6,0,5,29.1,33.9,24.1,3.99,6,23,5,8.247647631,0.3791789906,-0.007944975485,No,No,Normal,Safe,Stable
2024-06-22 06:00:00,June,262.82,92.85,1,27.45,7.72,7.88,3.71,6,6,0,4,29.1,33.9,24.1,3.99,6,23.05263158,4.736842105,8.25581862,0.38109845,-0.008579711623,Yes,Yes,Normal,Safe,Stable
2024-06-22 07:00:00,June,262.82,92.85,1,27.45,7.72,7.88,3.71,6,6,0,6,29.1,33.9,24.1,3.99,6,23.10526316,4.473684211,8.263989609,0.3830179094,-0.00921444776,No,No,Normal,Safe,Stable
2024-06-22 08:00:00,June,262.82,92.85,1,27.45,7.72,7.88,3.71,6,6,0,2,29.1,33.9,24.1,3.99,6,23.15789474,4.210526316,8.272160599,0.3849373687,-0.009849183898,Yes,No,Normal,Safe,Stable
2024-06-22 09:00:00,June,262.82,92.85,1,27.45,7.72,7.88,3.71,6,6,0,4,29.1,33.9,24.1,3.99,6,23.21052632,3.947368421,8.280331588,0.3868568281,-0.01048392004,No,No,Normal,Safe,Stable
2024-06-22 10:00:00,June,262.82,92.85,1,27.45,7.72,7.88,3.71,6,6,0,1,29.1,33.9,24.1,3.99,6,23.26315789,3.684210526,8.288502577,0.3887762875,-0.01111865617,Yes,No,Normal,Safe,Stable
2024-06-22 11:00:00,June,262.82,92.85,1,27.45,7.72,7.88,3.71,6,6,0,2,29.1,33.9,24.1,3.99,6,23.31578947,3.421052632,8.296673566,0.3906957469,-0.01175339231,No,No,Normal,Safe,Stable
2024-06-22 12:00:00,June,262.82,92.85,1,27.45,7.72,7.88,3.71,6,6,0,5,29.1,33.9,24.1,3.99,6,23.36842105,3.157894737,8.304844555,0.3926152063,-0.01238812845,Yes,Yes,Normal,Safe,Stable
2024-06-22 13:00:00,June,262.82,92.85,1,27.45,7.72,7.88,3.71,6,6,1,6,29.1,33.9,24.1,3.99,6,23.42105263,2.894736842,8.313015544,0.3945346657,-0.01302286459,No,No,Normal,Safe,Stable
2024-06-22 14:00:00,June,262.82,92.85,1,27.45,7.72,7.88,3.71,6,6,0,2,29.1,33.9,24.1,3.99,6,23.47368421,2.631578947,8.321186533,0.3964541251,-0.01365760073,Yes,No,Normal,Safe,Stable
2024-06-22 15:00:00,June,262.82,92.85,1,27.45,7.72,7.88,3.71,6,6,0,4,29.1,33.9,24.1,3.99,6,23.52631579,2.368421053,8.329357522,0.3983735845,-0.01429233686,No,No,Normal,Safe,Stable
2024-06-22 16:00:00,June,262.82,92.85,1,27.45,7.72,7.88,3.71,6,6,0,5,29.1,33.9,24.1,3.99,6,23.57894737,2.105263158,8.337528511,0.4002930438,-0.014927073,Yes,No,Normal,Safe,Stable
2024-06-22 17:00:00,June,262.82,92.85,1,27.45,7.72,7.88,3.71,6,6,0,5,29.1,33.9,24.1,3.99,6,23.63157895,1.842105263,8.3456995,0.4022125032,-0.01556180914,No,No,Normal,Safe,Stable
2024-06-22 18:00:00,June,262.82,92.85,1,27.45,7.72,7.88,3.71,6,6,1,5,29.1,33.9,24.1,3.99,6,23.68421053,1.578947368,8.353870489,0.4041319626,-0.01619654528,Yes,Yes,Normal,Safe,Stable
2024-06-22 19:00:00,June,262.82,92.85,1,27.45,7.72,7.88,3.71,6,6,0,1,29.1,33.9,24.1,3.99,6,23.73684211,1.315789474,8.362041478,0.406051422,-0.01683128142,No,No,Normal,Safe,Stable
2024-06-22 20:00:00,June,262.82,92.85,1,27.45,7.72,7.88,3.71,6,6,1,1,29.1,33.9,24.1,3.99,6,23.78947368,1.052631579,8.370212467,0.4079708814,-0.01746601755,Yes,No,Normal,Safe,Stable
2024-06-22 21:00:00,June,262.82,92.85,1,27.45,7.72,7.88,3.71,6,6,0,2,29.1,33.9,24.1,3.99,6,23.84210526,0.7894736842,8.378383456,0.4098903408,-0.01810075369,No,No,Normal,Safe,Stable
2024-06-22 22:00:00,June,262.82,92.85,1,27.45,7.72,7.88,3.71,6,6,0,2,29.1,33.9,24.1,3.99,6,23.89473684,0.5263157895,8.386554445,0.4118098002,-0.01873548983,Yes,No,Normal,Safe,Stable
2024-06-22 23:00:00,June,262.82,92.85,1,27.45,7.72,7.88,3.71,6,6,1,5,29.1,33.9,24.1,3.99,6,23.94736842,0.2631578947,8.394725434,0.4137292596,-0.01937022597,No,No,Normal,Safe,Stable
2024-06-23 00:00:00,June,262.82,92.85,1,27.45,7.72,7.88,3.71,6,6,0,5,29.1,33.9,24.1,3.99,6,24,0,8.402896423,0.4156487189,-0.0200049621,Yes,Yes,Normal,Safe,Stable
2024-06-23 01:00:00,June,262.82,92.85,1,27.45,7.72,7.88,3.71,6,6,0,1,29.1,33.9,24.1,3.99,6,24,1,8.074068171,0.3179566279,0.1289255205,No,No,Normal,Safe,Stable
2024-06-23 02:00:00,June,262.82,92.85,1,27.45,7.72,7.88,3.71,6,6,0,2,29.1,33.9,24.1,3.99,6,24,2,7.963570436,0.9802371069,-0.00813297563,Yes,No,Normal,Safe,Stable
2024-06-23 03:00:00,June,262.82,92.85,1,27.45,7.72,7.88,3.71,6,6,0,5,29.1,33.9,24.1,3.99,6,24,3,8.28793656,0.2208030712,0.8648046285,No,No,Normal,Safe,Stable
2024-06-23 04:00:00,June,262.82,92.85,1,27.45,7.72,7.88,3.71,6,6,1,5,29.1,33.9,24.1,3.99,6,24,4,7.841796885,0.9749150123,0.005946021973,Yes,No,Normal,Safe,Stable
2024-06-23 05:00:00,June,262.82,92.85,1,27.45,7.72,7.88,3.71,6,6,0,1,29.1,33.9,24.1,3.99,6,24,5,8.593336285,0.4036337235,0.01792776499,No,No,Normal,Safe,Stable
2024-06-23 06:00:00,June,262.82,92.85,1,27.45,7.72,7.88,3.71,6,6,0,2,29.1,33.9,24.1,3.99,6,24.05263158,4.736842105,8.558755375,0.4363775215,0.01640860738,Yes,Yes,Normal,Safe,Stable
2024-06-23 07:00:00,June,262.82,92.85,1,27.45,7.72,7.88,3.71,6,6,0,4,29.1,33.9,24.1,3.99,6,24.10526316,4.473684211,8.524174466,0.4691213195,0.01488944978,No,No,Normal,Safe,Stable
2024-06-23 08:00:00,June,262.82,92.85,1,27.45,7.72,7.88,3.71,6,6,0,4,29.1,33.9,24.1,3.99,6,24.15789474,4.210526316,8.489593556,0.5018651174,0.01337029217,Yes,No,Normal,Safe,Stable
2024-06-23 09:00:00,June,262.82,92.85,1,27.45,7.72,7.88,3.71,6,6,0,2,29.1,33.9,24.1,3.99,6,24.21052632,3.947368421,8.455012646,0.5346089154,0.01185113456,No,No,Normal,Safe,Stable
2024-06-23 10:00:00,June,262.82,92.85,1,27.45,7.72,7.88,3.71,6,6,0,4,29.1,33.9,24.1,3.99,6,24.26315789,3.684210526,8.420431736,0.5673527134,0.01033197695,Yes,No,Normal,Safe,Stable
2024-06-23 11:00:00,June,262.82,92.85,1,27.45,7.72,7.88,3.71,6,6,1,4,29.1,33.9,24.1,3.99,6,24.31578947,3.421052632,8.385850826,0.6000965114,0.008812819345,No,No,Normal,Safe,Stable
2024-06-23 12:00:00,June,262.82,92.85,1,27.45,7.72,7.88,3.71,6,6,0,6,29.1,33.9,24.1,3.99,6,24.36842105,3.157894737,8.351269916,0.6328403094,0.007293661737,Yes,Yes,Normal,Safe,Stable
2024-06-23 13:00:00,June,262.82,92.85,1,27.45,7.72,7.88,3.71,6,6,1,1,29.1,33.9,24.1,3.99,6,24.42105263,2.894736842,8.316689007,0.6655841074,0.005774504129,No,No,Normal,Safe,Stable
2024-06-23 14:00:00,June,262.82,92.85,1,27.45,7.72,7.88,3.71,6,6,1,5,29.1,33.9,24.1,3.99,6,24.47368421,2.631578947,8.282108097,0.6983279053,0.004255346521,Yes,No,Normal,Safe,Stable
2024-06-23 15:00:00,June,262.82,92.85,1,27.45,7.72,7.88,3.71,6,6,0,5,29.1,33.9,24.1,3.99,6,24.52631579,2.368421053,8.247527187,0.7310717033,0.002736188913,No,No,Normal,Safe,Stable
2024-06-23 16:00:00,June,262.82,92.85,1,27.45,7.72,7.88,3.71,6,6,1,2,29.1,33.9,24.1,3.99,6,24.57894737,2.105263158,8.212946277,0.7638155013,0.001217031305,Yes,No,Normal,Safe,Stable
2024-06-23 17:00:00,June,262.82,92.85,1,27.45,7.72,7.88,3.71,6,6,1,5,29.1,33.9,24.1,3.99,6,24.63157895,1.842105263,8.178365367,0.7965592993,-0.0003021263029,No,No,Normal,Safe,Stable
2024-06-23 18:00:00,June,262.82,92.85,1,27.45,7.72,7.88,3.71,6,6,0,5,29.1,33.9,24.1,3.99,6,24.68421053,1.578947368,8.143784457,0.8293030973,-0.001821283911,Yes,Yes,Normal,Safe,Stable
2024-06-23 19:00:00,June,262.82,92.85,1,27.45,7.72,7.88,3.71,6,6,1,5,29.1,33.9,24.1,3.99,6,24.73684211,1.315789474,8.109203548,0.8620468953,-0.003340441519,No,No,Normal,Safe,Stable
2024-06-23 20:00:00,June,262.82,92.85,1,27.45,7.72,7.88,3.71,6,6,0,5,29.1,33.9,24.1,3.99,6,24.78947368,1.052631579,8.074622638,0.8947906932,-0.004859599127,Yes,No,Normal,Safe,Stable
2024-06-23 21:00:00,June,262.82,92.85,1,27.45,7.72,7.88,3.71,6,6,0,2,29.1,33.9,24.1,3.99,6,24.84210526,0.7894736842,8.040041728,0.9275344912,-0.006378756735,No,No,Normal,Safe,Stable
2024-06-23 22:00:00,June,262.82,92.85,1,27.45,7.72,7.88,3.71,6,6,0,6,29.1,33.9,24.1,3.99,6,24.89473684,0.5263157895,8.005460818,0.9602782892,-0.007897914343,Yes,No,Normal,Safe,Stable
2024-06-23 23:00:00,June,262.82,92.85,1,27.45,7.72,7.88,3.71,6,6,0,4,29.1,33.9,24.1,3.99,6,24.94736842,0.2631578947,7.970879908,0.9930220872,-0.009417071951,No,No,Normal,Safe,Stable
2024-06-24 00:00:00,June,262.82,92.85,1,27.45,7.72,7.88,3.71,6,6,0,2,29.1,33.9,24.1,3.99,6,25,0,7.936298998,1.025765885,-0.01093622956,Yes,Yes,Normal,Safe,Stable
2024-06-24 01:00:00,June,262.82,92.85,1,27.45,7.72,7.88,3.71,6,6,0,4,29.1,33.9,24.1,3.99,6,25,1,8.208056298,0.3499840093,0.4268003934,No,No,Normal,Safe,Stable
2024-06-24 02:00:00,June,262.82,92.85,1,27.45,7.72,7.88,3.71,6,6,0,5,29.1,33.9,24.1,3.99,6,25,2,7.809096781,0.962487838,0.001789983734,Yes,No,Normal,Safe,Stable
2024-06-24 03:00:00,June,262.82,92.85,1,27.45,7.72,7.88,3.71,6,6,0,1,29.1,33.9,24.1,3.99,6,25,3,8.334806966,0.2284163153,0.8523353223,No,No,Normal,Safe,Stable
2024-06-24 04:00:00,June,262.82,92.85,1,27.45,7.72,7.88,3.71,6,6,0,5,29.1,33.9,24.1,3.99,6,25,4,8.246584804,0.2501215769,0.9530841017,Yes,No,Normal,Safe,Stable
2024-06-24 05:00:00,June,262.82,92.85,1,27.45,7.72,7.88,3.71,6,6,0,2,29.1,33.9,24.1,3.99,6,25,5,8.254100755,0.3817403487,-0.0130272869,No,No,Normal,Safe,Stable
2024-06-24 06:00:00,June,262.82,92.85,1,27.45,7.72,7.88,3.71,6,6,0,4,29.1,33.9,24.1,3.99,6,25.05263158,4.736842105,8.23723581,0.4122875267,-0.01269427216,Yes,Yes,Normal,Safe,Stable
2024-06-24 07:00:00,June,262.82,92.85,1,27.45,7.72,7.88,3.71,6,6,0,1,29.1,33.9,24.1,3.99,6,25.10526316,4.473684211,8.220370865,0.4428347047,-0.01236125742,No,No,Normal,Safe,Stable
2024-06-24 08:00:00,June,262.82,92.85,1,27.45,7.72,7.88,3.71,6,6,0,5,29.1,33.9,24.1,3.99,6,25.15789474,4.210526316,8.20350592,0.4733818827,-0.01202824268,Yes,No,Normal,Safe,Stable
2024-06-24 09:00:00,June,262.82,92.85,1,27.45,7.72,7.88,3.71,6,6,0,4,29.1,33.9,24.1,3.99,6,25.21052632,3.947368421,8.186640975,0.5039290607,-0.01169522794,No,No,Normal,Safe,Stable
2024-06-24 10:00:00,June,262.82,92.85,1,27.45,7.72,7.88,3.71,6,6,0,2,29.1,33.9,24.1,3.99,6,25.26315789,3.684210526,8.16977603,0.5344762388,-0.0113622132,Yes,No,Normal,Safe,Stable
2024-06-24 11:00:00,June,262.82,92.85,1,27.45,7.72,7.88,3.71,6,6,0,2,29.1,33.9,24.1,3.99,6,25.31578947,3.421052632,8.152911085,0.5650234168,-0.01102919845,No,No,Normal,Safe,Stable
2024-06-24 12:00:00,June,262.82,92.85,1,27.45,7.72,7.88,3.71,6,6,0,4,29.1,33.9,24.1,3.99,6,25.36842105,3.157894737,8.136046141,0.5955705948,-0.01069618371,Yes,Yes,Normal,Safe,Stable
2024-06-24 13:00:00,June,262.82,92.85,1,27.45,7.72,7.88,3.71,6,6,0,4,29.1,33.9,24.1,3.99,6,25.42105263,2.894736842,8.119181196,0.6261177728,-0.01036316897,No,No,Normal,Safe,Stable
2024-06-24 14:00:00,June,262.82,92.85,1,27.45,7.72,7.88,3.71,6,6,0,6,29.1,33.9,24.1,3.99,6,25.47368421,2.631578947,8.102316251,0.6566649508,-0.01003015423,Yes,No,Normal,Safe,Stable
2024-06-24 15:00:00,June,262.82,92.85,1,27.45,7.72,7.88,3.71,6,6,1,5,29.1,33.9,24.1,3.99,6,25.52631579,2.368421053,8.085451306,0.6872121288,-0.009697139488,No,No,Normal,Safe,Stable
2024-06-24 16:00:00,June,262.82,92.85,1,27.45,7.72,7.88,3.71,6,6,1,4,29.1,33.9,24.1,3.99,6,25.57894737,2.105263158,8.068586361,0.7177593068,-0.009364124746,Yes,No,Normal,Safe,Stable
2024-06-24 17:00:00,June,262.82,92.85,1,27.45,7.72,7.88,3.71,6,6,0,5,29.1,33.9,24.1,3.99,6,25.63157895,1.842105263,8.051721416,0.7483064849,-0.009031110004,No,No,Normal,Safe,Stable
2024-06-24 18:00:00,June,262.82,92.85,1,27.45,7.72,7.88,3.71,6,6,0,6,29.1,33.9,24.1,3.99,6,25.68421053,1.578947368,8.034856471,0.7788536629,-0.008698095263,Yes,Yes,Normal,Safe,Stable
2024-06-24 19:00:00,June,262.82,92.85,1,27.45,7.72,7.88,3.71,6,6,0,5,29.1,33.9,24.1,3.99,6,25.73684211,1.315789474,8.017991526,0.8094008409,-0.008365080521,No,No,Normal,Safe,Stable
2024-06-24 20:00:00,June,262.82,92.85,1,27.45,7.72,7.88,3.71,6,6,0,1,29.1,33.9,24.1,3.99,6,25.78947368,1.052631579,8.001126581,0.8399480189,-0.00803206578,Yes,No,Normal,Safe,Stable
2024-06-24 21:00:00,June,262.82,92.85,1,27.45,7.72,7.88,3.71,6,6,0,5,29.1,33.9,24.1,3.99,6,25.84210526,0.7894736842,7.984261636,0.8704951969,-0.007699051038,No,No,Normal,Safe,Stable
2024-06-24 22:00:00,June,262.82,92.85,1,27.45,7.72,7.88,3.71,6,6,1,5,29.1,33.9,24.1,3.99,6,25.89473684,0.5263157895,7.967396691,0.9010423749,-0.007366036296,Yes,No,Normal,Safe,Stable
2024-06-24 23:00:00,June,262.82,92.85,1,27.45,7.72,7.88,3.71,6,6,1,4,29.1,33.9,24.1,3.99,6,25.94736842,0.2631578947,7.950531746,0.9315895529,-0.007033021555,No,No,Normal,Safe,Stable
2024-06-25 00:00:00,June,262.82,92.85,1,27.45,7.72,7.88,3.71,6,6,0,5,29.1,33.9,24.1,3.99,6,26,0,7.933666801,0.962136731,-0.006700006813,Yes,Yes,Normal,Safe,Stable
2024-06-25 01:00:00,June,262.82,92.85,1,27.45,7.72,7.88,3.71,6,6,0,6,29.1,33.9,24.1,3.99,6,26,1,8.178617897,0.9808235621,-0.009055305474,No,No,Normal,Safe,Stable
2024-06-25 02:00:00,June,262.82,92.85,1,27.45,7.72,7.88,3.71,6,6,0,5,29.1,33.9,24.1,3.99,6,26,2,8.332846576,0.3374237967,0.4499197744,Yes,No,Normal,Safe,Stable
2024-06-25 03:00:00,June,262.82,92.85,1,27.45,7.72,7.88,3.71,6,6,0,6,29.1,33.9,24.1,3.99,6,26,3,8.332246717,0.2900499577,0.8478925694,No,No,Normal,Safe,Stable
2024-06-25 04:00:00,June,262.82,92.85,1,27.45,7.72,7.88,3.71,6,6,0,5,29.1,33.9,24.1,3.99,6,26,4,8.175345333,0.3147255351,0.9561074331,Yes,No,Normal,Safe,Stable
2024-06-25 05:00:00,June,262.82,92.85,1,27.45,7.72,7.88,3.71,6,6,0,4,29.1,33.9,24.1,3.99,6,26,5,8.407606829,0.3753403437,0.00774439166,No,No,Normal,Safe,Stable
2024-06-25 06:00:00,June,262.82,92.85,1,27.45,7.72,7.88,3.71,6,6,0,5,29.1,33.9,24.1,3.99,6,26.05263158,4.736842105,8.393880858,0.3776615239,0.008675080424,Yes,Yes,Normal,Safe,Stable
2024-06-25 07:00:00,June,262.82,92.85,1,27.45,7.72,7.88,3.71,6,6,0,6,29.1,33.9,24.1,3.99,6,26.10526316,4.473684211,8.380154886,0.379982704,0.009605769188,No,No,Normal,Safe,Stable
2024-06-25 08:00:00,June,262.82,92.85,1,27.45,7.72,7.88,3.71,6,6,0,4,29.1,33.9,24.1,3.99,6,26.15789474,4.210526316,8.366428915,0.3823038842,0.01053645795,Yes,No,Normal,Safe,Stable
2024-06-25 09:00:00,June,262.82,92.85,1,27.45,7.72,7.88,3.71,6,6,1,4,29.1,33.9,24.1,3.99,6,26.21052632,3.947368421,8.352702943,0.3846250643,0.01146714672,No,No,Normal,Safe,Stable
2024-06-25 10:00:00,June,262.82,92.85,1,27.45,7.72,7.88,3.71,6,6,0,2,29.1,33.9,24.1,3.99,6,26.26315789,3.684210526,8.338976972,0.3869462445,0.01239783548,Yes,No,Normal,Safe,Stable
2024-06-25 11:00:00,June,262.82,92.85,1,27.45,7.72,7.88,3.71,6,6,0,2,29.1,33.9,24.1,3.99,6,26.31578947,3.421052632,8.325251,0.3892674246,0.01332852425,No,No,Normal,Safe,Stable
2024-06-25 12:00:00,June,262.82,92.85,1,27.45,7.72,7.88,3.71,6,6,1,5,29.1,33.9,24.1,3.99,6,26.36842105,3.157894737,8.311525029,0.3915886047,0.01425921301,Yes,Yes,Normal,Safe,Stable
2024-06-25 13:00:00,June,262.82,92.85,1,27.45,7.72,7.88,3.71,6,6,1,5,29.1,33.9,24.1,3.99,6,26.42105263,2.894736842,8.297799058,0.3939097849,0.01518990177,No,No,Normal,Safe,Stable
2024-06-25 14:00:00,June,262.82,92.85,1,27.45,7.72,7.88,3.71,6,6,0,2,29.1,33.9,24.1,3.99,6,26.47368421,2.631578947,8.284073086,0.396230965,0.01612059054,Yes,No,Normal,Safe,Stable
2024-06-25 15:00:00,June,262.82,92.85,1,27.45,7.72,7.88,3.71,6,6,0,1,29.1,33.9,24.1,3.99,6,26.52631579,2.368421053,8.270347115,0.3985521452,0.0170512793,No,No,Normal,Safe,Stable
2024-06-25 16:00:00,June,262.82,92.85,1,27.45,7.72,7.88,3.71,6,6,1,2,29.1,33.9,24.1,3.99,6,26.57894737,2.105263158,8.256621143,0.4008733253,0.01798196807,Yes,No,Normal,Safe,Stable
2024-06-25 17:00:00,June,262.82,92.85,1,27.45,7.72,7.88,3.71,6,6,0,4,29.1,33.9,24.1,3.99,6,26.63157895,1.842105263,8.242895172,0.4031945055,0.01891265683,No,No,Normal,Safe,Stable
2024-06-25 18:00:00,June,262.82,92.85,1,27.45,7.72,7.88,3.71,6,6,0,5,29.1,33.9,24.1,3.99,6,26.68421053,1.578947368,8.2291692,0.4055156856,0.0198433456,Yes,Yes,Normal,Safe,Stable
2024-06-25 19:00:00,June,262.82,92.85,1,27.45,7.72,7.88,3.71,6,6,1,4,29.1,33.9,24.1,3.99,6,26.73684211,1.315789474,8.215443229,0.4078368657,0.02077403436,No,No,Normal,Safe,Stable
2024-06-25 20:00:00,June,262.82,92.85,1,27.45,7.72,7.88,3.71,6,6,0,5,29.1,33.9,24.1,3.99,6,26.78947368,1.052631579,8.201717257,0.4101580459,0.02170472312,Yes,No,Normal,Safe,Stable
2024-06-25 21:00:00,June,262.82,92.85,1,27.45,7.72,7.88,3.71,6,6,0,5,29.1,33.9,24.1,3.99,6,26.84210526,0.7894736842,8.187991286,0.412479226,0.02263541189,No,No,Normal,Safe,Stable
2024-06-25 22:00:00,June,262.82,92.85,1,27.45,7.72,7.88,3.71,6,6,1,2,29.1,33.9,24.1,3.99,6,26.89473684,0.5263157895,8.174265315,0.4148004062,0.02356610065,Yes,No,Normal,Safe,Stable
2024-06-25 23:00:00,June,262.82,92.85,1,27.45,7.72,7.88,3.71,6,6,0,5,29.1,33.9,24.1,3.99,6,26.94736842,0.2631578947,8.160539343,0.4171215863,0.02449678942,No,No,Normal,Safe,Stable
2024-06-26 00:00:00,June,262.82,92.85,1,27.45,7.72,7.88,3.71,6,6,0,4,29.1,33.9,24.1,3.99,6,27,0,8.146813372,0.4194427665,0.02542747818,Yes,Yes,Normal,Safe,Stable
2024-06-26 01:00:00,June,262.82,92.85,1,27.45,7.72,7.88,3.71,6,6,0,4,29.1,33.9,24.1,3.99,6,27,1,8.436644699,0.3384269795,0.1166128247,No,No,Normal,Safe,Stable
2024-06-26 02:00:00,June,262.82,92.85,1,27.45,7.72,7.88,3.71,6,6,1,5,29.1,33.9,24.1,3.99,6,27,2,8.148359013,0.3414059341,0.4415164885,Yes,No,Normal,Safe,Stable
2024-06-26 03:00:00,June,262.82,92.85,1,27.45,7.72,7.88,3.71,6,6,0,2,29.1,33.9,24.1,3.99,6,27,3,7.96197812,0.2828620361,0.8168977539,No,No,Normal,Safe,Stable
2024-06-26 04:00:00,June,262.82,92.85,1,27.45,7.72,7.88,3.71,6,6,0,5,29.1,33.9,24.1,3.99,6,27,4,7.976804643,0.2727572677,0.9051120043,Yes,No,Normal,Safe,Stable
2024-06-26 05:00:00,June,262.82,92.85,1,27.45,7.72,7.88,3.71,6,6,0,4,29.1,33.9,24.1,3.99,6,27,5,8.286809743,0.3724063747,-0.0220434584,No,No,Normal,Safe,Stable
2024-06-26 06:00:00,June,262.82,92.85,1,27.45,7.72,7.88,3.71,6,6,0,5,29.1,33.9,24.1,3.99,6,27.05263158,4.736842105,8.286581405,0.3737053562,-0.0201665336,Yes,Yes,Normal,Safe,Stable
2024-06-26 07:00:00,June,262.82,92.85,1,27.45,7.72,7.88,3.71,6,6,1,4,29.1,33.9,24.1,3.99,6,27.10526316,4.473684211,8.286353068,0.3750043377,-0.0182896088,No,No,Normal,Safe,Stable
2024-06-26 08:00:00,June,262.82,92.85,1,27.45,7.72,7.88,3.71,6,6,0,5,29.1,33.9,24.1,3.99,6,27.15789474,4.210526316,8.286124731,0.3763033192,-0.016412684,Yes,No,Normal,Safe,Stable
2024-06-26 09:00:00,June,262.82,92.85,1,27.45,7.72,7.88,3.71,6,6,0,5,29.1,33.9,24.1,3.99,6,27.21052632,3.947368421,8.285896393,0.3776023007,-0.0145357592,No,No,Normal,Safe,Stable
2024-06-26 10:00:00,June,262.82,92.85,1,27.45,7.72,7.88,3.71,6,6,0,6,29.1,33.9,24.1,3.99,6,27.26315789,3.684210526,8.285668056,0.3789012822,-0.0126588344,Yes,No,Normal,Safe,Stable
2024-06-26 11:00:00,June,262.82,92.85,1,27.45,7.72,7.88,3.71,6,6,0,4,29.1,33.9,24.1,3.99,6,27.31578947,3.421052632,8.285439719,0.3802002637,-0.0107819096,No,No,Normal,Safe,Stable
2024-06-26 12:00:00,June,262.82,92.85,1,27.45,7.72,7.88,3.71,6,6,1,4,29.1,33.9,24.1,3.99,6,27.36842105,3.157894737,8.285211381,0.3814992452,-0.0089049848,Yes,Yes,Normal,Safe,Stable
2024-06-26 13:00:00,June,262.82,92.85,1,27.45,7.72,7.88,3.71,6,6,0,1,29.1,33.9,24.1,3.99,6,27.42105263,2.894736842,8.284983044,0.3827982267,-0.00702806,No,No,Normal,Safe,Stable
2024-06-26 14:00:00,June,262.82,92.85,1,27.45,7.72,7.88,3.71,6,6,0,4,29.1,33.9,24.1,3.99,6,27.47368421,2.631578947,8.284754707,0.3840972082,-0.0051511352,Yes,No,Normal,Safe,Stable
2024-06-26 15:00:00,June,262.82,92.85,1,27.45,7.72,7.88,3.71,6,6,0,5,29.1,33.9,24.1,3.99,6,27.52631579,2.368421053,8.28452637,0.3853961897,-0.003274210401,No,No,Normal,Safe,Stable
2024-06-26 16:00:00,June,262.82,92.85,1,27.45,7.72,7.88,3.71,6,6,0,6,29.1,33.9,24.1,3.99,6,27.57894737,2.105263158,8.284298032,0.3866951712,-0.001397285601,Yes,No,Normal,Safe,Stable
2024-06-26 17:00:00,June,262.82,92.85,1,27.45,7.72,7.88,3.71,6,6,0,5,29.1,33.9,24.1,3.99,6,27.63157895,1.842105263,8.284069695,0.3879941527,0.0004796391987,No,No,Normal,Safe,Stable
2024-06-26 18:00:00,June,262.82,92.85,1,27.45,7.72,7.88,3.71,6,6,0,1,29.1,33.9,24.1,3.99,6,27.68421053,1.578947368,8.283841358,0.3892931342,0.002356563998,Yes,Yes,Normal,Safe,Stable
2024-06-26 19:00:00,June,262.82,92.85,1,27.45,7.72,7.88,3.71,6,6,1,5,29.1,33.9,24.1,3.99,6,27.73684211,1.315789474,8.28361302,0.3905921157,0.004233488798,No,No,Normal,Safe,Stable
2024-06-26 20:00:00,June,262.82,92.85,1,27.45,7.72,7.88,3.71,6,6,1,2,29.1,33.9,24.1,3.99,6,27.78947368,1.052631579,8.283384683,0.3918910972,0.006110413598,Yes,No,Normal,Safe,Stable
2024-06-26 21:00:00,June,262.82,92.85,1,27.45,7.72,7.88,3.71,6,6,0,5,29.1,33.9,24.1,3.99,6,27.84210526,0.7894736842,8.283156346,0.3931900787,0.007987338397,No,No,Normal,Safe,Stable
2024-06-26 22:00:00,June,262.82,92.85,1,27.45,7.72,7.88,3.71,6,6,0,2,29.1,33.9,24.1,3.99,6,27.89473684,0.5263157895,8.282928008,0.3944890602,0.009864263197,Yes,No,Normal,Safe,Stable
2024-06-26 23:00:00,June,262.82,92.85,1,27.45,7.72,7.88,3.71,6,6,0,2,29.1,33.9,24.1,3.99,6,27.94736842,0.2631578947,8.282699671,0.3957880417,0.011741188,No,No,Normal,Safe,Stable
2024-06-27 00:00:00,June,262.82,92.85,1,27.45,7.72,7.88,3.71,6,6,0,5,29.1,33.9,24.1,3.99,6,28,0,8.282471334,0.3970870232,0.0136181128,Yes,Yes,Normal,Safe,Stable
2024-06-27 01:00:00,June,262.82,92.85,1,27.45,7.72,7.88,3.71,6,6,0,4,29.1,33.9,24.1,3.99,6,28,1,8.382757455,0.3471167265,0.1217438627,No,No,Normal,Safe,Stable
2024-06-27 02:00:00,June,262.82,92.85,1,27.45,7.72,7.88,3.71,6,6,1,1,29.1,33.9,24.1,3.99,6,28,2,8.287876029,0.9910017658,-0.0000548916853,Yes,No,Normal,Safe,Stable
2024-06-27 03:00:00,June,262.82,92.85,1,27.45,7.72,7.88,3.71,6,6,0,5,29.1,33.9,24.1,3.99,6,28,3,8.33827172,0.3090479528,0.8955312494,No,No,Normal,Safe,Stable
2024-06-27 04:00:00,June,262.82,92.85,1,27.45,7.72,7.88,3.71,6,6,0,2,29.1,33.9,24.1,3.99,6,28,4,8.317710852,0.2961615306,0.9691813211,Yes,No,Normal,Safe,Stable
2024-06-27 05:00:00,June,262.82,92.85,1,27.45,7.72,7.88,3.71,6,6,0,4,29.1,33.9,24.1,3.99,6,28,5,8.307432045,0.3606613075,0.01411036309,No,No,Normal,Safe,Stable
2024-06-27 06:00:00,June,262.82,92.85,1,27.45,7.72,7.88,3.71,6,6,0,5,29.1,33.9,24.1,3.99,6,28,5,8.307432045,0.3606613075,0.01411036309,Yes,Yes,Normal,Safe,Stable
2024-06-27 07:00:00,June,262.82,92.85,1,27.45,7.72,7.88,3.71,6,6,0,2,29.1,33.9,24.1,3.99,6,28,5,8.307432045,0.3606613075,0.01411036309,No,No,Normal,Safe,Stable
2024-06-27 08:00:00,June,262.82,92.85,1,27.45,7.72,7.88,3.71,6,6,1,4,29.1,33.9,24.1,3.99,6,28,5,8.307432045,0.3606613075,0.01411036309,Yes,No,Normal,Safe,Stable
2024-06-27 09:00:00,June,262.82,92.85,1,27.45,7.72,7.88,3.71,6,6,1,5,29.1,33.9,24.1,3.99,6,28,5,8.307432045,0.3606613075,0.01411036309,No,No,Normal,Safe,Stable
2024-06-27 10:00:00,June,262.82,92.85,1,27.45,7.72,7.88,3.71,6,6,0,5,29.1,33.9,24.1,3.99,6,28,5,8.307432045,0.3606613075,0.01411036309,Yes,No,Normal,Safe,Stable
2024-06-27 11:00:00,June,262.82,92.85,1,27.45,7.72,7.88,3.71,6,6,1,2,29.1,33.9,24.1,3.99,6,28,5,8.307432045,0.3606613075,0.01411036309,No,No,Normal,Safe,Stable
2024-06-27 12:00:00,June,262.82,92.85,1,27.45,7.72,7.88,3.71,6,6,0,4,29.1,33.9,24.1,3.99,6,28,5,8.307432045,0.3606613075,0.01411036309,Yes,Yes,Normal,Safe,Stable
2024-06-27 13:00:00,June,262.82,92.85,1,27.45,7.72,7.88,3.71,6,6,0,2,29.1,33.9,24.1,3.99,6,28,5,8.307432045,0.3606613075,0.01411036309,No,No,Normal,Safe,Stable
2024-06-27 14:00:00,June,262.82,92.85,1,27.45,7.72,7.88,3.71,6,6,0,5,29.1,33.9,24.1,3.99,6,28,5,8.307432045,0.3606613075,0.01411036309,Yes,No,Normal,Safe,Stable
2024-06-27 15:00:00,June,262.82,92.85,1,27.45,7.72,7.88,3.71,6,6,0,2,29.1,33.9,24.1,3.99,6,28,5,8.307432045,0.3606613075,0.01411036309,No,No,Normal,Safe,Stable
2024-06-27 16:00:00,June,262.82,92.85,1,27.45,7.72,7.88,3.71,6,6,0,4,29.1,33.9,24.1,3.99,6,28,5,8.307432045,0.3606613075,0.01411036309,Yes,No,Normal,Safe,Stable
2024-06-27 17:00:00,June,262.82,92.85,1,27.45,7.72,7.88,3.71,6,6,0,5,29.1,33.9,24.1,3.99,6,28,5,8.307432045,0.3606613075,0.01411036309,No,No,Normal,Safe,Stable
2024-06-27 18:00:00,June,262.82,92.85,1,27.45,7.72,7.88,3.71,6,6,0,6,29.1,33.9,24.1,3.99,6,28,5,8.307432045,0.3606613075,0.01411036309,Yes,Yes,Normal,Safe,Stable
2024-06-27 19:00:00,June,262.82,92.85,1,27.45,7.72,7.88,3.71,6,6,1,6,29.1,33.9,24.1,3.99,6,28,5,8.307432045,0.3606613075,0.01411036309,No,No,Normal,Safe,Stable
2024-06-27 20:00:00,June,262.82,92.85,1,27.45,7.72,7.88,3.71,6,6,0,4,29.1,33.9,24.1,3.99,6,28,5,8.307432045,0.3606613075,0.01411036309,Yes,No,Normal,Safe,Stable
2024-06-27 21:00:00,June,262.82,92.85,1,27.45,7.72,7.88,3.71,6,6,0,2,29.1,33.9,24.1,3.99,6,28,5,8.307432045,0.3606613075,0.01411036309,No,No,Normal,Safe,Stable
2024-06-27 22:00:00,June,262.82,92.85,1,27.45,7.72,7.88,3.71,6,6,0,4,29.1,33.9,24.1,3.99,6,28,5,8.307432045,0.3606613075,0.01411036309,Yes,No,Normal,Safe,Stable
2024-06-27 23:00:00,June,262.82,92.85,1,27.45,7.72,7.88,3.71,6,6,0,5,29.1,33.9,24.1,3.99,6,28,5,8.307432045,0.3606613075,0.01411036309,No,No,Normal,Safe,Stable
2024-06-28 00:00:00,June,262.82,92.85,1,27.45,7.72,7.88,3.71,6,6,0,6,29.1,33.9,24.1,3.99,6,28,5,8.307432045,0.3606613075,0.01411036309,Yes,Yes,Normal,Safe,Stable
2024-06-28 01:00:00,June,262.82,92.85,1,27.45,7.72,7.88,3.71,6,6,0,5,29.1,33.9,24.1,3.99,6,28,5,8.307432045,0.3606613075,0.01411036309,No,No,Normal,Safe,Stable
2024-06-28 02:00:00,June,262.82,92.85,1,27.45,7.72,7.88,3.71,6,6,0,6,29.1,33.9,24.1,3.99,6,28,5,8.307432045,0.3606613075,0.01411036309,Yes,No,Normal,Safe,Stable
2024-06-28 03:00:00,June,262.82,92.85,1,27.45,7.72,7.88,3.71,6,6,0,5,29.1,33.9,24.1,3.99,6,28,5,8.307432045,0.3606613075,0.01411036309,No,No,Normal,Safe,Stable
2024-06-28 04:00:00,June,262.82,92.85,1,27.45,7.72,7.88,3.71,6,6,0,5,29.1,33.9,24.1,3.99,6,28,5,8.307432045,0.3606613075,0.01411036309,Yes,No,Normal,Safe,Stable
2024-06-28 05:00:00,June,262.82,92.85,1,27.45,7.72,7.88,3.71,6,6,0,4,29.1,33.9,24.1,3.99,6,28,5,8.307432045,0.3606613075,0.01411036309,No,No,Normal,Safe,Stable
2024-06-28 06:00:00,June,262.82,92.85,1,27.45,7.72,7.88,3.71,6,6,1,5,29.1,33.9,24.1,3.99,6,28,5,8.307432045,0.3606613075,0.01411036309,Yes,Yes,Normal,Safe,Stable
2024-06-28 07:00:00,June,262.82,92.85,1,27.45,7.72,7.88,3.71,6,6,0,6,29.1,33.9,24.1,3.99,6,28,5,8.307432045,0.3606613075,0.01411036309,No,No,Normal,Safe,Stable
2024-06-28 08:00:00,June,262.82,92.85,1,27.45,7.72,7.88,3.71,6,6,0,5,29.1,33.9,24.1,3.99,6,28,5,8.307432045,0.3606613075,0.01411036309,Yes,No,Normal,Safe,Stable
2024-06-28 09:00:00,June,262.82,92.85,1,27.45,7.72,7.88,3.71,6,6,0,4,29.1,33.9,24.1,3.99,6,28,5,8.307432045,0.3606613075,0.01411036309,No,No,Normal,Safe,Stable
2024-06-28 10:00:00,June,262.82,92.85,1,27.45,7.72,7.88,3.71,6,6,0,5,29.1,33.9,24.1,3.99,6,28,5,8.307432045,0.3606613075,0.01411036309,Yes,No,Normal,Safe,Stable
2024-06-28 11:00:00,June,262.82,92.85,1,27.45,7.72,7.88,3.71,6,6,1,6,29.1,33.9,24.1,3.99,6,28,5,8.307432045,0.3606613075,0.01411036309,No,No,Normal,Safe,Stable
2024-06-28 12:00:00,June,262.82,92.85,1,27.45,7.72,7.88,3.71,6,6,1,2,29.1,33.9,24.1,3.99,6,28,5,8.307432045,0.3606613075,0.01411036309,Yes,Yes,Normal,Safe,Stable
2024-06-28 13:00:00,June,262.82,92.85,1,27.45,7.72,7.88,3.71,6,6,0,5,29.1,33.9,24.1,3.99,6,28,5,8.307432045,0.3606613075,0.01411036309,No,No,Normal,Safe,Stable
2024-06-28 14:00:00,June,262.82,92.85,1,27.45,7.72,7.88,3.71,6,6,1,1,29.1,33.9,24.1,3.99,6,28,5,8.307432045,0.3606613075,0.01411036309,Yes,No,Normal,Safe,Stable
2024-06-28 15:00:00,June,262.82,92.85,1,27.45,7.72,7.88,3.71,6,6,1,4,29.1,33.9,24.1,3.99,6,28,5,8.307432045,0.3606613075,0.01411036309,No,No,Normal,Safe,Stable
2024-06-28 16:00:00,June,262.82,92.85,1,27.45,7.72,7.88,3.71,6,6,1,1,29.1,33.9,24.1,3.99,6,28,5,8.307432045,0.3606613075,0.01411036309,Yes,No,Normal,Safe,Stable
2024-06-28 17:00:00,June,262.82,92.85,1,27.45,7.72,7.88,3.71,6,6,0,5,29.1,33.9,24.1,3.99,6,28,5,8.307432045,0.3606613075,0.01411036309,No,No,Normal,Safe,Stable
2024-06-28 18:00:00,June,262.82,92.85,1,27.45,7.72,7.88,3.71,6,6,1,5,29.1,33.9,24.1,3.99,6,28,5,8.307432045,0.3606613075,0.01411036309,Yes,Yes,Normal,Safe,Stable
2024-06-28 19:00:00,June,262.82,92.85,1,27.45,7.72,7.88,3.71,6,6,0,2,29.1,33.9,24.1,3.99,6,28,5,8.307432045,0.3606613075,0.01411036309,No,No,Normal,Safe,Stable
2024-06-28 20:00:00,June,262.82,92.85,1,27.45,7.72,7.88,3.71,6,6,1,5,29.1,33.9,24.1,3.99,6,28,5,8.307432045,0.3606613075,0.01411036309,Yes,No,Normal,Safe,Stable
2024-06-28 21:00:00,June,262.82,92.85,1,27.45,7.72,7.88,3.71,6,6,0,5,29.1,33.9,24.1,3.99,6,28,5,8.307432045,0.3606613075,0.01411036309,No,No,Normal,Safe,Stable
2024-06-28 22:00:00,June,262.82,92.85,1,27.45,7.72,7.88,3.71,6,6,1,2,29.1,33.9,24.1,3.99,6,28,5,8.307432045,0.3606613075,0.01411036309,Yes,No,Normal,Safe,Stable
2024-06-28 23:00:00,June,262.82,92.85,1,27.45,7.72,7.88,3.71,6,6,0,5,29.1,33.9,24.1,3.99,6,28,5,8.307432045,0.3606613075,0.01411036309,No,No,Normal,Safe,Stable
2024-06-29 00:00:00,June,262.82,92.85,1,27.45,7.72,7.88,3.71,6,6,0,4,29.1,33.9,24.1,3.99,6,28,5,8.307432045,0.3606613075,0.01411036309,Yes,Yes,Normal,Safe,Stable
2024-06-29 01:00:00,June,262.82,92.85,1,27.45,7.72,7.88,3.71,6,6,0,5,29.1,33.9,24.1,3.99,6,28,5,8.307432045,0.3606613075,0.01411036309,No,No,Normal,Safe,Stable
2024-06-29 02:00:00,June,262.82,92.85,1,27.45,7.72,7.88,3.71,6,6,0,4,29.1,33.9,24.1,3.99,6,28,5,8.307432045,0.3606613075,0.01411036309,Yes,No,Normal,Safe,Stable
2024-06-29 03:00:00,June,262.82,92.85,1,27.45,7.72,7.88,3.71,6,6,0,5,29.1,33.9,24.1,3.99,6,28,5,8.307432045,0.3606613075,0.01411036309,No,No,Normal,Safe,Stable
2024-06-29 04:00:00,June,262.82,92.85,1,27.45,7.72,7.88,3.71,6,6,0,6,29.1,33.9,24.1,3.99,6,28,5,8.307432045,0.3606613075,0.01411036309,Yes,No,Normal,Safe,Stable
2024-06-29 05:00:00,June,262.82,92.85,1,27.45,7.72,7.88,3.71,6,6,0,5,29.1,33.9,24.1,3.99,6,28,5,8.307432045,0.3606613075,0.01411036309,No,No,Normal,Safe,Stable
2024-06-29 06:00:00,June,262.82,92.85,1,27.45,7.72,7.88,3.71,6,6,0,4,29.1,33.9,24.1,3.99,6,28,5,8.307432045,0.3606613075,0.01411036309,Yes,Yes,Normal,Safe,Stable
2024-06-29 07:00:00,June,262.82,92.85,1,27.45,7.72,7.88,3.71,6,6,0,4,29.1,33.9,24.1,3.99,6,28,5,8.307432045,0.3606613075,0.01411036309,No,No,Normal,Safe,Stable
2024-06-29 08:00:00,June,262.82,92.85,1,27.45,7.72,7.88,3.71,6,6,0,5,29.1,33.9,24.1,3.99,6,28,5,8.307432045,0.3606613075,0.01411036309,Yes,No,Normal,Safe,Stable
2024-06-29 09:00:00,June,262.82,92.85,1,27.45,7.72,7.88,3.71,6,6,0,4,29.1,33.9,24.1,3.99,6,28,5,8.307432045,0.3606613075,0.01411036309,No,No,Normal,Safe,Stable
2024-06-29 10:00:00,June,262.82,92.85,1,27.45,7.72,7.88,3.71,6,6,0,5,29.1,33.9,24.1,3.99,6,28,5,8.307432045,0.3606613075,0.01411036309,Yes,No,Normal,Safe,Stable
2024-06-29 11:00:00,June,262.82,92.85,1,27.45,7.72,7.88,3.71,6,6,0,4,29.1,33.9,24.1,3.99,6,28,5,8.307432045,0.3606613075,0.01411036309,No,No,Normal,Safe,Stable
2024-06-29 12:00:00,June,262.82,92.85,1,27.45,7.72,7.88,3.71,6,6,0,4,29.1,33.9,24.1,3.99,6,28,5,8.307432045,0.3606613075,0.01411036309,Yes,Yes,Normal,Safe,Stable
2024-06-29 13:00:00,June,262.82,92.85,1,27.45,7.72,7.88,3.71,6,6,0,4,29.1,33.9,24.1,3.99,6,28,5,8.307432045,0.3606613075,0.01411036309,No,No,Normal,Safe,Stable
2024-06-29 14:00:00,June,262.82,92.85,1,27.45,7.72,7.88,3.71,6,6,0,5,29.1,33.9,24.1,3.99,6,28,5,8.307432045,0.3606613075,0.01411036309,Yes,No,Normal,Safe,Stable
2024-06-29 15:00:00,June,262.82,92.85,1,27.45,7.72,7.88,3.71,6,6,0,4,29.1,33.9,24.1,3.99,6,28,5,8.307432045,0.3606613075,0.01411036309,No,No,Normal,Safe,Stable
2024-06-29 16:00:00,June,262.82,92.85,1,27.45,7.72,7.88,3.71,6,6,0,5,29.1,33.9,24.1,3.99,6,28,5,8.307432045,0.3606613075,0.01411036309,Yes,No,Normal,Safe,Stable
2024-06-29 17:00:00,June,262.82,92.85,1,27.45,7.72,7.88,3.71,6,6,0,5,29.1,33.9,24.1,3.99,6,28,5,8.307432045,0.3606613075,0.01411036309,No,No,Normal,Safe,Stable
2024-06-29 18:00:00,June,262.82,92.85,1,27.45,7.72,7.88,3.71,6,6,0,5,29.1,33.9,24.1,3.99,6,28,5,8.307432045,0.3606613075,0.01411036309,Yes,Yes,Normal,Safe,Stable
2024-06-29 19:00:00,June,262.82,92.85,1,27.45,7.72,7.88,3.71,6,6,0,4,29.1,33.9,24.1,3.99,6,28,5,8.307432045,0.3606613075,0.01411036309,No,No,Normal,Safe,Stable
2024-06-29 20:00:00,June,262.82,92.85,1,27.45,7.72,7.88,3.71,6,6,0,6,29.1,33.9,24.1,3.99,6,28,5,8.307432045,0.3606613075,0.01411036309,Yes,No,Normal,Safe,Stable
2024-06-29 21:00:00,June,262.82,92.85,1,27.45,7.72,7.88,3.71,6,6,0,4,29.1,33.9,24.1,3.99,6,28,5,8.307432045,0.3606613075,0.01411036309,No,No,Normal,Safe,Stable
2024-06-29 22:00:00,June,262.82,92.85,1,27.45,7.72,7.88,3.71,6,6,1,2,29.1,33.9,24.1,3.99,6,28,5,8.307432045,0.3606613075,0.01411036309,Yes,No,Normal,Safe,Stable
2024-06-29 23:00:00,June,262.82,92.85,1,27.45,7.72,7.88,3.71,6,6,0,4,29.1,33.9,24.1,3.99,6,28,5,8.307432045,0.3606613075,0.01411036309,No,No,Normal,Safe,Stable
2024-06-30 00:00:00,July,262.82,92.85,1,27.45,7.72,7.88,3.71,6,6,0,4,29.1,33.9,24.1,3.99,6,28,5,8.307432045,0.3606613075,0.01411036309,Yes,No,Normal,Safe,Stable
2024-06-30 01:00:00,July,262.82,92.85,1,27.45,7.72,7.88,3.71,6,6,0,4,29.1,33.9,24.1,3.99,6,28,5,8.307432045,0.3606613075,0.01411036309,No,No,Normal,Safe,Stable
2024-06-30 02:00:00,July,262.82,92.85,1,27.45,7.72,7.88,3.71,6,6,0,6,29.1,33.9,24.1,3.99,6,28,5,8.307432045,0.3606613075,0.01411036309,Yes,No,Normal,Safe,Stable
2024-06-30 03:00:00,July,262.82,92.85,1,27.45,7.72,7.88,3.71,6,6,0,5,29.1,33.9,24.1,3.99,6,28,5,8.307432045,0.3606613075,0.01411036309,No,No,Normal,Safe,Stable
2024-06-30 04:00:00,July,262.82,92.85,1,27.45,7.72,7.88,3.71,6,6,1,4,29.1,33.9,24.1,3.99,6,28,5,8.307432045,0.3606613075,0.01411036309,Yes,No,Normal,Safe,Stable
2024-06-30 05:00:00,July,262.82,92.85,1,27.45,7.72,7.88,3.71,6,6,0,2,29.1,33.9,24.1,3.99,6,28,5,8.307432045,0.3606613075,0.01411036309,No,No,Normal,Safe,Stable
2024-06-30 06:00:00,July,262.82,92.85,1,27.45,7.72,7.88,3.71,6,6,0,1,29.1,33.9,24.1,3.99,6,28,5,8.307432045,0.3606613075,0.01411036309,Yes,No,Normal,Safe,Stable
2024-06-30 07:00:00,July,262.82,92.85,1,27.45,7.72,7.88,3.71,6,6,0,5,29.1,33.9,24.1,3.99,6,28,5,8.307432045,0.3606613075,0.01411036309,No,No,Normal,Safe,Stable
2024-06-30 08:00:00,July,262.82,92.85,1,27.45,7.72,7.88,3.71,6,6,1,2,29.1,33.9,24.1,3.99,6,28,5,8.307432045,0.3606613075,0.01411036309,Yes,No,Normal,Safe,Stable
2024-06-30 09:00:00,July,262.82,92.85,1,27.45,7.72,7.88,3.71,6,6,0,4,29.1,33.9,24.1,3.99,6,28,5,8.307432045,0.3606613075,0.01411036309,No,No,Normal,Safe,Stable
2024-06-30 10:00:00,July,262.82,92.85,1,27.45,7.72,7.88,3.71,6,6,0,1,29.1,33.9,24.1,3.99,6,28,5,8.307432045,0.3606613075,0.01411036309,Yes,No,Normal,Safe,Stable
2024-06-30 11:00:00,July,262.82,92.85,1,27.45,7.72,7.88,3.71,6,6,0,1,29.1,33.9,24.1,3.99,6,28,5,8.307432045,0.3606613075,0.01411036309,No,No,Normal,Safe,Stable
2024-06-30 12:00:00,July,262.82,92.85,1,27.45,7.72,7.88,3.71,6,6,0,5,29.1,33.9,24.1,3.99,6,28,5,8.307432045,0.3606613075,0.01411036309,Yes,No,Normal,Safe,Stable
2024-06-30 13:00:00,July,262.82,92.85,1,27.45,7.72,7.88,3.71,6,6,0,4,29.1,33.9,24.1,3.99,6,28,5,8.307432045,0.3606613075,0.01411036309,No,No,Normal,Safe,Stable
2024-06-30 14:00:00,July,262.82,92.85,1,27.45,7.72,7.88,3.71,6,6,0,2,29.1,33.9,24.1,3.99,6,28,5,8.307432045,0.3606613075,0.01411036309,Yes,No,Normal,Safe,Stable
2024-06-30 15:00:00,July,262.82,92.85,1,27.45,7.72,7.88,3.71,6,6,0,6,29.1,33.9,24.1,3.99,6,28,5,8.307432045,0.3606613075,0.01411036309,No,No,Normal,Safe,Stable
2024-06-30 16:00:00,July,262.82,92.85,1,27.45,7.72,7.88,3.71,6,6,0,5,29.1,33.9,24.1,3.99,6,28,5,8.307432045,0.3606613075,0.01411036309,Yes,No,Normal,Safe,Stable
2024-06-30 17:00:00,July,262.82,92.85,1,27.45,7.72,7.88,3.71,6,6,0,5,29.1,33.9,24.1,3.99,6,28,5,8.307432045,0.3606613075,0.01411036309,No,No,Normal,Safe,Stable
2024-06-30 18:00:00,July,262.82,92.85,1,27.45,7.72,7.88,3.71,6,6,0,4,29.1,33.9,24.1,3.99,6,28,5,8.307432045,0.3606613075,0.01411036309,Yes,No,Normal,Safe,Stable
2024-06-30 19:00:00,July,262.82,92.85,1,27.45,7.72,7.88,3.71,6,6,0,4,29.1,33.9,24.1,3.99,6,28,5,8.307432045,0.3606613075,0.01411036309,No,No,Normal,Safe,Stable
2024-06-30 20:00:00,July,262.82,92.85,1,27.45,7.72,7.88,3.71,6,6,0,2,29.1,33.9,24.1,3.99,6,28,5,8.307432045,0.3606613075,0.01411036309,Yes,No,Normal,Safe,Stable
2024-06-30 21:00:00,July,262.82,92.85,1,27.45,7.72,7.88,3.71,6,6,0,4,29.1,33.9,24.1,3.99,6,28,5,8.307432045,0.3606613075,0.01411036309,No,No,Normal,Safe,Stable
2024-06-30 22:00:00,July,262.82,92.85,1,27.45,7.72,7.88,3.71,6,6,0,4,29.1,33.9,24.1,3.99,6,28,5,8.307432045,0.3606613075,0.01411036309,Yes,No,Normal,Safe,Stable
2024-06-30 23:00:00,July,262.82,92.85,1,27.45,7.72,7.88,3.71,6,6,0,4,29.1,33.9,24.1,3.99,6,28,5,8.307432045,0.3606613075,0.01411036309,No,No,Normal,Safe,Stable
2024-07-01 00:00:00,July,262.82,92.85,1,27.45,7.72,7.88,3.71,6,6,0,0,29.1,33.9,24.1,3.99,6,28,5,8.307432045,0.3606613075,0.01411036309,Yes,No,Normal,Safe,Stable
2024-07-01 01:00:00,July,262.82,92.85,1,27.45,7.72,7.88,3.71,6,6,0,0,29.1,33.9,24.1,3.99,6,28,5,8.307432045,0.3606613075,0.01411036309,No,No,Normal,Safe,Stable
2024-07-01 02:00:00,July,262.82,92.85,1,27.45,7.72,7.88,3.71,6,6,0,0,29.1,33.9,24.1,3.99,6,28,5,8.307432045,0.3606613075,0.01411036309,Yes,No,Normal,Safe,Stable
2024-07-01 03:00:00,July,262.82,92.85,1,27.45,7.72,7.88,3.71,6,6,0,0,29.1,33.9,24.1,3.99,6,28,5,8.307432045,0.3606613075,0.01411036309,No,No,Normal,Safe,Stable
2024-07-01 04:00:00,July,262.82,92.85,1,27.45,7.72,7.88,3.71,6,6,1,0,29.1,33.9,24.1,3.99,6,28,5,8.307432045,0.3606613075,0.01411036309,Yes,No,Normal,Safe,Stable
2024-07-01 05:00:00,July,262.82,92.85,1,27.45,7.72,7.88,3.71,6,6,0,0,29.1,33.9,24.1,3.99,6,28,5,8.307432045,0.3606613075,0.01411036309,No,No,Normal,Safe,Stable
2024-07-01 06:00:00,July,262.82,92.85,1,27.45,7.72,7.88,3.71,6,6,0,1,29.1,33.9,24.1,3.99,6,28,5,8.307432045,0.3606613075,0.01411036309,Yes,No,Normal,Safe,Stable
2024-07-01 07:00:00,July,262.82,92.85,1,27.45,7.72,7.88,3.71,6,6,1,0,29.1,33.9,24.1,3.99,6,28,5,8.307432045,0.3606613075,0.01411036309,No,No,Normal,Safe,Stable
2024-07-01 08:00:00,July,262.82,92.85,1,27.45,7.72,7.88,3.71,6,6,0,0,29.1,33.9,24.1,3.99,6,28,5,8.307432045,0.3606613075,0.01411036309,Yes,No,Normal,Safe,Stable
2024-07-01 09:00:00,July,262.82,92.85,1,27.45,7.72,7.88,3.71,6,6,0,0,29.1,33.9,24.1,3.99,6,28,5,8.307432045,0.3606613075,0.01411036309,No,No,Normal,Safe,Stable
2024-07-01 10:00:00,July,262.82,92.85,1,27.45,7.72,7.88,3.71,6,6,1,0,29.1,33.9,24.1,3.99,6,28,5,8.307432045,0.3606613075,0.01411036309,Yes,No,Normal,Safe,Stable
2024-07-01 11:00:00,July,262.82,92.85,1,27.45,7.72,7.88,3.71,6,6,1,0,29.1,33.9,24.1,3.99,6,28,5,8.307432045,0.3606613075,0.01411036309,No,No,Normal,Safe,Stable
2024-07-01 12:00:00,July,262.82,92.85,1,27.45,7.72,7.88,3.71,6,6,0,0,29.1,33.9,24.1,3.99,6,28,5,8.307432045,0.3606613075,0.01411036309,Yes,No,Normal,Safe,Stable
2024-07-01 13:00:00,July,262.82,92.85,1,27.45,7.72,7.88,3.71,6,6,0,0,29.1,33.9,24.1,3.99,6,28,5,8.307432045,0.3606613075,0.01411036309,No,No,Normal,Safe,Stable
2024-07-01 14:00:00,July,262.82,92.85,1,27.45,7.72,7.88,3.71,6,6,0,0,29.1,33.9,24.1,3.99,6,28,5,8.307432045,0.3606613075,0.01411036309,Yes,No,Normal,Safe,Stable